date,year,month,kecamatan,kasus_dbd,kasus_dbd_lag1m,kasus_dbd_lag2m,kasus_dbd_lag3m,kasus_dbd_lag6m,kasus_dbd_roll4m,incidence_rate,populasi,suhu_avg_c,curah_hujan_mm,kelembaban_pct,gt_dbd_nasional,gt_weight,musim_hujan
2016-01-01,2016,1,ANDIR,13.2468,,,,,13.2468,13.434888438133877,98600,22.434516129032257,396.61,88.54548387096774,25.6,0.124969,1
2016-02-01,2016,2,ANDIR,17.7227,13.2468,,,,15.48475,17.974340770791077,98600,22.00206896551724,468.95,90.91551724137932,34.25,0.167196,1
2016-03-01,2016,3,ANDIR,13.4537,17.7227,13.2468,,,14.807733333333333,13.6447261663286,98600,22.740322580645163,477.1,90.77612903225807,26.0,0.126922,1
2016-04-01,2016,4,ANDIR,12.1601,13.4537,17.7227,13.2468,,14.145825,12.332758620689656,98600,22.466,489.21,91.35133333333333,23.5,0.114718,0
2016-05-01,2016,5,ANDIR,8.5897,12.1601,13.4537,17.7227,,12.98155,8.711663286004057,98600,22.4,251.60999999999999,90.83612903225807,16.6,0.081035,0
2016-06-01,2016,6,ANDIR,6.0801,8.5897,12.1601,13.4537,,10.070900000000002,6.1664300202839755,98600,21.715333333333334,176.73,88.34833333333333,11.75,0.057359,0
2016-07-01,2016,7,ANDIR,5.692,6.0801,8.5897,12.1601,13.2468,8.130475,5.772819472616633,98600,21.557419354838707,300.44,89.96677419354839,11.0,0.053698,0
2016-08-01,2016,8,ANDIR,5.8213,5.692,6.0801,8.5897,17.7227,6.545775,5.903955375253549,98600,21.18967741935484,190.43,88.61,11.25,0.054918,0
2016-09-01,2016,9,ANDIR,5.8213,5.8213,5.692,6.0801,13.4537,5.853675000000001,5.903955375253549,98600,21.71033333333333,438.58,89.848,11.25,0.054918,0
2016-10-01,2016,10,ANDIR,5.899,5.8213,5.8213,5.692,12.1601,5.8084,5.982758620689655,98600,21.464193548387097,440.99,91.19935483870967,11.4,0.05565,1
2016-11-01,2016,11,ANDIR,5.9507,5.899,5.8213,5.8213,8.5897,5.873075,6.035192697768763,98600,21.88,430.71999999999997,90.57866666666668,11.5,0.056139,1
2016-12-01,2016,12,ANDIR,5.5626,5.9507,5.899,5.8213,6.0801,5.8084,5.64158215010142,98600,21.13935483870968,188.26,90.15129032258065,10.75,0.052477,1
2017-01-01,2017,1,ANDIR,4.0422,5.5626,5.9507,5.899,5.692,5.363625000000001,4.0995943204868155,98600,21.030645161290323,295.58,90.34,11.6,0.122492,1
2017-02-01,2017,2,ANDIR,3.3976,4.0422,5.5626,5.9507,5.8213,4.738275000000001,3.445841784989858,98600,21.141428571428573,478.78000000000003,91.32892857142858,9.75,0.102957,1
2017-03-01,2017,3,ANDIR,3.2233,3.3976,4.0422,5.5626,5.8213,4.056425,3.2690669371196757,98600,21.510967741935485,336.51,89.8583870967742,9.25,0.097677,1
2017-04-01,2017,4,ANDIR,2.7181,3.2233,3.3976,4.0422,5.899,3.3453,2.756693711967546,98600,21.872666666666664,371.34,90.94333333333334,7.8,0.082365,0
2017-05-01,2017,5,ANDIR,2.4393,2.7181,3.2233,3.3976,5.9507,2.944575,2.47393509127789,98600,21.852903225806454,209.88,90.35548387096775,7.0,0.073918,0
2017-06-01,2017,6,ANDIR,1.9166,2.4393,2.7181,3.2233,5.5626,2.574325,1.943813387423935,98600,21.282666666666668,155.11,90.05266666666667,5.5,0.058078,0
2017-07-01,2017,7,ANDIR,2.0211,1.9166,2.4393,2.7181,4.0422,2.273775,2.0497971602434077,98600,20.681612903225805,89.05,89.09967741935485,5.8,0.061246,0
2017-08-01,2017,8,ANDIR,2.1779,2.0211,1.9166,2.4393,3.3976,2.138725,2.208823529411765,98600,20.58225806451613,29.75,86.16129032258064,6.25,0.065998,0
2017-09-01,2017,9,ANDIR,2.3522,2.1779,2.0211,1.9166,3.2233,2.11695,2.3855983772819473,98600,21.449666666666666,108.77000000000001,84.02466666666668,6.75,0.071278,0
2017-10-01,2017,10,ANDIR,2.9968,2.3522,2.1779,2.0211,2.7181,2.387,3.0393509127789047,98600,22.156451612903226,516.17,87.77129032258064,8.6,0.090813,1
2017-11-01,2017,11,ANDIR,3.1362,2.9968,2.3522,2.1779,2.4393,2.665775,3.1807302231237324,98600,21.842666666666666,451.08,89.273,9.0,0.095037,1
2017-12-01,2017,12,ANDIR,2.5787,3.1362,2.9968,2.3522,1.9166,2.7659749999999996,2.6153144016227183,98600,21.30516129032258,259.67,89.88935483870968,7.4,0.078141,1
2018-01-01,2018,1,ANDIR,5.3615,2.5787,3.1362,2.9968,2.0211,3.5183000000000004,5.43762677484787,98600,20.889032258064514,262.41,91.22258064516129,7.25,0.080022,1
2018-02-01,2018,2,ANDIR,5.1766,5.3615,2.5787,3.1362,2.1779,4.06325,5.250101419878296,98600,21.117142857142856,517.61,91.1925,7.0,0.077263,1
2018-03-01,2018,3,ANDIR,5.1766,5.1766,5.3615,2.5787,2.3522,4.57335,5.250101419878296,98600,21.65741935483871,387.92,89.85741935483871,7.0,0.077263,1
2018-04-01,2018,4,ANDIR,5.1766,5.1766,5.1766,5.3615,2.9968,5.222825,5.250101419878296,98600,21.947,262.95,89.76933333333334,7.0,0.077263,0
2018-05-01,2018,5,ANDIR,4.9917,5.1766,5.1766,5.1766,3.1362,5.130375,5.062576064908722,98600,21.772903225806452,120.22,88.87645161290322,6.75,0.074503,0
2018-06-01,2018,6,ANDIR,4.0673,4.9917,5.1766,5.1766,2.5787,4.85305,4.125050709939148,98600,21.314333333333334,91.12,88.38766666666668,5.5,0.060706,0
2018-07-01,2018,7,ANDIR,4.4371,4.0673,4.9917,5.1766,5.3615,4.668175,4.5001014198782965,98600,19.885161290322582,5.63,85.66225806451614,6.0,0.066225,0
2018-08-01,2018,8,ANDIR,4.8068,4.4371,4.0673,4.9917,5.1766,4.575725,4.875050709939148,98600,20.21161290322581,32.75,84.21451612903226,6.5,0.071744,0
2018-09-01,2018,9,ANDIR,5.1766,4.8068,4.4371,4.0673,5.1766,4.62195,5.250101419878296,98600,21.037,96.61,83.175,7.0,0.077263,0
2018-10-01,2018,10,ANDIR,6.101,5.1766,4.8068,4.4371,5.1766,5.130375,6.18762677484787,98600,22.358709677419355,189.07,82.22838709677418,8.25,0.09106,1
2018-11-01,2018,11,ANDIR,7.2103,6.101,5.1766,4.8068,4.9917,5.823675,7.312677484787018,98600,22.28033333333333,425.59000000000003,87.10799999999999,9.75,0.107616,1
2018-12-01,2018,12,ANDIR,9.3179,7.2103,6.101,5.1766,4.0673,6.9514499999999995,9.450202839756592,98600,21.870645161290323,411.58,90.10225806451614,12.6,0.139073,1
2019-01-01,2019,1,ANDIR,13.5673,9.3179,7.2103,6.101,4.4371,9.049125,13.75993914807302,98600,21.614516129032257,413.94,90.2341935483871,28.5,0.17394,1
2019-02-01,2019,2,ANDIR,16.4236,13.5673,9.3179,7.2103,4.8068,11.629775,16.656795131845843,98600,22.12642857142857,488.76,90.59357142857142,34.5,0.210558,1
2019-03-01,2019,3,ANDIR,9.1401,16.4236,13.5673,9.3179,5.1766,12.112225000000002,9.269878296146045,98600,21.675483870967742,289.9,89.77451612903226,19.2,0.11718,1
2019-04-01,2019,4,ANDIR,6.5456,9.1401,16.4236,13.5673,6.101,11.419150000000002,6.638539553752536,98600,22.535333333333334,455.36,90.312,13.75,0.083918,0
2019-05-01,2019,5,ANDIR,5.3555,6.5456,9.1401,16.4236,7.2103,9.366200000000001,5.431541582150102,98600,21.986451612903227,228.52,89.65741935483871,11.25,0.06866,0
2019-06-01,2019,6,ANDIR,4.094,5.3555,6.5456,9.1401,9.3179,6.2838,4.152129817444219,98600,20.71066666666667,44.2,86.69033333333333,8.6,0.052487,0
2019-07-01,2019,7,ANDIR,3.0943,4.094,5.3555,6.5456,13.5673,4.77235,3.1382352941176475,98600,20.04064516129032,28.17,86.75548387096775,6.5,0.03967,0
2019-08-01,2019,8,ANDIR,3.4513,3.0943,4.094,5.3555,16.4236,3.998775,3.500304259634888,98600,19.98225806451613,19.74,84.07290322580646,7.25,0.044248,0
2019-09-01,2019,9,ANDIR,3.2371,3.4513,3.0943,4.094,9.1401,3.4691750000000003,3.2830628803245436,98600,20.884333333333334,9.68,80.54033333333334,6.8,0.041501,0
2019-10-01,2019,10,ANDIR,3.6894,3.2371,3.4513,3.0943,6.5456,3.368025,3.741784989858012,98600,22.31451612903226,80.15,78.2658064516129,7.75,0.047299,1
2019-11-01,2019,11,ANDIR,4.1654,3.6894,3.2371,3.4513,5.3555,3.6357999999999997,4.224543610547667,98600,22.717333333333332,209.04,81.00466666666667,8.75,0.053403,1
2019-12-01,2019,12,ANDIR,5.2365,4.1654,3.6894,3.2371,4.094,4.0821,5.310851926977688,98600,22.92322580645161,493.07,85.07225806451612,11.0,0.067135,1
2020-01-01,2020,1,ANDIR,8.8611,5.2365,4.1654,3.6894,3.0943,5.488099999999999,8.986916835699796,98600,22.35483870967742,401.12,89.05290322580645,27.0,0.105489,1
2020-02-01,2020,2,ANDIR,8.7791,8.8611,5.2365,4.1654,3.4513,6.7605249999999995,8.903752535496956,98600,21.99103448275862,629.82,91.53275862068965,26.75,0.104513,1
2020-03-01,2020,3,ANDIR,12.0774,8.7791,8.8611,5.2365,3.2371,8.738525000000001,12.248884381338744,98600,22.194193548387098,613.86,91.3616129032258,36.8,0.143778,1
2020-04-01,2020,4,ANDIR,8.9432,12.0774,8.7791,8.8611,3.6894,9.665199999999999,9.070182555780933,98600,22.423,359.35,90.376,27.25,0.106466,0
2020-05-01,2020,5,ANDIR,7.614,8.9432,12.0774,8.7791,4.1654,9.353425,7.722109533468559,98600,22.330322580645163,486.90999999999997,91.91612903225807,23.2,0.090643,0
2020-06-01,2020,6,ANDIR,6.0715,7.614,8.9432,12.0774,5.2365,8.676525,6.157707910750507,98600,21.551,159.0,90.95,18.5,0.07228,0
2020-07-01,2020,7,ANDIR,3.8562,6.0715,7.614,8.9432,8.8611,6.621224999999999,3.9109533468559836,98600,20.79548387096774,102.75,89.11064516129032,11.75,0.045907,0
2020-08-01,2020,8,ANDIR,5.3167,3.8562,6.0715,7.614,8.7791,5.7146,5.392190669371197,98600,21.360967741935486,57.29,87.45516129032258,16.2,0.063294,0
2020-09-01,2020,9,ANDIR,4.9228,5.3167,3.8562,6.0715,12.0774,5.041799999999999,4.992697768762677,98600,21.523333333333333,195.74,86.688,15.0,0.058605,0
2020-10-01,2020,10,ANDIR,4.6767,4.9228,5.3167,3.8562,8.9432,4.693099999999999,4.743103448275862,98600,21.92290322580645,471.4,89.15064516129033,14.25,0.055675,1
2020-11-01,2020,11,ANDIR,7.5483,4.6767,4.9228,5.3167,7.614,5.616124999999999,7.655476673427992,98600,21.974333333333334,334.45,90.29199999999999,23.0,0.089861,1
2020-12-01,2020,12,ANDIR,5.3331,7.5483,4.6767,4.9228,6.0715,5.620225,5.408823529411765,98600,21.280645161290323,315.84000000000003,91.29451612903226,16.25,0.063489,1
2021-01-01,2021,1,ANDIR,8.5862,5.3331,7.5483,4.6767,3.8562,6.536074999999999,8.708113590263691,98600,21.016129032258064,342.89,91.80645161290323,14.6,0.069806,1
2021-02-01,2021,2,ANDIR,9.2625,8.5862,5.3331,7.5483,5.3167,7.682524999999999,9.394016227180527,98600,21.04357142857143,454.85,92.93928571428572,15.75,0.075305,1
2021-03-01,2021,3,ANDIR,11.7619,9.2625,8.5862,5.3331,4.9228,8.735924999999998,11.928904665314402,98600,21.4741935483871,611.72,89.84774193548388,20.0,0.095625,1
2021-04-01,2021,4,ANDIR,11.1738,11.7619,9.2625,8.5862,4.6767,10.1961,11.332454361054767,98600,21.441333333333333,210.6,90.00566666666667,19.0,0.090844,0
2021-05-01,2021,5,ANDIR,11.0562,11.1738,11.7619,9.2625,7.5483,10.813600000000001,11.2131845841785,98600,22.094838709677422,206.06,90.47516129032257,18.8,0.089888,0
2021-06-01,2021,6,ANDIR,12.644,11.0562,11.1738,11.7619,5.3331,11.658975,12.823529411764705,98600,21.572,260.94,89.66933333333333,21.5,0.102797,0
2021-07-01,2021,7,ANDIR,8.5274,12.644,11.0562,11.1738,8.5862,10.85035,8.648478701825557,98600,20.67064516129032,72.52,88.60129032258064,14.5,0.069328,0
2021-08-01,2021,8,ANDIR,8.4686,8.5274,12.644,11.0562,9.2625,10.174050000000001,8.588843813387426,98600,21.206129032258065,111.66,88.73290322580644,14.4,0.06885,0
2021-09-01,2021,9,ANDIR,7.9393,8.4686,8.5274,12.644,11.7619,9.394824999999999,8.052028397565923,98600,21.584666666666667,178.93,87.54133333333333,13.5,0.064547,0
2021-10-01,2021,10,ANDIR,7.9981,7.9393,8.4686,8.5274,11.1738,8.23335,8.111663286004056,98600,22.29774193548387,291.15,86.82225806451612,13.6,0.065025,1
2021-11-01,2021,11,ANDIR,12.7911,7.9981,7.9393,8.4686,11.0562,9.299275,12.972718052738339,98600,21.753666666666668,452.44,90.89566666666666,21.75,0.103992,1
2021-12-01,2021,12,ANDIR,12.7911,12.7911,7.9981,7.9393,12.644,10.3799,12.972718052738339,98600,21.716129032258067,366.65000000000003,90.05903225806452,21.75,0.103992,1
2022-01-01,2022,1,ANDIR,12.8233,12.7911,12.7911,7.9981,8.5274,11.6009,13.005375253549696,98600,21.427419354838708,218.29,90.04,29.0,0.113481,1
2022-02-01,2022,2,ANDIR,11.939,12.8233,12.7911,12.7911,8.4686,12.586125,12.108519269776876,98600,21.202499999999997,251.17000000000002,90.17285714285715,27.0,0.105654,1
2022-03-01,2022,3,ANDIR,9.5069,11.939,12.8233,12.7911,7.9393,11.765075,9.641886409736308,98600,21.671290322580646,303.35,89.7316129032258,21.5,0.084132,1
2022-04-01,2022,4,ANDIR,7.9593,9.5069,11.939,12.8233,7.9981,10.557125,8.072312373225152,98600,22.020333333333333,361.55,89.954,18.0,0.070436,0
2022-05-01,2022,5,ANDIR,8.1362,7.9593,9.5069,11.939,12.7911,9.385349999999999,8.251724137931035,98600,22.018064516129034,249.94,90.39709677419354,18.4,0.072002,0
2022-06-01,2022,6,ANDIR,8.1804,8.1362,7.9593,9.5069,12.7911,8.445699999999999,8.296551724137931,98600,21.217,211.8,90.89233333333333,18.5,0.072393,0
2022-07-01,2022,7,ANDIR,7.9593,8.1804,8.1362,7.9593,12.8233,8.0588,8.072312373225152,98600,21.188064516129035,200.27,89.83903225806452,18.0,0.070436,0
2022-08-01,2022,8,ANDIR,9.9491,7.9593,8.1804,8.1362,11.939,8.556249999999999,10.090365111561866,98600,21.362903225806452,138.33,88.19354838709677,22.5,0.088045,0
2022-09-01,2022,9,ANDIR,9.8386,9.9491,7.9593,8.1804,9.5069,8.981849999999998,9.978296146044624,98600,21.667333333333332,301.34999999999997,89.089,22.25,0.087067,0
2022-10-01,2022,10,ANDIR,9.9049,9.8386,9.9491,7.9593,7.9593,9.412975,10.04553752535497,98600,21.640967741935484,426.72,90.4658064516129,22.4,0.087654,1
2022-11-01,2022,11,ANDIR,9.728,9.9049,9.8386,9.9491,8.1362,9.855149999999998,9.866125760649087,98600,21.424,413.78,91.02466666666668,22.0,0.086089,1
2022-12-01,2022,12,ANDIR,7.0749,9.728,9.9049,9.8386,8.1804,9.1366,7.1753549695740375,98600,21.384516129032257,353.8,90.81741935483872,16.0,0.06261,1
2023-01-01,2023,1,ANDIR,3.7646,7.0749,9.728,9.9049,7.9593,7.618099999999999,3.8180527383367147,98600,21.17322580645161,158.04,90.5667741935484,17.0,0.099068,1
2023-02-01,2023,2,ANDIR,3.7092,3.7646,7.0749,9.728,9.9491,6.069174999999999,3.761866125760649,98600,20.5825,359.16,91.09357142857142,16.75,0.097611,1
2023-03-01,2023,3,ANDIR,3.4324,3.7092,3.7646,7.0749,9.8386,4.4952749999999995,3.481135902636917,98600,21.701290322580647,334.8,90.1258064516129,15.5,0.090326,1
2023-04-01,2023,4,ANDIR,3.1888,3.4324,3.7092,3.7646,9.9049,3.5237499999999993,3.234077079107505,98600,22.06566666666667,272.96,89.87733333333334,14.4,0.083916,0
2023-05-01,2023,5,ANDIR,3.4878,3.1888,3.4324,3.7092,9.728,3.454549999999999,3.5373225152129817,98600,22.14774193548387,215.54000000000002,89.70709677419354,15.75,0.091783,0
2023-06-01,2023,6,ANDIR,2.9895,3.4878,3.1888,3.4324,7.0749,3.2746249999999995,3.031947261663286,98600,21.829,148.52,89.866,13.5,0.078671,0
2023-07-01,2023,7,ANDIR,2.4359,2.9895,3.4878,3.1888,3.7646,3.025499999999999,2.4704868154158217,98600,20.978387096774195,76.8,88.14032258064516,11.0,0.064103,0
2023-08-01,2023,8,ANDIR,2.9895,2.4359,2.9895,3.4878,3.7092,2.9756749999999994,3.031947261663286,98600,20.746129032258064,18.96,84.63129032258065,13.5,0.078671,0
2023-09-01,2023,9,ANDIR,2.8788,2.9895,2.4359,2.9895,3.4324,2.8234249999999994,2.9196754563894523,98600,21.15533333333333,6.95,81.82133333333333,13.0,0.075758,0
2023-10-01,2023,10,ANDIR,2.7459,2.8788,2.9895,2.4359,3.1888,2.7625249999999992,2.784888438133874,98600,22.83225806451613,56.58,79.87290322580645,12.4,0.072261,1
2023-11-01,2023,11,ANDIR,3.3217,2.7459,2.8788,2.9895,3.4878,2.983974999999999,3.368864097363083,98600,23.137999999999998,379.14,84.75633333333333,15.0,0.087413,1
2023-12-01,2023,12,ANDIR,3.0559,3.3217,2.7459,2.8788,2.9895,3.0005749999999987,3.099290060851927,98600,22.862903225806452,231.32,86.83161290322582,13.8,0.08042,1
2024-01-01,2024,1,ANDIR,12.2501,3.0559,3.3217,2.7459,2.4359,5.343399999999999,12.424036511156185,98600,22.437419354838713,598.42,89.78064516129032,18.25,0.089417,1
2024-02-01,2024,2,ANDIR,13.4248,12.2501,3.0559,3.3217,2.9895,8.013124999999999,13.615415821501013,98600,22.73793103448276,474.35,89.5803448275862,20.0,0.097991,1
2024-03-01,2024,3,ANDIR,17.5865,13.4248,12.2501,3.0559,2.8788,11.579324999999999,17.836206896551722,98600,22.405483870967743,391.27,90.65516129032258,26.2,0.128368,1
2024-04-01,2024,4,ANDIR,16.1098,17.5865,13.4248,12.2501,2.7459,14.842799999999999,16.338539553752536,98600,23.169,323.82,90.12033333333333,24.0,0.117589,0
2024-05-01,2024,5,ANDIR,16.1098,16.1098,17.5865,13.4248,3.3217,15.807725,16.338539553752536,98600,22.799354838709675,122.81,88.94935483870967,24.0,0.117589,0
2024-06-01,2024,6,ANDIR,11.1426,16.1098,16.1098,17.5865,3.0559,15.237174999999999,11.300811359026369,98600,22.169666666666668,235.73000000000002,89.03999999999999,16.6,0.081333,0
2024-07-01,2024,7,ANDIR,9.3974,11.1426,16.1098,16.1098,12.2501,13.189899999999998,9.530831643002028,98600,21.01290322580645,291.43,89.00387096774193,14.0,0.068594,0
2024-08-01,2024,8,ANDIR,7.5514,9.3974,11.1426,16.1098,13.4248,11.050299999999998,7.658620689655173,98600,21.080645161290324,79.38,86.01806451612903,11.25,0.05512,0
2024-09-01,2024,9,ANDIR,7.2494,7.5514,9.3974,11.1426,17.5865,8.835199999999999,7.352332657200811,98600,21.895333333333333,329.11,85.34933333333333,10.8,0.052915,0
2024-10-01,2024,10,ANDIR,8.2227,7.2494,7.5514,9.3974,16.1098,8.105224999999997,8.3394523326572,98600,22.643225806451614,85.42999999999999,85.1325806451613,12.25,0.06002,1
2024-11-01,2024,11,ANDIR,7.8871,8.2227,7.2494,7.5514,16.1098,7.727649999999998,7.999087221095335,98600,22.590333333333334,530.84,88.96533333333333,11.75,0.05757,1
2024-12-01,2024,12,ANDIR,10.0686,7.8871,8.2227,7.2494,11.1426,8.356949999999998,10.211561866125761,98600,21.753870967741936,329.88,91.23483870967742,15.0,0.073493,1
2016-01-01,2016,1,ANTAPANI,21.2448,,,,,21.2448,26.035294117647062,81600,22.434516129032257,396.61,88.54548387096774,25.6,0.124969,1
2016-02-01,2016,2,ANTAPANI,28.4232,21.2448,,,,24.834000000000003,34.832352941176474,81600,22.00206896551724,468.95,90.91551724137932,34.25,0.167196,1
2016-03-01,2016,3,ANTAPANI,21.5768,28.4232,21.2448,,,23.748266666666666,26.442156862745097,81600,22.740322580645163,477.1,90.77612903225807,26.0,0.126922,1
2016-04-01,2016,4,ANTAPANI,19.5021,21.5768,28.4232,21.2448,,22.686725,23.899632352941175,81600,22.466,489.21,91.35133333333333,23.5,0.114718,0
2016-05-01,2016,5,ANTAPANI,13.7759,19.5021,21.5768,28.4232,,20.8195,16.882230392156863,81600,22.4,251.60999999999999,90.83612903225807,16.6,0.081035,0
2016-06-01,2016,6,ANTAPANI,9.751,13.7759,19.5021,21.5768,,16.151449999999997,11.949754901960784,81600,21.715333333333334,176.73,88.34833333333333,11.75,0.057359,0
2016-07-01,2016,7,ANTAPANI,9.1286,9.751,13.7759,19.5021,21.2448,13.0394,11.187009803921569,81600,21.557419354838707,300.44,89.96677419354839,11.0,0.053698,0
2016-08-01,2016,8,ANTAPANI,9.3361,9.1286,9.751,13.7759,28.4232,10.497900000000001,11.441299019607843,81600,21.18967741935484,190.43,88.61,11.25,0.054918,0
2016-09-01,2016,9,ANTAPANI,9.3361,9.3361,9.1286,9.751,21.5768,9.38795,11.441299019607843,81600,21.71033333333333,438.58,89.848,11.25,0.054918,0
2016-10-01,2016,10,ANTAPANI,9.4606,9.3361,9.3361,9.1286,19.5021,9.31535,11.593872549019608,81600,21.464193548387097,440.99,91.19935483870967,11.4,0.05565,1
2016-11-01,2016,11,ANTAPANI,9.5436,9.4606,9.3361,9.3361,13.7759,9.4191,11.695588235294117,81600,21.88,430.71999999999997,90.57866666666668,11.5,0.056139,1
2016-12-01,2016,12,ANTAPANI,8.9212,9.5436,9.4606,9.3361,9.751,9.315375,10.932843137254903,81600,21.13935483870968,188.26,90.15129032258065,10.75,0.052477,1
2017-01-01,2017,1,ANTAPANI,11.2693,8.9212,9.5436,9.4606,9.1286,9.798675,13.810416666666667,81600,21.030645161290323,295.58,90.34,11.6,0.122492,1
2017-02-01,2017,2,ANTAPANI,9.472,11.2693,8.9212,9.5436,9.3361,9.801525,11.607843137254902,81600,21.141428571428573,478.78000000000003,91.32892857142858,9.75,0.102957,1
2017-03-01,2017,3,ANTAPANI,8.9863,9.472,11.2693,8.9212,9.3361,9.6622,11.012622549019607,81600,21.510967741935485,336.51,89.8583870967742,9.25,0.097677,1
2017-04-01,2017,4,ANTAPANI,7.5776,8.9863,9.472,11.2693,9.4606,9.3263,9.286274509803922,81600,21.872666666666664,371.34,90.94333333333334,7.8,0.082365,0
2017-05-01,2017,5,ANTAPANI,6.8004,7.5776,8.9863,9.472,9.5436,8.209074999999999,8.333823529411763,81600,21.852903225806454,209.88,90.35548387096775,7.0,0.073918,0
2017-06-01,2017,6,ANTAPANI,5.3432,6.8004,7.5776,8.9863,8.9212,7.176875,6.548039215686274,81600,21.282666666666668,155.11,90.05266666666667,5.5,0.058078,0
2017-07-01,2017,7,ANTAPANI,5.6346,5.3432,6.8004,7.5776,11.2693,6.3389500000000005,6.905147058823529,81600,20.681612903225805,89.05,89.09967741935485,5.8,0.061246,0
2017-08-01,2017,8,ANTAPANI,6.0718,5.6346,5.3432,6.8004,9.472,5.9625,7.440931372549019,81600,20.58225806451613,29.75,86.16129032258064,6.25,0.065998,0
2017-09-01,2017,9,ANTAPANI,6.5576,6.0718,5.6346,5.3432,8.9863,5.9018,8.036274509803922,81600,21.449666666666666,108.77000000000001,84.02466666666668,6.75,0.071278,0
2017-10-01,2017,10,ANTAPANI,8.3548,6.5576,6.0718,5.6346,7.5776,6.6547,10.238725490196078,81600,22.156451612903226,516.17,87.77129032258064,8.6,0.090813,1
2017-11-01,2017,11,ANTAPANI,8.7434,8.3548,6.5576,6.0718,6.8004,7.431900000000001,10.714950980392155,81600,21.842666666666666,451.08,89.273,9.0,0.095037,1
2017-12-01,2017,12,ANTAPANI,7.189,8.7434,8.3548,6.5576,5.3432,7.7112,8.810049019607844,81600,21.30516129032258,259.67,89.88935483870968,7.4,0.078141,1
2018-01-01,2018,1,ANTAPANI,10.2428,7.189,8.7434,8.3548,5.6346,8.6325,12.552450980392159,81600,20.889032258064514,262.41,91.22258064516129,7.25,0.080022,1
2018-02-01,2018,2,ANTAPANI,9.8896,10.2428,7.189,8.7434,6.0718,9.0162,12.119607843137254,81600,21.117142857142856,517.61,91.1925,7.0,0.077263,1
2018-03-01,2018,3,ANTAPANI,9.8896,9.8896,10.2428,7.189,6.5576,9.30275,12.119607843137254,81600,21.65741935483871,387.92,89.85741935483871,7.0,0.077263,1
2018-04-01,2018,4,ANTAPANI,9.8896,9.8896,9.8896,10.2428,8.3548,9.9779,12.119607843137254,81600,21.947,262.95,89.76933333333334,7.0,0.077263,0
2018-05-01,2018,5,ANTAPANI,9.5364,9.8896,9.8896,9.8896,8.7434,9.8013,11.686764705882354,81600,21.772903225806452,120.22,88.87645161290322,6.75,0.074503,0
2018-06-01,2018,6,ANTAPANI,7.7704,9.5364,9.8896,9.8896,7.189,9.2715,9.522549019607844,81600,21.314333333333334,91.12,88.38766666666668,5.5,0.060706,0
2018-07-01,2018,7,ANTAPANI,8.4768,7.7704,9.5364,9.8896,10.2428,8.9183,10.388235294117647,81600,19.885161290322582,5.63,85.66225806451614,6.0,0.066225,0
2018-08-01,2018,8,ANTAPANI,9.1832,8.4768,7.7704,9.5364,9.8896,8.7417,11.253921568627451,81600,20.21161290322581,32.75,84.21451612903226,6.5,0.071744,0
2018-09-01,2018,9,ANTAPANI,9.8896,9.1832,8.4768,7.7704,9.8896,8.83,12.119607843137254,81600,21.037,96.61,83.175,7.0,0.077263,0
2018-10-01,2018,10,ANTAPANI,11.6556,9.8896,9.1832,8.4768,9.8896,9.8013,14.283823529411764,81600,22.358709677419355,189.07,82.22838709677418,8.25,0.09106,1
2018-11-01,2018,11,ANTAPANI,13.7748,11.6556,9.8896,9.1832,9.5364,11.1258,16.88088235294118,81600,22.28033333333333,425.59000000000003,87.10799999999999,9.75,0.107616,1
2018-12-01,2018,12,ANTAPANI,17.8013,13.7748,11.6556,9.8896,7.7704,13.280325000000001,21.81531862745098,81600,21.870645161290323,411.58,90.10225806451614,12.6,0.139073,1
2019-01-01,2019,1,ANTAPANI,37.0491,17.8013,13.7748,11.6556,8.4768,20.0702,45.403308823529414,81600,21.614516129032257,413.94,90.2341935483871,28.5,0.17394,1
2019-02-01,2019,2,ANTAPANI,44.8489,37.0491,17.8013,13.7748,9.1832,28.368525,54.96188725490196,81600,22.12642857142857,488.76,90.59357142857142,34.5,0.210558,1
2019-03-01,2019,3,ANTAPANI,24.9594,44.8489,37.0491,17.8013,9.8896,31.164675,30.5875,81600,21.675483870967742,289.9,89.77451612903226,19.2,0.11718,1
2019-04-01,2019,4,ANTAPANI,17.8746,24.9594,44.8489,37.0491,11.6556,31.183,21.90514705882353,81600,22.535333333333334,455.36,90.312,13.75,0.083918,0
2019-05-01,2019,5,ANTAPANI,14.6247,17.8746,24.9594,44.8489,13.7748,25.576900000000002,17.92242647058824,81600,21.986451612903227,228.52,89.65741935483871,11.25,0.06866,0
2019-06-01,2019,6,ANTAPANI,11.1797,14.6247,17.8746,24.9594,17.8013,17.1596,13.70061274509804,81600,20.71066666666667,44.2,86.69033333333333,8.6,0.052487,0
2019-07-01,2019,7,ANTAPANI,8.4498,11.1797,14.6247,17.8746,37.0491,13.0322,10.35514705882353,81600,20.04064516129032,28.17,86.75548387096775,6.5,0.03967,0
2019-08-01,2019,8,ANTAPANI,9.4248,8.4498,11.1797,14.6247,44.8489,10.919749999999999,11.549999999999999,81600,19.98225806451613,19.74,84.07290322580646,7.25,0.044248,0
2019-09-01,2019,9,ANTAPANI,8.8398,9.4248,8.4498,11.1797,24.9594,9.473525,10.833088235294117,81600,20.884333333333334,9.68,80.54033333333334,6.8,0.041501,0
2019-10-01,2019,10,ANTAPANI,10.0748,8.8398,9.4248,8.4498,17.8746,9.1973,12.346568627450981,81600,22.31451612903226,80.15,78.2658064516129,7.75,0.047299,1
2019-11-01,2019,11,ANTAPANI,11.3747,10.0748,8.8398,9.4248,14.6247,9.928525,13.939583333333333,81600,22.717333333333332,209.04,81.00466666666667,8.75,0.053403,1
2019-12-01,2019,12,ANTAPANI,14.2997,11.3747,10.0748,8.8398,11.1797,11.14725,17.524142156862744,81600,22.92322580645161,493.07,85.07225806451612,11.0,0.067135,1
2020-01-01,2020,1,ANTAPANI,12.6587,14.2997,11.3747,10.0748,8.4498,12.101975,15.513112745098038,81600,22.35483870967742,401.12,89.05290322580645,27.0,0.105489,1
2020-02-01,2020,2,ANTAPANI,12.5415,12.6587,14.2997,11.3747,9.4248,12.71865,15.369485294117647,81600,21.99103448275862,629.82,91.53275862068965,26.75,0.104513,1
2020-03-01,2020,3,ANTAPANI,17.2534,12.5415,12.6587,14.2997,8.8398,14.188324999999999,21.143872549019605,81600,22.194193548387098,613.86,91.3616129032258,36.8,0.143778,1
2020-04-01,2020,4,ANTAPANI,12.7759,17.2534,12.5415,12.6587,10.0748,13.807374999999999,15.656740196078433,81600,22.423,359.35,90.376,27.25,0.106466,0
2020-05-01,2020,5,ANTAPANI,10.8771,12.7759,17.2534,12.5415,11.3747,13.361975,13.329779411764706,81600,22.330322580645163,486.90999999999997,91.91612903225807,23.2,0.090643,0
2020-06-01,2020,6,ANTAPANI,8.6736,10.8771,12.7759,17.2534,14.2997,12.395,10.629411764705882,81600,21.551,159.0,90.95,18.5,0.07228,0
2020-07-01,2020,7,ANTAPANI,5.5089,8.6736,10.8771,12.7759,12.6587,9.458875,6.7511029411764705,81600,20.79548387096774,102.75,89.11064516129032,11.75,0.045907,0
2020-08-01,2020,8,ANTAPANI,7.5952,5.5089,8.6736,10.8771,12.5415,8.1637,9.3078431372549,81600,21.360967741935486,57.29,87.45516129032258,16.2,0.063294,0
2020-09-01,2020,9,ANTAPANI,7.0326,7.5952,5.5089,8.6736,17.2534,7.202575,8.618382352941177,81600,21.523333333333333,195.74,86.688,15.0,0.058605,0
2020-10-01,2020,10,ANTAPANI,6.681,7.0326,7.5952,5.5089,12.7759,6.704425,8.1875,81600,21.92290322580645,471.4,89.15064516129033,14.25,0.055675,1
2020-11-01,2020,11,ANTAPANI,10.7834,6.681,7.0326,7.5952,10.8771,8.023050000000001,13.214950980392157,81600,21.974333333333334,334.45,90.29199999999999,23.0,0.089861,1
2020-12-01,2020,12,ANTAPANI,7.6187,10.7834,6.681,7.0326,8.6736,8.028925,9.336642156862744,81600,21.280645161290323,315.84000000000003,91.29451612903226,16.25,0.063489,1
2021-01-01,2021,1,ANTAPANI,16.6837,7.6187,10.7834,6.681,5.5089,10.4417,20.445710784313725,81600,21.016129032258064,342.89,91.80645161290323,14.6,0.069806,1
2021-02-01,2021,2,ANTAPANI,17.9978,16.6837,7.6187,10.7834,7.5952,13.270900000000001,22.056127450980394,81600,21.04357142857143,454.85,92.93928571428572,15.75,0.075305,1
2021-03-01,2021,3,ANTAPANI,22.8544,17.9978,16.6837,7.6187,7.0326,16.28865,28.007843137254902,81600,21.4741935483871,611.72,89.84774193548388,20.0,0.095625,1
2021-04-01,2021,4,ANTAPANI,21.7117,22.8544,17.9978,16.6837,6.681,19.8119,26.60747549019608,81600,21.441333333333333,210.6,90.00566666666667,19.0,0.090844,0
2021-05-01,2021,5,ANTAPANI,21.4831,21.7117,22.8544,17.9978,10.7834,21.01175,26.32732843137255,81600,22.094838709677422,206.06,90.47516129032257,18.8,0.089888,0
2021-06-01,2021,6,ANTAPANI,24.5685,21.4831,21.7117,22.8544,7.6187,22.654425,30.108455882352942,81600,21.572,260.94,89.66933333333333,21.5,0.102797,0
2021-07-01,2021,7,ANTAPANI,16.5694,24.5685,21.4831,21.7117,16.6837,21.083175,20.305637254901963,81600,20.67064516129032,72.52,88.60129032258064,14.5,0.069328,0
2021-08-01,2021,8,ANTAPANI,16.4552,16.5694,24.5685,21.4831,17.9978,19.76905,20.165686274509806,81600,21.206129032258065,111.66,88.73290322580644,14.4,0.06885,0
2021-09-01,2021,9,ANTAPANI,15.4267,16.4552,16.5694,24.5685,22.8544,18.25495,18.905269607843138,81600,21.584666666666667,178.93,87.54133333333333,13.5,0.064547,0
2021-10-01,2021,10,ANTAPANI,15.541,15.4267,16.4552,16.5694,21.7117,15.998075000000002,19.045343137254903,81600,22.29774193548387,291.15,86.82225806451612,13.6,0.065025,1
2021-11-01,2021,11,ANTAPANI,24.8542,15.541,15.4267,16.4552,21.4831,18.069274999999998,30.458578431372548,81600,21.753666666666668,452.44,90.89566666666666,21.75,0.103992,1
2021-12-01,2021,12,ANTAPANI,24.8542,24.8542,15.541,15.4267,24.5685,20.169024999999998,30.458578431372548,81600,21.716129032258067,366.65000000000003,90.05903225806452,21.75,0.103992,1
2022-01-01,2022,1,ANTAPANI,29.6185,24.8542,24.8542,15.541,16.5694,23.716975,36.29718137254902,81600,21.427419354838708,218.29,90.04,29.0,0.113481,1
2022-02-01,2022,2,ANTAPANI,27.5758,29.6185,24.8542,24.8542,16.4552,26.725675,33.79387254901961,81600,21.202499999999997,251.17000000000002,90.17285714285715,27.0,0.105654,1
2022-03-01,2022,3,ANTAPANI,21.9585,27.5758,29.6185,24.8542,15.4267,26.00175,26.909926470588236,81600,21.671290322580646,303.35,89.7316129032258,21.5,0.084132,1
2022-04-01,2022,4,ANTAPANI,18.3839,21.9585,27.5758,29.6185,15.541,24.384175000000003,22.529289215686276,81600,22.020333333333333,361.55,89.954,18.0,0.070436,0
2022-05-01,2022,5,ANTAPANI,18.7924,18.3839,21.9585,27.5758,24.8542,21.67765,23.029901960784315,81600,22.018064516129034,249.94,90.39709677419354,18.4,0.072002,0
2022-06-01,2022,6,ANTAPANI,18.8945,18.7924,18.3839,21.9585,24.8542,19.507325,23.155024509803923,81600,21.217,211.8,90.89233333333333,18.5,0.072393,0
2022-07-01,2022,7,ANTAPANI,18.3839,18.8945,18.7924,18.3839,29.6185,18.613675,22.529289215686276,81600,21.188064516129035,200.27,89.83903225806452,18.0,0.070436,0
2022-08-01,2022,8,ANTAPANI,22.9798,18.3839,18.8945,18.7924,27.5758,19.76265,28.161519607843136,81600,21.362903225806452,138.33,88.19354838709677,22.5,0.088045,0
2022-09-01,2022,9,ANTAPANI,22.7245,22.9798,18.3839,18.8945,21.9585,20.745675,27.848651960784313,81600,21.667333333333332,301.34999999999997,89.089,22.25,0.087067,0
2022-10-01,2022,10,ANTAPANI,22.8777,22.7245,22.9798,18.3839,18.3839,21.741475,28.036397058823532,81600,21.640967741935484,426.72,90.4658064516129,22.4,0.087654,1
2022-11-01,2022,11,ANTAPANI,22.4692,22.8777,22.7245,22.9798,18.7924,22.7628,27.53578431372549,81600,21.424,413.78,91.02466666666668,22.0,0.086089,1
2022-12-01,2022,12,ANTAPANI,16.3412,22.4692,22.8777,22.7245,18.8945,21.10315,20.025980392156864,81600,21.384516129032257,353.8,90.81741935483872,16.0,0.06261,1
2023-01-01,2023,1,ANTAPANI,8.7179,16.3412,22.4692,22.8777,18.3839,17.6015,10.683700980392157,81600,21.17322580645161,158.04,90.5667741935484,17.0,0.099068,1
2023-02-01,2023,2,ANTAPANI,8.5897,8.7179,16.3412,22.4692,22.9798,14.029499999999999,10.526593137254903,81600,20.5825,359.16,91.09357142857142,16.75,0.097611,1
2023-03-01,2023,3,ANTAPANI,7.9487,8.5897,8.7179,16.3412,22.7245,10.399375,9.741053921568627,81600,21.701290322580647,334.8,90.1258064516129,15.5,0.090326,1
2023-04-01,2023,4,ANTAPANI,7.3846,7.9487,8.5897,8.7179,22.8777,8.160225,9.049754901960783,81600,22.06566666666667,272.96,89.87733333333334,14.4,0.083916,0
2023-05-01,2023,5,ANTAPANI,8.0769,7.3846,7.9487,8.5897,22.4692,7.999975,9.898161764705883,81600,22.14774193548387,215.54000000000002,89.70709677419354,15.75,0.091783,0
2023-06-01,2023,6,ANTAPANI,6.9231,8.0769,7.3846,7.9487,16.3412,7.583325,8.484191176470588,81600,21.829,148.52,89.866,13.5,0.078671,0
2023-07-01,2023,7,ANTAPANI,5.641,6.9231,8.0769,7.3846,8.7179,7.0064,6.912990196078431,81600,20.978387096774195,76.8,88.14032258064516,11.0,0.064103,0
2023-08-01,2023,8,ANTAPANI,6.9231,5.641,6.9231,8.0769,8.5897,6.891024999999999,8.484191176470588,81600,20.746129032258064,18.96,84.63129032258065,13.5,0.078671,0
2023-09-01,2023,9,ANTAPANI,6.6667,6.9231,5.641,6.9231,7.9487,6.538475,8.169975490196078,81600,21.15533333333333,6.95,81.82133333333333,13.0,0.075758,0
2023-10-01,2023,10,ANTAPANI,6.359,6.6667,6.9231,5.641,7.3846,6.39745,7.792892156862746,81600,22.83225806451613,56.58,79.87290322580645,12.4,0.072261,1
2023-11-01,2023,11,ANTAPANI,7.6923,6.359,6.6667,6.9231,8.0769,6.910275,9.426838235294118,81600,23.137999999999998,379.14,84.75633333333333,15.0,0.087413,1
2023-12-01,2023,12,ANTAPANI,7.0769,7.6923,6.359,6.6667,6.9231,6.9487250000000005,8.67267156862745,81600,22.862903225806452,231.32,86.83161290322582,13.8,0.08042,1
2024-01-01,2024,1,ANTAPANI,23.159,7.0769,7.6923,6.359,5.641,11.0718,28.38112745098039,81600,22.437419354838713,598.42,89.78064516129032,18.25,0.089417,1
2024-02-01,2024,2,ANTAPANI,25.3797,23.159,7.0769,7.6923,6.9231,15.826975,31.102573529411764,81600,22.73793103448276,474.35,89.5803448275862,20.0,0.097991,1
2024-03-01,2024,3,ANTAPANI,33.2474,25.3797,23.159,7.0769,6.6667,22.21575,40.74436274509804,81600,22.405483870967743,391.27,90.65516129032258,26.2,0.128368,1
2024-04-01,2024,4,ANTAPANI,30.4557,33.2474,25.3797,23.159,6.359,28.060450000000003,37.32316176470589,81600,23.169,323.82,90.12033333333333,24.0,0.117589,0
2024-05-01,2024,5,ANTAPANI,30.4557,30.4557,33.2474,25.3797,7.6923,29.884625,37.32316176470589,81600,22.799354838709675,122.81,88.94935483870967,24.0,0.117589,0
2024-06-01,2024,6,ANTAPANI,21.0652,30.4557,30.4557,33.2474,7.0769,28.806,25.815196078431374,81600,22.169666666666668,235.73000000000002,89.03999999999999,16.6,0.081333,0
2024-07-01,2024,7,ANTAPANI,17.7658,21.0652,30.4557,30.4557,23.159,24.9356,21.771813725490194,81600,21.01290322580645,291.43,89.00387096774193,14.0,0.068594,0
2024-08-01,2024,8,ANTAPANI,14.2761,17.7658,21.0652,30.4557,25.3797,20.8907,17.495220588235295,81600,21.080645161290324,79.38,86.01806451612903,11.25,0.05512,0
2024-09-01,2024,9,ANTAPANI,13.705,14.2761,17.7658,21.0652,33.2474,16.703025,16.795343137254903,81600,21.895333333333333,329.11,85.34933333333333,10.8,0.052915,0
2024-10-01,2024,10,ANTAPANI,15.5451,13.705,14.2761,17.7658,30.4557,15.322999999999999,19.05036764705882,81600,22.643225806451614,85.42999999999999,85.1325806451613,12.25,0.06002,1
2024-11-01,2024,11,ANTAPANI,14.9106,15.5451,13.705,14.2761,30.4557,14.609200000000001,18.27279411764706,81600,22.590333333333334,530.84,88.96533333333333,11.75,0.05757,1
2024-12-01,2024,12,ANTAPANI,19.0348,14.9106,15.5451,13.705,21.0652,15.798875,23.326960784313727,81600,21.753870967741936,329.88,91.23483870967742,15.0,0.073493,1
2016-01-01,2016,1,ARCAMANIK,23.1194,,,,,23.1194,29.564450127877237,78200,22.434516129032257,396.61,88.54548387096774,25.6,0.124969,1
2016-02-01,2016,2,ARCAMANIK,30.9312,23.1194,,,,27.0253,39.55396419437341,78200,22.00206896551724,468.95,90.91551724137932,34.25,0.167196,1
2016-03-01,2016,3,ARCAMANIK,23.4806,30.9312,23.1194,,,25.843733333333333,30.02634271099744,78200,22.740322580645163,477.1,90.77612903225807,26.0,0.126922,1
2016-04-01,2016,4,ARCAMANIK,21.2228,23.4806,30.9312,23.1194,,24.688499999999998,27.139130434782608,78200,22.466,489.21,91.35133333333333,23.5,0.114718,0
2016-05-01,2016,5,ARCAMANIK,14.9915,21.2228,23.4806,30.9312,,22.656525,19.17071611253197,78200,22.4,251.60999999999999,90.83612903225807,16.6,0.081035,0
2016-06-01,2016,6,ARCAMANIK,10.6114,14.9915,21.2228,23.4806,,17.576575,13.569565217391304,78200,21.715333333333334,176.73,88.34833333333333,11.75,0.057359,0
2016-07-01,2016,7,ARCAMANIK,9.9341,10.6114,14.9915,21.2228,23.1194,14.18995,12.703452685421997,78200,21.557419354838707,300.44,89.96677419354839,11.0,0.053698,0
2016-08-01,2016,8,ARCAMANIK,10.1599,9.9341,10.6114,14.9915,30.9312,11.424225,12.99219948849105,78200,21.18967741935484,190.43,88.61,11.25,0.054918,0
2016-09-01,2016,9,ARCAMANIK,10.1599,10.1599,9.9341,10.6114,23.4806,10.216325,12.99219948849105,78200,21.71033333333333,438.58,89.848,11.25,0.054918,0
2016-10-01,2016,10,ARCAMANIK,10.2953,10.1599,10.1599,9.9341,21.2228,10.1373,13.165345268542199,78200,21.464193548387097,440.99,91.19935483870967,11.4,0.05565,1
2016-11-01,2016,11,ARCAMANIK,10.3856,10.2953,10.1599,10.1599,14.9915,10.250175,13.28081841432225,78200,21.88,430.71999999999997,90.57866666666668,11.5,0.056139,1
2016-12-01,2016,12,ARCAMANIK,9.7083,10.3856,10.2953,10.1599,10.6114,10.137275,12.414705882352939,78200,21.13935483870968,188.26,90.15129032258065,10.75,0.052477,1
2017-01-01,2017,1,ARCAMANIK,7.5945,9.7083,10.3856,10.2953,9.9341,9.495925,9.711636828644501,78200,21.030645161290323,295.58,90.34,11.6,0.122492,1
2017-02-01,2017,2,ARCAMANIK,6.3833,7.5945,9.7083,10.3856,10.1599,8.517925,8.162787723785167,78200,21.141428571428573,478.78000000000003,91.32892857142858,9.75,0.102957,1
2017-03-01,2017,3,ARCAMANIK,6.056,6.3833,7.5945,9.7083,10.1599,7.435525,7.744245524296676,78200,21.510967741935485,336.51,89.8583870967742,9.25,0.097677,1
2017-04-01,2017,4,ARCAMANIK,5.1067,6.056,6.3833,7.5945,10.2953,6.285125,6.530306905370844,78200,21.872666666666664,371.34,90.94333333333334,7.8,0.082365,0
2017-05-01,2017,5,ARCAMANIK,4.5829,5.1067,6.056,6.3833,10.3856,5.5322249999999995,5.860485933503837,78200,21.852903225806454,209.88,90.35548387096775,7.0,0.073918,0
2017-06-01,2017,6,ARCAMANIK,3.6008,4.5829,5.1067,6.056,9.7083,4.8366,4.604603580562659,78200,21.282666666666668,155.11,90.05266666666667,5.5,0.058078,0
2017-07-01,2017,7,ARCAMANIK,3.7973,3.6008,4.5829,5.1067,7.5945,4.2719249999999995,4.855882352941176,78200,20.681612903225805,89.05,89.09967741935485,5.8,0.061246,0
2017-08-01,2017,8,ARCAMANIK,4.0919,3.7973,3.6008,4.5829,6.3833,4.018224999999999,5.232608695652174,78200,20.58225806451613,29.75,86.16129032258064,6.25,0.065998,0
2017-09-01,2017,9,ARCAMANIK,4.4192,4.0919,3.7973,3.6008,6.056,3.9773,5.651150895140665,78200,21.449666666666666,108.77000000000001,84.02466666666668,6.75,0.071278,0
2017-10-01,2017,10,ARCAMANIK,5.6304,4.4192,4.0919,3.7973,5.1067,4.4847,7.2,78200,22.156451612903226,516.17,87.77129032258064,8.6,0.090813,1
2017-11-01,2017,11,ARCAMANIK,5.8923,5.6304,4.4192,4.0919,4.5829,5.00845,7.534910485933503,78200,21.842666666666666,451.08,89.273,9.0,0.095037,1
2017-12-01,2017,12,ARCAMANIK,4.8448,5.8923,5.6304,4.4192,3.6008,5.196675,6.19539641943734,78200,21.30516129032258,259.67,89.88935483870968,7.4,0.078141,1
2018-01-01,2018,1,ARCAMANIK,7.6021,4.8448,5.8923,5.6304,3.7973,5.9924,9.721355498721229,78200,20.889032258064514,262.41,91.22258064516129,7.25,0.080022,1
2018-02-01,2018,2,ARCAMANIK,7.34,7.6021,4.8448,5.8923,4.0919,6.4197999999999995,9.386189258312019,78200,21.117142857142856,517.61,91.1925,7.0,0.077263,1
2018-03-01,2018,3,ARCAMANIK,7.34,7.34,7.6021,4.8448,4.4192,6.781725,9.386189258312019,78200,21.65741935483871,387.92,89.85741935483871,7.0,0.077263,1
2018-04-01,2018,4,ARCAMANIK,7.34,7.34,7.34,7.6021,5.6304,7.405525,9.386189258312019,78200,21.947,262.95,89.76933333333334,7.0,0.077263,0
2018-05-01,2018,5,ARCAMANIK,7.0778,7.34,7.34,7.34,5.8923,7.27445,9.050895140664961,78200,21.772903225806452,120.22,88.87645161290322,6.75,0.074503,0
2018-06-01,2018,6,ARCAMANIK,5.7671,7.0778,7.34,7.34,4.8448,6.881225,7.374808184143223,78200,21.314333333333334,91.12,88.38766666666668,5.5,0.060706,0
2018-07-01,2018,7,ARCAMANIK,6.2914,5.7671,7.0778,7.34,7.6021,6.6190750000000005,8.045268542199489,78200,19.885161290322582,5.63,85.66225806451614,6.0,0.066225,0
2018-08-01,2018,8,ARCAMANIK,6.8157,6.2914,5.7671,7.0778,7.34,6.4879999999999995,8.715728900255755,78200,20.21161290322581,32.75,84.21451612903226,6.5,0.071744,0
2018-09-01,2018,9,ARCAMANIK,7.34,6.8157,6.2914,5.7671,7.34,6.5535499999999995,9.386189258312019,78200,21.037,96.61,83.175,7.0,0.077263,0
2018-10-01,2018,10,ARCAMANIK,8.6507,7.34,6.8157,6.2914,7.34,7.27445,11.06227621483376,78200,22.358709677419355,189.07,82.22838709677418,8.25,0.09106,1
2018-11-01,2018,11,ARCAMANIK,10.2235,8.6507,7.34,6.8157,7.0778,8.257475,13.073529411764705,78200,22.28033333333333,425.59000000000003,87.10799999999999,9.75,0.107616,1
2018-12-01,2018,12,ARCAMANIK,13.2119,10.2235,8.6507,7.34,5.7671,9.856525,16.895012787723783,78200,21.870645161290323,411.58,90.10225806451614,12.6,0.139073,1
2019-01-01,2019,1,ARCAMANIK,41.9194,13.2119,10.2235,8.6507,6.2914,18.501375000000003,53.605370843989775,78200,21.614516129032257,413.94,90.2341935483871,28.5,0.17394,1
2019-02-01,2019,2,ARCAMANIK,50.7446,41.9194,13.2119,10.2235,6.8157,29.02485,64.89079283887467,78200,22.12642857142857,488.76,90.59357142857142,34.5,0.210558,1
2019-03-01,2019,3,ARCAMANIK,28.2405,50.7446,41.9194,13.2119,7.34,33.5291,36.11317135549872,78200,21.675483870967742,289.9,89.77451612903226,19.2,0.11718,1
2019-04-01,2019,4,ARCAMANIK,20.2243,28.2405,50.7446,41.9194,8.6507,35.2822,25.862276214833756,78200,22.535333333333334,455.36,90.312,13.75,0.083918,0
2019-05-01,2019,5,ARCAMANIK,16.5471,20.2243,28.2405,50.7446,10.2235,28.939125,21.15997442455243,78200,21.986451612903227,228.52,89.65741935483871,11.25,0.06866,0
2019-06-01,2019,6,ARCAMANIK,12.6494,16.5471,20.2243,28.2405,13.2119,19.415325,16.175703324808183,78200,20.71066666666667,44.2,86.69033333333333,8.6,0.052487,0
2019-07-01,2019,7,ARCAMANIK,9.5606,12.6494,16.5471,20.2243,41.9194,14.745350000000002,12.225831202046036,78200,20.04064516129032,28.17,86.75548387096775,6.5,0.03967,0
2019-08-01,2019,8,ARCAMANIK,10.6637,9.5606,12.6494,16.5471,50.7446,12.355200000000002,13.636445012787723,78200,19.98225806451613,19.74,84.07290322580646,7.25,0.044248,0
2019-09-01,2019,9,ARCAMANIK,10.0018,10.6637,9.5606,12.6494,28.2405,10.718874999999999,12.790025575447569,78200,20.884333333333334,9.68,80.54033333333334,6.8,0.041501,0
2019-10-01,2019,10,ARCAMANIK,11.3991,10.0018,10.6637,9.5606,20.2243,10.4063,14.57685421994885,78200,22.31451612903226,80.15,78.2658064516129,7.75,0.047299,1
2019-11-01,2019,11,ARCAMANIK,12.87,11.3991,10.0018,10.6637,16.5471,11.23365,16.45780051150895,78200,22.717333333333332,209.04,81.00466666666667,8.75,0.053403,1
2019-12-01,2019,12,ARCAMANIK,16.1794,12.87,11.3991,10.0018,12.6494,12.612575,20.68976982097187,78200,22.92322580645161,493.07,85.07225806451612,11.0,0.067135,1
2020-01-01,2020,1,ARCAMANIK,14.663,16.1794,12.87,11.3991,9.5606,13.777875,18.75063938618926,78200,22.35483870967742,401.12,89.05290322580645,27.0,0.105489,1
2020-02-01,2020,2,ARCAMANIK,14.5273,14.663,16.1794,12.87,10.6637,14.559925,18.577109974424552,78200,21.99103448275862,629.82,91.53275862068965,26.75,0.104513,1
2020-03-01,2020,3,ARCAMANIK,19.9852,14.5273,14.663,16.1794,10.0018,16.338725,25.55652173913043,78200,22.194193548387098,613.86,91.3616129032258,36.8,0.143778,1
2020-04-01,2020,4,ARCAMANIK,14.7988,19.9852,14.5273,14.663,11.3991,15.993575,18.924296675191815,78200,22.423,359.35,90.376,27.25,0.106466,0
2020-05-01,2020,5,ARCAMANIK,12.5993,14.7988,19.9852,14.5273,12.87,15.47765,16.1116368286445,78200,22.330322580645163,486.90999999999997,91.91612903225807,23.2,0.090643,0
2020-06-01,2020,6,ARCAMANIK,10.0469,12.5993,14.7988,19.9852,16.1794,14.35755,12.84769820971867,78200,21.551,159.0,90.95,18.5,0.07228,0
2020-07-01,2020,7,ARCAMANIK,6.3811,10.0469,12.5993,14.7988,14.663,10.956525,8.15997442455243,78200,20.79548387096774,102.75,89.11064516129032,11.75,0.045907,0
2020-08-01,2020,8,ARCAMANIK,8.7978,6.3811,10.0469,12.5993,14.5273,9.456275,11.250383631713555,78200,21.360967741935486,57.29,87.45516129032258,16.2,0.063294,0
2020-09-01,2020,9,ARCAMANIK,8.1461,8.7978,6.3811,10.0469,19.9852,8.342975000000001,10.417007672634272,78200,21.523333333333333,195.74,86.688,15.0,0.058605,0
2020-10-01,2020,10,ARCAMANIK,7.7388,8.1461,8.7978,6.3811,14.7988,7.76595,9.89616368286445,78200,21.92290322580645,471.4,89.15064516129033,14.25,0.055675,1
2020-11-01,2020,11,ARCAMANIK,12.4907,7.7388,8.1461,8.7978,12.5993,9.29335,15.972762148337596,78200,21.974333333333334,334.45,90.29199999999999,23.0,0.089861,1
2020-12-01,2020,12,ARCAMANIK,8.825,12.4907,7.7388,8.1461,10.0469,9.300149999999999,11.285166240409206,78200,21.280645161290323,315.84000000000003,91.29451612903226,16.25,0.063489,1
2021-01-01,2021,1,ARCAMANIK,9.1446,8.825,12.4907,7.7388,6.3811,9.549775,11.69386189258312,78200,21.016129032258064,342.89,91.80645161290323,14.6,0.069806,1
2021-02-01,2021,2,ARCAMANIK,9.8649,9.1446,8.825,12.4907,8.7978,10.0813,12.614961636828644,78200,21.04357142857143,454.85,92.93928571428572,15.75,0.075305,1
2021-03-01,2021,3,ARCAMANIK,12.5269,9.8649,9.1446,8.825,8.1461,10.09035,16.0190537084399,78200,21.4741935483871,611.72,89.84774193548388,20.0,0.095625,1
2021-04-01,2021,4,ARCAMANIK,11.9005,12.5269,9.8649,9.1446,7.7388,10.859225,15.218030690537082,78200,21.441333333333333,210.6,90.00566666666667,19.0,0.090844,0
2021-05-01,2021,5,ARCAMANIK,11.7753,11.9005,12.5269,9.8649,12.4907,11.5169,15.057928388746802,78200,22.094838709677422,206.06,90.47516129032257,18.8,0.089888,0
2021-06-01,2021,6,ARCAMANIK,13.4664,11.7753,11.9005,12.5269,8.825,12.417275,17.22046035805627,78200,21.572,260.94,89.66933333333333,21.5,0.102797,0
2021-07-01,2021,7,ARCAMANIK,9.082,13.4664,11.7753,11.9005,9.1446,11.556049999999999,11.61381074168798,78200,20.67064516129032,72.52,88.60129032258064,14.5,0.069328,0
2021-08-01,2021,8,ARCAMANIK,9.0194,9.082,13.4664,11.7753,9.8649,10.835775,11.533759590792837,78200,21.206129032258065,111.66,88.73290322580644,14.4,0.06885,0
2021-09-01,2021,9,ARCAMANIK,8.4557,9.0194,9.082,13.4664,12.5269,10.005875,10.812915601023018,78200,21.584666666666667,178.93,87.54133333333333,13.5,0.064547,0
2021-10-01,2021,10,ARCAMANIK,8.5183,8.4557,9.0194,9.082,11.9005,8.76885,10.89296675191816,78200,22.29774193548387,291.15,86.82225806451612,13.6,0.065025,1
2021-11-01,2021,11,ARCAMANIK,13.623,8.5183,8.4557,9.0194,11.7753,9.9041,17.42071611253197,78200,21.753666666666668,452.44,90.89566666666666,21.75,0.103992,1
2021-12-01,2021,12,ARCAMANIK,13.623,13.623,8.5183,8.4557,13.4664,11.055,17.42071611253197,78200,21.716129032258067,366.65000000000003,90.05903225806452,21.75,0.103992,1
2022-01-01,2022,1,ARCAMANIK,31.2072,13.623,13.623,8.5183,9.082,16.742874999999998,39.906905370843994,78200,21.427419354838708,218.29,90.04,29.0,0.113481,1
2022-02-01,2022,2,ARCAMANIK,29.055,31.2072,13.623,13.623,9.0194,21.877049999999997,37.15473145780051,78200,21.202499999999997,251.17000000000002,90.17285714285715,27.0,0.105654,1
2022-03-01,2022,3,ARCAMANIK,23.1364,29.055,31.2072,13.623,8.4557,24.2554,29.586189258312018,78200,21.671290322580646,303.35,89.7316129032258,21.5,0.084132,1
2022-04-01,2022,4,ARCAMANIK,19.37,23.1364,29.055,31.2072,8.5183,25.692149999999998,24.76982097186701,78200,22.020333333333333,361.55,89.954,18.0,0.070436,0
2022-05-01,2022,5,ARCAMANIK,19.8004,19.37,23.1364,29.055,13.623,22.84045,25.32020460358056,78200,22.018064516129034,249.94,90.39709677419354,18.4,0.072002,0
2022-06-01,2022,6,ARCAMANIK,19.908,19.8004,19.37,23.1364,13.623,20.5537,25.457800511508953,78200,21.217,211.8,90.89233333333333,18.5,0.072393,0
2022-07-01,2022,7,ARCAMANIK,19.37,19.908,19.8004,19.37,31.2072,19.6121,24.76982097186701,78200,21.188064516129035,200.27,89.83903225806452,18.0,0.070436,0
2022-08-01,2022,8,ARCAMANIK,24.2125,19.37,19.908,19.8004,29.055,20.822725,30.962276214833757,78200,21.362903225806452,138.33,88.19354838709677,22.5,0.088045,0
2022-09-01,2022,9,ARCAMANIK,23.9435,24.2125,19.37,19.908,23.1364,21.8585,30.618286445012785,78200,21.667333333333332,301.34999999999997,89.089,22.25,0.087067,0
2022-10-01,2022,10,ARCAMANIK,24.1049,23.9435,24.2125,19.37,19.37,22.907725,30.82468030690537,78200,21.640967741935484,426.72,90.4658064516129,22.4,0.087654,1
2022-11-01,2022,11,ARCAMANIK,23.6744,24.1049,23.9435,24.2125,19.8004,23.983825,30.274168797953962,78200,21.424,413.78,91.02466666666668,22.0,0.086089,1
2022-12-01,2022,12,ARCAMANIK,17.2178,23.6744,24.1049,23.9435,19.908,22.23515,22.01764705882353,78200,21.384516129032257,353.8,90.81741935483872,16.0,0.06261,1
2023-01-01,2023,1,ARCAMANIK,8.1235,17.2178,23.6744,24.1049,19.37,18.28015,10.388107416879794,78200,21.17322580645161,158.04,90.5667741935484,17.0,0.099068,1
2023-02-01,2023,2,ARCAMANIK,8.0041,8.1235,17.2178,23.6744,24.2125,14.25495,10.23542199488491,78200,20.5825,359.16,91.09357142857142,16.75,0.097611,1
2023-03-01,2023,3,ARCAMANIK,7.4068,8.0041,8.1235,17.2178,23.9435,10.18805,9.471611253196931,78200,21.701290322580647,334.8,90.1258064516129,15.5,0.090326,1
2023-04-01,2023,4,ARCAMANIK,6.8811,7.4068,8.0041,8.1235,24.1049,7.6038749999999995,8.799360613810743,78200,22.06566666666667,272.96,89.87733333333334,14.4,0.083916,0
2023-05-01,2023,5,ARCAMANIK,7.5262,6.8811,7.4068,8.0041,23.6744,7.454549999999999,9.624296675191816,78200,22.14774193548387,215.54000000000002,89.70709677419354,15.75,0.091783,0
2023-06-01,2023,6,ARCAMANIK,6.451,7.5262,6.8811,7.4068,17.2178,7.066274999999999,8.24936061381074,78200,21.829,148.52,89.866,13.5,0.078671,0
2023-07-01,2023,7,ARCAMANIK,5.2564,6.451,7.5262,6.8811,8.1235,6.528675,6.721739130434782,78200,20.978387096774195,76.8,88.14032258064516,11.0,0.064103,0
2023-08-01,2023,8,ARCAMANIK,6.451,5.2564,6.451,7.5262,8.0041,6.42115,8.24936061381074,78200,20.746129032258064,18.96,84.63129032258065,13.5,0.078671,0
2023-09-01,2023,9,ARCAMANIK,6.2121,6.451,5.2564,6.451,7.4068,6.092625,7.94386189258312,78200,21.15533333333333,6.95,81.82133333333333,13.0,0.075758,0
2023-10-01,2023,10,ARCAMANIK,5.9254,6.2121,6.451,5.2564,6.8811,5.961225000000001,7.577237851662404,78200,22.83225806451613,56.58,79.87290322580645,12.4,0.072261,1
2023-11-01,2023,11,ARCAMANIK,7.1678,5.9254,6.2121,6.451,7.5262,6.439075000000001,9.165984654731457,78200,23.137999999999998,379.14,84.75633333333333,15.0,0.087413,1
2023-12-01,2023,12,ARCAMANIK,6.5944,7.1678,5.9254,6.2121,6.451,6.474925000000001,8.432736572890025,78200,22.862903225806452,231.32,86.83161290322582,13.8,0.08042,1
2024-01-01,2024,1,ARCAMANIK,28.0769,6.5944,7.1678,5.9254,5.2564,11.941125,35.903964194373394,78200,22.437419354838713,598.42,89.78064516129032,18.25,0.089417,1
2024-02-01,2024,2,ARCAMANIK,30.7692,28.0769,6.5944,7.1678,6.451,18.152075,39.346803069053706,78200,22.73793103448276,474.35,89.5803448275862,20.0,0.097991,1
2024-03-01,2024,3,ARCAMANIK,40.3077,30.7692,28.0769,6.5944,6.2121,26.43705,51.54437340153452,78200,22.405483870967743,391.27,90.65516129032258,26.2,0.128368,1
2024-04-01,2024,4,ARCAMANIK,36.9231,40.3077,30.7692,28.0769,5.9254,34.019225,47.21624040920716,78200,23.169,323.82,90.12033333333333,24.0,0.117589,0
2024-05-01,2024,5,ARCAMANIK,36.9231,36.9231,40.3077,30.7692,7.1678,36.230775,47.21624040920716,78200,22.799354838709675,122.81,88.94935483870967,24.0,0.117589,0
2024-06-01,2024,6,ARCAMANIK,25.5385,36.9231,36.9231,40.3077,6.5944,34.9231,32.657928388746804,78200,22.169666666666668,235.73000000000002,89.03999999999999,16.6,0.081333,0
2024-07-01,2024,7,ARCAMANIK,21.5385,25.5385,36.9231,36.9231,28.0769,30.2308,27.542838874680307,78200,21.01290322580645,291.43,89.00387096774193,14.0,0.068594,0
2024-08-01,2024,8,ARCAMANIK,17.3077,21.5385,25.5385,36.9231,30.7692,25.32695,22.132608695652173,78200,21.080645161290324,79.38,86.01806451612903,11.25,0.05512,0
2024-09-01,2024,9,ARCAMANIK,16.6154,17.3077,21.5385,25.5385,40.3077,20.250025,21.247314578005117,78200,21.895333333333333,329.11,85.34933333333333,10.8,0.052915,0
2024-10-01,2024,10,ARCAMANIK,18.8462,16.6154,17.3077,21.5385,36.9231,18.57695,24.1,78200,22.643225806451614,85.42999999999999,85.1325806451613,12.25,0.06002,1
2024-11-01,2024,11,ARCAMANIK,18.0769,18.8462,16.6154,17.3077,36.9231,17.71155,23.11624040920716,78200,22.590333333333334,530.84,88.96533333333333,11.75,0.05757,1
2024-12-01,2024,12,ARCAMANIK,23.0769,18.0769,18.8462,16.6154,25.5385,19.15385,29.510102301790276,78200,21.753870967741936,329.88,91.23483870967742,15.0,0.073493,1
2016-01-01,2016,1,ASTANA ANYAR,8.373,,,,,8.373,11.269179004037683,74300,22.434516129032257,396.61,88.54548387096774,25.6,0.124969,1
2016-02-01,2016,2,ASTANA ANYAR,11.2021,8.373,,,,9.78755,15.076850605652758,74300,22.00206896551724,468.95,90.91551724137932,34.25,0.167196,1
2016-03-01,2016,3,ASTANA ANYAR,8.5038,11.2021,8.373,,,9.359633333333333,11.44522207267833,74300,22.740322580645163,477.1,90.77612903225807,26.0,0.126922,1
2016-04-01,2016,4,ASTANA ANYAR,7.6861,8.5038,11.2021,8.373,,8.94125,10.344683714670255,74300,22.466,489.21,91.35133333333333,23.5,0.114718,0
2016-05-01,2016,5,ASTANA ANYAR,5.4293,7.6861,8.5038,11.2021,,8.205325,7.307267833109017,74300,22.4,251.60999999999999,90.83612903225807,16.6,0.081035,0
2016-06-01,2016,6,ASTANA ANYAR,3.8431,5.4293,7.6861,8.5038,,6.365575,5.1724091520861375,74300,21.715333333333334,176.73,88.34833333333333,11.75,0.057359,0
2016-07-01,2016,7,ASTANA ANYAR,3.5978,3.8431,5.4293,7.6861,8.373,5.139075,4.842261103633916,74300,21.557419354838707,300.44,89.96677419354839,11.0,0.053698,0
2016-08-01,2016,8,ASTANA ANYAR,3.6795,3.5978,3.8431,5.4293,11.2021,4.137425,4.952220726783311,74300,21.18967741935484,190.43,88.61,11.25,0.054918,0
2016-09-01,2016,9,ASTANA ANYAR,3.6795,3.6795,3.5978,3.8431,8.5038,3.6999750000000002,4.952220726783311,74300,21.71033333333333,438.58,89.848,11.25,0.054918,0
2016-10-01,2016,10,ASTANA ANYAR,3.7286,3.6795,3.6795,3.5978,7.6861,3.6713500000000003,5.018304172274563,74300,21.464193548387097,440.99,91.19935483870967,11.4,0.05565,1
2016-11-01,2016,11,ASTANA ANYAR,3.7613,3.7286,3.6795,3.6795,5.4293,3.712225,5.062314939434724,74300,21.88,430.71999999999997,90.57866666666668,11.5,0.056139,1
2016-12-01,2016,12,ASTANA ANYAR,3.516,3.7613,3.7286,3.6795,3.8431,3.67135,4.732166890982503,74300,21.13935483870968,188.26,90.15129032258065,10.75,0.052477,1
2017-01-01,2017,1,ASTANA ANYAR,7.1045,3.516,3.7613,3.7286,3.5978,4.5276,9.561911170928667,74300,21.030645161290323,295.58,90.34,11.6,0.122492,1
2017-02-01,2017,2,ASTANA ANYAR,5.9715,7.1045,3.516,3.7613,3.6795,5.088325,8.037012113055182,74300,21.141428571428573,478.78000000000003,91.32892857142858,9.75,0.102957,1
2017-03-01,2017,3,ASTANA ANYAR,5.6653,5.9715,7.1045,3.516,3.6795,5.564324999999999,7.6248990578734865,74300,21.510967741935485,336.51,89.8583870967742,9.25,0.097677,1
2017-04-01,2017,4,ASTANA ANYAR,4.7772,5.6653,5.9715,7.1045,3.7286,5.879625,6.429609690444145,74300,21.872666666666664,371.34,90.94333333333334,7.8,0.082365,0
2017-05-01,2017,5,ASTANA ANYAR,4.2872,4.7772,5.6653,5.9715,3.7613,5.1753,5.770121130551818,74300,21.852903225806454,209.88,90.35548387096775,7.0,0.073918,0
2017-06-01,2017,6,ASTANA ANYAR,3.3685,4.2872,4.7772,5.6653,3.516,4.52455,4.533647375504711,74300,21.282666666666668,155.11,90.05266666666667,5.5,0.058078,0
2017-07-01,2017,7,ASTANA ANYAR,3.5523,3.3685,4.2872,4.7772,7.1045,3.9963,4.781022880215343,74300,20.681612903225805,89.05,89.09967741935485,5.8,0.061246,0
2017-08-01,2017,8,ASTANA ANYAR,3.8279,3.5523,3.3685,4.2872,5.9715,3.758975,5.151951547779273,74300,20.58225806451613,29.75,86.16129032258064,6.25,0.065998,0
2017-09-01,2017,9,ASTANA ANYAR,4.1341,3.8279,3.5523,3.3685,5.6653,3.7207,5.564064602960969,74300,21.449666666666666,108.77000000000001,84.02466666666668,6.75,0.071278,0
2017-10-01,2017,10,ASTANA ANYAR,5.2672,4.1341,3.8279,3.5523,4.7772,4.195374999999999,7.089098250336474,74300,22.156451612903226,516.17,87.77129032258064,8.6,0.090813,1
2017-11-01,2017,11,ASTANA ANYAR,5.5121,5.2672,4.1341,3.8279,4.2872,4.685325,7.418707940780619,74300,21.842666666666666,451.08,89.273,9.0,0.095037,1
2017-12-01,2017,12,ASTANA ANYAR,4.5322,5.5121,5.2672,4.1341,3.3685,4.8614,6.09986541049798,74300,21.30516129032258,259.67,89.88935483870968,7.4,0.078141,1
2018-01-01,2018,1,ASTANA ANYAR,7.202,4.5322,5.5121,5.2672,3.5523,5.628375,9.69313593539704,74300,20.889032258064514,262.41,91.22258064516129,7.25,0.080022,1
2018-02-01,2018,2,ASTANA ANYAR,6.9536,7.202,4.5322,5.5121,3.8279,6.049975,9.358815612382234,74300,21.117142857142856,517.61,91.1925,7.0,0.077263,1
2018-03-01,2018,3,ASTANA ANYAR,6.9536,6.9536,7.202,4.5322,4.1341,6.41035,9.358815612382234,74300,21.65741935483871,387.92,89.85741935483871,7.0,0.077263,1
2018-04-01,2018,4,ASTANA ANYAR,6.9536,6.9536,6.9536,7.202,5.2672,7.0157,9.358815612382234,74300,21.947,262.95,89.76933333333334,7.0,0.077263,0
2018-05-01,2018,5,ASTANA ANYAR,6.7053,6.9536,6.9536,6.9536,5.5121,6.891525,9.02462987886945,74300,21.772903225806452,120.22,88.87645161290322,6.75,0.074503,0
2018-06-01,2018,6,ASTANA ANYAR,5.4636,6.7053,6.9536,6.9536,4.5322,6.519025,7.3534320323014795,74300,21.314333333333334,91.12,88.38766666666668,5.5,0.060706,0
2018-07-01,2018,7,ASTANA ANYAR,5.9603,5.4636,6.7053,6.9536,7.202,6.2707,8.02193808882907,74300,19.885161290322582,5.63,85.66225806451614,6.0,0.066225,0
2018-08-01,2018,8,ASTANA ANYAR,6.457,5.9603,5.4636,6.7053,6.9536,6.14655,8.690444145356661,74300,20.21161290322581,32.75,84.21451612903226,6.5,0.071744,0
2018-09-01,2018,9,ASTANA ANYAR,6.9536,6.457,5.9603,5.4636,6.9536,6.208625,9.358815612382234,74300,21.037,96.61,83.175,7.0,0.077263,0
2018-10-01,2018,10,ASTANA ANYAR,8.1954,6.9536,6.457,5.9603,6.9536,6.891575,11.03014804845222,74300,22.358709677419355,189.07,82.22838709677418,8.25,0.09106,1
2018-11-01,2018,11,ASTANA ANYAR,9.6854,8.1954,6.9536,6.457,6.7053,7.822849999999999,13.035531628532974,74300,22.28033333333333,425.59000000000003,87.10799999999999,9.75,0.107616,1
2018-12-01,2018,12,ASTANA ANYAR,12.5166,9.6854,8.1954,6.9536,5.4636,9.33775,16.846029609690444,74300,21.870645161290323,411.58,90.10225806451614,12.6,0.139073,1
2019-01-01,2019,1,ASTANA ANYAR,16.6982,12.5166,9.6854,8.1954,5.9603,11.773900000000001,22.474024226110362,74300,21.614516129032257,413.94,90.2341935483871,28.5,0.17394,1
2019-02-01,2019,2,ASTANA ANYAR,20.2136,16.6982,12.5166,9.6854,6.457,14.77845,27.205383580080753,74300,22.12642857142857,488.76,90.59357142857142,34.5,0.210558,1
2019-03-01,2019,3,ASTANA ANYAR,11.2493,20.2136,16.6982,12.5166,6.9536,15.169425,15.140376850605652,74300,21.675483870967742,289.9,89.77451612903226,19.2,0.11718,1
2019-04-01,2019,4,ASTANA ANYAR,8.0561,11.2493,20.2136,16.6982,8.1954,14.054300000000001,10.842664872139974,74300,22.535333333333334,455.36,90.312,13.75,0.083918,0
2019-05-01,2019,5,ASTANA ANYAR,6.5914,8.0561,11.2493,20.2136,9.6854,11.527600000000001,8.871332436069986,74300,21.986451612903227,228.52,89.65741935483871,11.25,0.06866,0
2019-06-01,2019,6,ASTANA ANYAR,5.0388,6.5914,8.0561,11.2493,12.5166,7.733900000000001,6.7816958277254376,74300,20.71066666666667,44.2,86.69033333333333,8.6,0.052487,0
2019-07-01,2019,7,ASTANA ANYAR,3.8084,5.0388,6.5914,8.0561,16.6982,5.873675,5.125706594885599,74300,20.04064516129032,28.17,86.75548387096775,6.5,0.03967,0
2019-08-01,2019,8,ASTANA ANYAR,4.2478,3.8084,5.0388,6.5914,20.2136,4.921600000000001,5.717092866756393,74300,19.98225806451613,19.74,84.07290322580646,7.25,0.044248,0
2019-09-01,2019,9,ASTANA ANYAR,3.9841,4.2478,3.8084,5.0388,11.2493,4.269775000000001,5.362180349932705,74300,20.884333333333334,9.68,80.54033333333334,6.8,0.041501,0
2019-10-01,2019,10,ASTANA ANYAR,4.5407,3.9841,4.2478,3.8084,8.0561,4.145250000000001,6.111305518169583,74300,22.31451612903226,80.15,78.2658064516129,7.75,0.047299,1
2019-11-01,2019,11,ASTANA ANYAR,5.1266,4.5407,3.9841,4.2478,6.5914,4.474800000000001,6.899865410497981,74300,22.717333333333332,209.04,81.00466666666667,8.75,0.053403,1
2019-12-01,2019,12,ASTANA ANYAR,6.4449,5.1266,4.5407,3.9841,5.0388,5.024075000000001,8.674158815612381,74300,22.92322580645161,493.07,85.07225806451612,11.0,0.067135,1
2020-01-01,2020,1,ASTANA ANYAR,6.9623,6.4449,5.1266,4.5407,3.8084,5.768625000000001,9.370524899057873,74300,22.35483870967742,401.12,89.05290322580645,27.0,0.105489,1
2020-02-01,2020,2,ASTANA ANYAR,6.8978,6.9623,6.4449,5.1266,4.2478,6.357900000000001,9.28371467025572,74300,21.99103448275862,629.82,91.53275862068965,26.75,0.104513,1
2020-03-01,2020,3,ASTANA ANYAR,9.4894,6.8978,6.9623,6.4449,3.9841,7.448600000000001,12.771736204576044,74300,22.194193548387098,613.86,91.3616129032258,36.8,0.143778,1
2020-04-01,2020,4,ASTANA ANYAR,7.0268,9.4894,6.8978,6.9623,4.5407,7.594075,9.457335127860025,74300,22.423,359.35,90.376,27.25,0.106466,0
2020-05-01,2020,5,ASTANA ANYAR,5.9824,7.0268,9.4894,6.8978,5.1266,7.349100000000001,8.051682368775236,74300,22.330322580645163,486.90999999999997,91.91612903225807,23.2,0.090643,0
2020-06-01,2020,6,ASTANA ANYAR,4.7705,5.9824,7.0268,9.4894,6.4449,6.817275,6.420592193808883,74300,21.551,159.0,90.95,18.5,0.07228,0
2020-07-01,2020,7,ASTANA ANYAR,3.0299,4.7705,5.9824,7.0268,6.9623,5.202400000000001,4.07792732166891,74300,20.79548387096774,102.75,89.11064516129032,11.75,0.045907,0
2020-08-01,2020,8,ASTANA ANYAR,4.1774,3.0299,4.7705,5.9824,6.8978,4.490050000000001,5.622341857335127,74300,21.360967741935486,57.29,87.45516129032258,16.2,0.063294,0
2020-09-01,2020,9,ASTANA ANYAR,3.8679,4.1774,3.0299,4.7705,9.4894,3.961425000000001,5.20578734858681,74300,21.523333333333333,195.74,86.688,15.0,0.058605,0
2020-10-01,2020,10,ASTANA ANYAR,3.6745,3.8679,4.1774,3.0299,7.0268,3.687425000000001,4.945491251682369,74300,21.92290322580645,471.4,89.15064516129033,14.25,0.055675,1
2020-11-01,2020,11,ASTANA ANYAR,5.9308,3.6745,3.8679,4.1774,5.9824,4.412650000000001,7.982234185733512,74300,21.974333333333334,334.45,90.29199999999999,23.0,0.089861,1
2020-12-01,2020,12,ASTANA ANYAR,4.1903,5.9308,3.6745,3.8679,4.7705,4.415875000000001,5.639703903095558,74300,21.280645161290323,315.84000000000003,91.29451612903226,16.25,0.063489,1
2021-01-01,2021,1,ASTANA ANYAR,5.2355,4.1903,5.9308,3.6745,3.0299,4.7577750000000005,7.0464333781965,74300,21.016129032258064,342.89,91.80645161290323,14.6,0.069806,1
2021-02-01,2021,2,ASTANA ANYAR,5.6479,5.2355,4.1903,5.9308,4.1774,5.251125000000001,7.601480484522207,74300,21.04357142857143,454.85,92.93928571428572,15.75,0.075305,1
2021-03-01,2021,3,ASTANA ANYAR,7.1719,5.6479,5.2355,4.1903,3.8679,5.561400000000001,9.652624495289368,74300,21.4741935483871,611.72,89.84774193548388,20.0,0.095625,1
2021-04-01,2021,4,ASTANA ANYAR,6.8133,7.1719,5.6479,5.2355,3.6745,6.21715,9.169986541049797,74300,21.441333333333333,210.6,90.00566666666667,19.0,0.090844,0
2021-05-01,2021,5,ASTANA ANYAR,6.7416,6.8133,7.1719,5.6479,5.9308,6.593675000000001,9.073485868102289,74300,22.094838709677422,206.06,90.47516129032257,18.8,0.089888,0
2021-06-01,2021,6,ASTANA ANYAR,7.7098,6.7416,6.8133,7.1719,4.1903,7.109150000000001,10.376581426648723,74300,21.572,260.94,89.66933333333333,21.5,0.102797,0
2021-07-01,2021,7,ASTANA ANYAR,5.1996,7.7098,6.7416,6.8133,5.2355,6.616075000000001,6.998115746971736,74300,20.67064516129032,72.52,88.60129032258064,14.5,0.069328,0
2021-08-01,2021,8,ASTANA ANYAR,5.1638,5.1996,7.7098,6.7416,5.6479,6.2037,6.949932705248991,74300,21.206129032258065,111.66,88.73290322580644,14.4,0.06885,0
2021-09-01,2021,9,ASTANA ANYAR,4.841,5.1638,5.1996,7.7098,7.1719,5.728550000000001,6.515477792732168,74300,21.584666666666667,178.93,87.54133333333333,13.5,0.064547,0
2021-10-01,2021,10,ASTANA ANYAR,4.8769,4.841,5.1638,5.1996,6.8133,5.020325000000001,6.563795423956932,74300,22.29774193548387,291.15,86.82225806451612,13.6,0.065025,1
2021-11-01,2021,11,ASTANA ANYAR,7.7994,4.8769,4.841,5.1638,6.7416,5.670275000000001,10.497173620457604,74300,21.753666666666668,452.44,90.89566666666666,21.75,0.103992,1
2021-12-01,2021,12,ASTANA ANYAR,7.7994,7.7994,4.8769,4.841,7.7098,6.329175000000001,10.497173620457604,74300,21.716129032258067,366.65000000000003,90.05903225806452,21.75,0.103992,1
2022-01-01,2022,1,ASTANA ANYAR,10.4402,7.7994,7.7994,4.8769,5.1996,7.728975000000001,14.0514131897712,74300,21.427419354838708,218.29,90.04,29.0,0.113481,1
2022-02-01,2022,2,ASTANA ANYAR,9.7202,10.4402,7.7994,7.7994,5.1638,8.939800000000002,13.082368775235533,74300,21.202499999999997,251.17000000000002,90.17285714285715,27.0,0.105654,1
2022-03-01,2022,3,ASTANA ANYAR,7.7402,9.7202,10.4402,7.7994,4.841,8.925,10.417496635262449,74300,21.671290322580646,303.35,89.7316129032258,21.5,0.084132,1
2022-04-01,2022,4,ASTANA ANYAR,6.4801,7.7402,9.7202,10.4402,4.8769,8.595175000000001,8.721534320323016,74300,22.020333333333333,361.55,89.954,18.0,0.070436,0
2022-05-01,2022,5,ASTANA ANYAR,6.6241,6.4801,7.7402,9.7202,7.7994,7.641150000000001,8.91534320323015,74300,22.018064516129034,249.94,90.39709677419354,18.4,0.072002,0
2022-06-01,2022,6,ASTANA ANYAR,6.6601,6.6241,6.4801,7.7402,7.7994,6.876125000000002,8.963795423956931,74300,21.217,211.8,90.89233333333333,18.5,0.072393,0
2022-07-01,2022,7,ASTANA ANYAR,6.4801,6.6601,6.6241,6.4801,10.4402,6.5611000000000015,8.721534320323016,74300,21.188064516129035,200.27,89.83903225806452,18.0,0.070436,0
2022-08-01,2022,8,ASTANA ANYAR,8.1002,6.4801,6.6601,6.6241,9.7202,6.966125000000001,10.90201884253028,74300,21.362903225806452,138.33,88.19354838709677,22.5,0.088045,0
2022-09-01,2022,9,ASTANA ANYAR,8.0102,8.1002,6.4801,6.6601,7.7402,7.31265,10.780888290713323,74300,21.667333333333332,301.34999999999997,89.089,22.25,0.087067,0
2022-10-01,2022,10,ASTANA ANYAR,8.0642,8.0102,8.1002,6.4801,6.4801,7.663675,10.8535666218035,74300,21.640967741935484,426.72,90.4658064516129,22.4,0.087654,1
2022-11-01,2022,11,ASTANA ANYAR,7.9202,8.0642,8.0102,8.1002,6.6241,8.0237,10.659757738896367,74300,21.424,413.78,91.02466666666668,22.0,0.086089,1
2022-12-01,2022,12,ASTANA ANYAR,5.7601,7.9202,8.0642,8.0102,6.6601,7.438675000000001,7.752489905787349,74300,21.384516129032257,353.8,90.81741935483872,16.0,0.06261,1
2023-01-01,2023,1,ASTANA ANYAR,7.331,5.7601,7.9202,8.0642,6.4801,7.268875,9.866756393001348,74300,21.17322580645161,158.04,90.5667741935484,17.0,0.099068,1
2023-02-01,2023,2,ASTANA ANYAR,7.2232,7.331,5.7601,7.9202,8.1002,7.058625000000002,9.721668909825034,74300,20.5825,359.16,91.09357142857142,16.75,0.097611,1
2023-03-01,2023,3,ASTANA ANYAR,6.6841,7.2232,7.331,5.7601,8.0102,6.749600000000001,8.996096904441453,74300,21.701290322580647,334.8,90.1258064516129,15.5,0.090326,1
2023-04-01,2023,4,ASTANA ANYAR,6.2098,6.6841,7.2232,7.331,8.0642,6.862025000000001,8.357738896366085,74300,22.06566666666667,272.96,89.87733333333334,14.4,0.083916,0
2023-05-01,2023,5,ASTANA ANYAR,6.792,6.2098,6.6841,7.2232,7.9202,6.7272750000000014,9.141318977119784,74300,22.14774193548387,215.54000000000002,89.70709677419354,15.75,0.091783,0
2023-06-01,2023,6,ASTANA ANYAR,5.8217,6.792,6.2098,6.6841,5.7601,6.376900000000001,7.835397039030956,74300,21.829,148.52,89.866,13.5,0.078671,0
2023-07-01,2023,7,ASTANA ANYAR,4.7436,5.8217,6.792,6.2098,7.331,5.891775000000001,6.384387617765814,74300,20.978387096774195,76.8,88.14032258064516,11.0,0.064103,0
2023-08-01,2023,8,ASTANA ANYAR,5.8217,4.7436,5.8217,6.792,7.2232,5.7947500000000005,7.835397039030956,74300,20.746129032258064,18.96,84.63129032258065,13.5,0.078671,0
2023-09-01,2023,9,ASTANA ANYAR,5.6061,5.8217,4.7436,5.8217,6.6841,5.4982750000000005,7.545222072678331,74300,21.15533333333333,6.95,81.82133333333333,13.0,0.075758,0
2023-10-01,2023,10,ASTANA ANYAR,5.3473,5.6061,5.8217,4.7436,6.2098,5.379675000000001,7.196904441453566,74300,22.83225806451613,56.58,79.87290322580645,12.4,0.072261,1
2023-11-01,2023,11,ASTANA ANYAR,6.4685,5.3473,5.6061,5.8217,6.792,5.8109,8.705921938088828,74300,23.137999999999998,379.14,84.75633333333333,15.0,0.087413,1
2023-12-01,2023,12,ASTANA ANYAR,5.951,6.4685,5.3473,5.6061,5.8217,5.843225,8.009421265141318,74300,22.862903225806452,231.32,86.83161290322582,13.8,0.08042,1
2024-01-01,2024,1,ASTANA ANYAR,14.0385,5.951,6.4685,5.3473,4.7436,7.951325000000001,18.89434724091521,74300,22.437419354838713,598.42,89.78064516129032,18.25,0.089417,1
2024-02-01,2024,2,ASTANA ANYAR,15.3846,14.0385,5.951,6.4685,5.8217,10.460650000000001,20.70605652759085,74300,22.73793103448276,474.35,89.5803448275862,20.0,0.097991,1
2024-03-01,2024,3,ASTANA ANYAR,20.1538,15.3846,14.0385,5.951,5.6061,13.881975,27.124899057873485,74300,22.405483870967743,391.27,90.65516129032258,26.2,0.128368,1
2024-04-01,2024,4,ASTANA ANYAR,18.4615,20.1538,15.3846,14.0385,5.3473,17.0096,24.847240915208616,74300,23.169,323.82,90.12033333333333,24.0,0.117589,0
2024-05-01,2024,5,ASTANA ANYAR,18.4615,18.4615,20.1538,15.3846,6.4685,18.11535,24.847240915208616,74300,22.799354838709675,122.81,88.94935483870967,24.0,0.117589,0
2024-06-01,2024,6,ASTANA ANYAR,12.7692,18.4615,18.4615,20.1538,5.951,17.4615,17.186002691790037,74300,22.169666666666668,235.73000000000002,89.03999999999999,16.6,0.081333,0
2024-07-01,2024,7,ASTANA ANYAR,10.7692,12.7692,18.4615,18.4615,14.0385,15.11535,14.49421265141319,74300,21.01290322580645,291.43,89.00387096774193,14.0,0.068594,0
2024-08-01,2024,8,ASTANA ANYAR,8.6538,10.7692,12.7692,18.4615,15.3846,12.663425,11.647106325706595,74300,21.080645161290324,79.38,86.01806451612903,11.25,0.05512,0
2024-09-01,2024,9,ASTANA ANYAR,8.3077,8.6538,10.7692,12.7692,20.1538,10.124975,11.181292059219382,74300,21.895333333333333,329.11,85.34933333333333,10.8,0.052915,0
2024-10-01,2024,10,ASTANA ANYAR,9.4231,8.3077,8.6538,10.7692,18.4615,9.288450000000001,12.682503364737551,74300,22.643225806451614,85.42999999999999,85.1325806451613,12.25,0.06002,1
2024-11-01,2024,11,ASTANA ANYAR,9.0385,9.4231,8.3077,8.6538,18.4615,8.855775000000001,12.164872139973083,74300,22.590333333333334,530.84,88.96533333333333,11.75,0.05757,1
2024-12-01,2024,12,ASTANA ANYAR,11.5385,9.0385,9.4231,8.3077,12.7692,9.57695,15.529609690444147,74300,21.753870967741936,329.88,91.23483870967742,15.0,0.073493,1
2016-01-01,2016,1,BABAKAN CIPARAY,11.1223,,,,,11.1223,7.995902228612508,139100,22.434516129032257,396.61,88.54548387096774,25.6,0.124969,1
2016-02-01,2016,2,BABAKAN CIPARAY,14.8804,11.1223,,,,13.001349999999999,10.697627606038822,139100,22.00206896551724,468.95,90.91551724137932,34.25,0.167196,1
2016-03-01,2016,3,BABAKAN CIPARAY,11.2961,14.8804,11.1223,,,12.432933333333333,8.120848310567936,139100,22.740322580645163,477.1,90.77612903225807,26.0,0.126922,1
2016-04-01,2016,4,BABAKAN CIPARAY,10.2099,11.2961,14.8804,11.1223,,11.877175,7.339971243709561,139100,22.466,489.21,91.35133333333333,23.5,0.114718,0
2016-05-01,2016,5,BABAKAN CIPARAY,7.2121,10.2099,11.2961,14.8804,,10.899624999999999,5.184831056793674,139100,22.4,251.60999999999999,90.83612903225807,16.6,0.081035,0
2016-06-01,2016,6,BABAKAN CIPARAY,5.105,7.2121,10.2099,11.2961,,8.455775000000001,3.6700215672178294,139100,21.715333333333334,176.73,88.34833333333333,11.75,0.057359,0
2016-07-01,2016,7,BABAKAN CIPARAY,4.7791,5.105,7.2121,10.2099,11.1223,6.826524999999999,3.4357296908698776,139100,21.557419354838707,300.44,89.96677419354839,11.0,0.053698,0
2016-08-01,2016,8,BABAKAN CIPARAY,4.8877,4.7791,5.105,7.2121,14.8804,5.495975,3.5138030194104957,139100,21.18967741935484,190.43,88.61,11.25,0.054918,0
2016-09-01,2016,9,BABAKAN CIPARAY,4.8877,4.8877,4.7791,5.105,11.2961,4.914875,3.5138030194104957,139100,21.71033333333333,438.58,89.848,11.25,0.054918,0
2016-10-01,2016,10,BABAKAN CIPARAY,4.9529,4.8877,4.8877,4.7791,10.2099,4.87685,3.5606757728253053,139100,21.464193548387097,440.99,91.19935483870967,11.4,0.05565,1
2016-11-01,2016,11,BABAKAN CIPARAY,4.9963,4.9529,4.8877,4.8877,7.2121,4.93115,3.591876347951114,139100,21.88,430.71999999999997,90.57866666666668,11.5,0.056139,1
2016-12-01,2016,12,BABAKAN CIPARAY,4.6705,4.9963,4.9529,4.8877,5.105,4.876849999999999,3.3576563623292595,139100,21.13935483870968,188.26,90.15129032258065,10.75,0.052477,1
2017-01-01,2017,1,BABAKAN CIPARAY,2.0824,4.6705,4.9963,4.9529,4.7791,4.175525,1.49705248023005,139100,21.030645161290323,295.58,90.34,11.6,0.122492,1
2017-02-01,2017,2,BABAKAN CIPARAY,1.7503,2.0824,4.6705,4.9963,4.8877,3.374875,1.2583033788641265,139100,21.141428571428573,478.78000000000003,91.32892857142858,9.75,0.102957,1
2017-03-01,2017,3,BABAKAN CIPARAY,1.6605,1.7503,2.0824,4.6705,4.8877,2.540925,1.193745506829619,139100,21.510967741935485,336.51,89.8583870967742,9.25,0.097677,1
2017-04-01,2017,4,BABAKAN CIPARAY,1.4002,1.6605,1.7503,2.0824,4.9529,1.72335,1.0066139468008626,139100,21.872666666666664,371.34,90.94333333333334,7.8,0.082365,0
2017-05-01,2017,5,BABAKAN CIPARAY,1.2566,1.4002,1.6605,1.7503,4.9963,1.5169,0.9033788641265277,139100,21.852903225806454,209.88,90.35548387096775,7.0,0.073918,0
2017-06-01,2017,6,BABAKAN CIPARAY,0.9873,1.2566,1.4002,1.6605,4.6705,1.32615,0.7097771387491014,139100,21.282666666666668,155.11,90.05266666666667,5.5,0.058078,0
2017-07-01,2017,7,BABAKAN CIPARAY,1.0412,0.9873,1.2566,1.4002,2.0824,1.171325,0.748526240115025,139100,20.681612903225805,89.05,89.09967741935485,5.8,0.061246,0
2017-08-01,2017,8,BABAKAN CIPARAY,1.122,1.0412,0.9873,1.2566,1.7503,1.101775,0.8066139468008628,139100,20.58225806451613,29.75,86.16129032258064,6.25,0.065998,0
2017-09-01,2017,9,BABAKAN CIPARAY,1.2117,1.122,1.0412,0.9873,1.6605,1.0905500000000001,0.871099928109274,139100,21.449666666666666,108.77000000000001,84.02466666666668,6.75,0.071278,0
2017-10-01,2017,10,BABAKAN CIPARAY,1.5438,1.2117,1.122,1.0412,1.4002,1.229675,1.1098490294751977,139100,22.156451612903226,516.17,87.77129032258064,8.6,0.090813,1
2017-11-01,2017,11,BABAKAN CIPARAY,1.6156,1.5438,1.2117,1.122,1.2566,1.373275,1.1614665708123653,139100,21.842666666666666,451.08,89.273,9.0,0.095037,1
2017-12-01,2017,12,BABAKAN CIPARAY,1.3284,1.6156,1.5438,1.2117,0.9873,1.4248750000000001,0.9549964054636952,139100,21.30516129032258,259.67,89.88935483870968,7.4,0.078141,1
2018-01-01,2018,1,BABAKAN CIPARAY,7.0419,1.3284,1.6156,1.5438,1.0412,2.882425,5.0624730409777134,139100,20.889032258064514,262.41,91.22258064516129,7.25,0.080022,1
2018-02-01,2018,2,BABAKAN CIPARAY,6.7991,7.0419,1.3284,1.6156,1.122,4.19625,4.887922358015817,139100,21.117142857142856,517.61,91.1925,7.0,0.077263,1
2018-03-01,2018,3,BABAKAN CIPARAY,6.7991,6.7991,7.0419,1.3284,1.2117,5.492125,4.887922358015817,139100,21.65741935483871,387.92,89.85741935483871,7.0,0.077263,1
2018-04-01,2018,4,BABAKAN CIPARAY,6.7991,6.7991,6.7991,7.0419,1.5438,6.859800000000001,4.887922358015817,139100,21.947,262.95,89.76933333333334,7.0,0.077263,0
2018-05-01,2018,5,BABAKAN CIPARAY,6.5563,6.7991,6.7991,6.7991,1.6156,6.7384,4.713371675053918,139100,21.772903225806452,120.22,88.87645161290322,6.75,0.074503,0
2018-06-01,2018,6,BABAKAN CIPARAY,5.3422,6.5563,6.7991,6.7991,1.3284,6.374175,3.840546369518332,139100,21.314333333333334,91.12,88.38766666666668,5.5,0.060706,0
2018-07-01,2018,7,BABAKAN CIPARAY,5.8278,5.3422,6.5563,6.7991,7.0419,6.13135,4.1896477354421275,139100,19.885161290322582,5.63,85.66225806451614,6.0,0.066225,0
2018-08-01,2018,8,BABAKAN CIPARAY,6.3135,5.8278,5.3422,6.5563,6.7991,6.00995,4.53882099209202,139100,20.21161290322581,32.75,84.21451612903226,6.5,0.071744,0
2018-09-01,2018,9,BABAKAN CIPARAY,6.7991,6.3135,5.8278,5.3422,6.7991,6.07065,4.887922358015817,139100,21.037,96.61,83.175,7.0,0.077263,0
2018-10-01,2018,10,BABAKAN CIPARAY,8.0132,6.7991,6.3135,5.8278,6.7991,6.7384,5.760747663551402,139100,22.358709677419355,189.07,82.22838709677418,8.25,0.09106,1
2018-11-01,2018,11,BABAKAN CIPARAY,9.4702,8.0132,6.7991,6.3135,6.5563,7.649000000000001,6.808195542774982,139100,22.28033333333333,425.59000000000003,87.10799999999999,9.75,0.107616,1
2018-12-01,2018,12,BABAKAN CIPARAY,12.2384,9.4702,8.0132,6.7991,5.3422,9.130225,8.798274622573688,139100,21.870645161290323,411.58,90.10225806451614,12.6,0.139073,1
2019-01-01,2019,1,BABAKAN CIPARAY,22.6121,12.2384,9.4702,8.0132,5.8278,13.083475,16.256002875629044,139100,21.614516129032257,413.94,90.2341935483871,28.5,0.17394,1
2019-02-01,2019,2,BABAKAN CIPARAY,27.3726,22.6121,12.2384,9.4702,6.3135,17.923325000000002,19.678360891445003,139100,22.12642857142857,488.76,90.59357142857142,34.5,0.210558,1
2019-03-01,2019,3,BABAKAN CIPARAY,15.2334,27.3726,22.6121,12.2384,6.7991,19.364125,10.951401869158879,139100,21.675483870967742,289.9,89.77451612903226,19.2,0.11718,1
2019-04-01,2019,4,BABAKAN CIPARAY,10.9094,15.2334,27.3726,22.6121,8.0132,19.031875,7.842846872753415,139100,22.535333333333334,455.36,90.312,13.75,0.083918,0
2019-05-01,2019,5,BABAKAN CIPARAY,8.9258,10.9094,15.2334,27.3726,9.4702,15.6103,6.416822429906543,139100,21.986451612903227,228.52,89.65741935483871,11.25,0.06866,0
2019-06-01,2019,6,BABAKAN CIPARAY,6.8233,8.9258,10.9094,15.2334,12.2384,10.472975000000002,4.9053199137311285,139100,20.71066666666667,44.2,86.69033333333333,8.6,0.052487,0
2019-07-01,2019,7,BABAKAN CIPARAY,5.1572,6.8233,8.9258,10.9094,22.6121,7.953925,3.707548526240114,139100,20.04064516129032,28.17,86.75548387096775,6.5,0.03967,0
2019-08-01,2019,8,BABAKAN CIPARAY,5.7522,5.1572,6.8233,8.9258,27.3726,6.664625000000001,4.1352983465133,139100,19.98225806451613,19.74,84.07290322580646,7.25,0.044248,0
2019-09-01,2019,9,BABAKAN CIPARAY,5.3952,5.7522,5.1572,6.8233,15.2334,5.781975,3.878648454349389,139100,20.884333333333334,9.68,80.54033333333334,6.8,0.041501,0
2019-10-01,2019,10,BABAKAN CIPARAY,6.1489,5.3952,5.7522,5.1572,10.9094,5.613375,4.420488856937455,139100,22.31451612903226,80.15,78.2658064516129,7.75,0.047299,1
2019-11-01,2019,11,BABAKAN CIPARAY,6.9423,6.1489,5.3952,5.7522,8.9258,6.05965,4.990869877785766,139100,22.717333333333332,209.04,81.00466666666667,8.75,0.053403,1
2019-12-01,2019,12,BABAKAN CIPARAY,8.7275,6.9423,6.1489,5.3952,6.8233,6.803475000000001,6.274263120057512,139100,22.92322580645161,493.07,85.07225806451612,11.0,0.067135,1
2020-01-01,2020,1,BABAKAN CIPARAY,9.494,8.7275,6.9423,6.1489,5.1572,7.828175,6.82530553558591,139100,22.35483870967742,401.12,89.05290322580645,27.0,0.105489,1
2020-02-01,2020,2,BABAKAN CIPARAY,9.4061,9.494,8.7275,6.9423,5.7522,8.642475000000001,6.7621135873472324,139100,21.99103448275862,629.82,91.53275862068965,26.75,0.104513,1
2020-03-01,2020,3,BABAKAN CIPARAY,12.94,9.4061,9.494,8.7275,5.3952,10.1419,9.302659956865565,139100,22.194193548387098,613.86,91.3616129032258,36.8,0.143778,1
2020-04-01,2020,4,BABAKAN CIPARAY,9.5819,12.94,9.4061,9.494,6.1489,10.3555,6.888497483824587,139100,22.423,359.35,90.376,27.25,0.106466,0
2020-05-01,2020,5,BABAKAN CIPARAY,8.1578,9.5819,12.94,9.4061,6.9423,10.02145,5.8647016534867005,139100,22.330322580645163,486.90999999999997,91.91612903225807,23.2,0.090643,0
2020-06-01,2020,6,BABAKAN CIPARAY,6.5052,8.1578,9.5819,12.94,8.7275,9.296225,4.676635514018692,139100,21.551,159.0,90.95,18.5,0.07228,0
2020-07-01,2020,7,BABAKAN CIPARAY,4.1317,6.5052,8.1578,9.5819,9.494,7.09415,2.970309130122214,139100,20.79548387096774,102.75,89.11064516129032,11.75,0.045907,0
2020-08-01,2020,8,BABAKAN CIPARAY,5.6964,4.1317,6.5052,8.1578,9.4061,6.122775,4.095183321351546,139100,21.360967741935486,57.29,87.45516129032258,16.2,0.063294,0
2020-09-01,2020,9,BABAKAN CIPARAY,5.2745,5.6964,4.1317,6.5052,12.94,5.40195,3.7918763479511144,139100,21.523333333333333,195.74,86.688,15.0,0.058605,0
2020-10-01,2020,10,BABAKAN CIPARAY,5.0107,5.2745,5.6964,4.1317,9.5819,5.028325,3.6022286125089864,139100,21.92290322580645,471.4,89.15064516129033,14.25,0.055675,1
2020-11-01,2020,11,BABAKAN CIPARAY,8.0875,5.0107,5.2745,5.6964,8.1578,6.017275,5.8141624730409776,139100,21.974333333333334,334.45,90.29199999999999,23.0,0.089861,1
2020-12-01,2020,12,BABAKAN CIPARAY,5.714,8.0875,5.0107,5.2745,6.5052,6.021675,4.1078360891445005,139100,21.280645161290323,315.84000000000003,91.29451612903226,16.25,0.063489,1
2021-01-01,2021,1,BABAKAN CIPARAY,9.1446,5.714,8.0875,5.0107,4.1317,6.9892,6.57411933860532,139100,21.016129032258064,342.89,91.80645161290323,14.6,0.069806,1
2021-02-01,2021,2,BABAKAN CIPARAY,9.8649,9.1446,5.714,8.0875,5.6964,8.20275,7.091948238677211,139100,21.04357142857143,454.85,92.93928571428572,15.75,0.075305,1
2021-03-01,2021,3,BABAKAN CIPARAY,12.5269,9.8649,9.1446,5.714,5.2745,9.3126,9.00567936736161,139100,21.4741935483871,611.72,89.84774193548388,20.0,0.095625,1
2021-04-01,2021,4,BABAKAN CIPARAY,11.9005,12.5269,9.8649,9.1446,5.0107,10.859225,8.555355859094176,139100,21.441333333333333,210.6,90.00566666666667,19.0,0.090844,0
2021-05-01,2021,5,BABAKAN CIPARAY,11.7753,11.9005,12.5269,9.8649,8.0875,11.5169,8.465348670021568,139100,22.094838709677422,206.06,90.47516129032257,18.8,0.089888,0
2021-06-01,2021,6,BABAKAN CIPARAY,13.4664,11.7753,11.9005,12.5269,5.714,12.417275,9.681092739036664,139100,21.572,260.94,89.66933333333333,21.5,0.102797,0
2021-07-01,2021,7,BABAKAN CIPARAY,9.082,13.4664,11.7753,11.9005,9.1446,11.55605,6.529115744069016,139100,20.67064516129032,72.52,88.60129032258064,14.5,0.069328,0
2021-08-01,2021,8,BABAKAN CIPARAY,9.0194,9.082,13.4664,11.7753,9.8649,10.835775,6.48411214953271,139100,21.206129032258065,111.66,88.73290322580644,14.4,0.06885,0
2021-09-01,2021,9,BABAKAN CIPARAY,8.4557,9.0194,9.082,13.4664,12.5269,10.005875,6.078864126527678,139100,21.584666666666667,178.93,87.54133333333333,13.5,0.064547,0
2021-10-01,2021,10,BABAKAN CIPARAY,8.5183,8.4557,9.0194,9.082,11.9005,8.76885,6.123867721063983,139100,22.29774193548387,291.15,86.82225806451612,13.6,0.065025,1
2021-11-01,2021,11,BABAKAN CIPARAY,13.623,8.5183,8.4557,9.0194,11.7753,9.9041,9.793673616103522,139100,21.753666666666668,452.44,90.89566666666666,21.75,0.103992,1
2021-12-01,2021,12,BABAKAN CIPARAY,13.623,13.623,8.5183,8.4557,13.4664,11.055,9.793673616103522,139100,21.716129032258067,366.65000000000003,90.05903225806452,21.75,0.103992,1
2022-01-01,2022,1,BABAKAN CIPARAY,12.5964,13.623,13.623,8.5183,9.082,12.090175,9.055643421998562,139100,21.427419354838708,218.29,90.04,29.0,0.113481,1
2022-02-01,2022,2,BABAKAN CIPARAY,11.7276,12.5964,13.623,13.623,9.0194,12.892499999999998,8.431056793673617,139100,21.202499999999997,251.17000000000002,90.17285714285715,27.0,0.105654,1
2022-03-01,2022,3,BABAKAN CIPARAY,9.3387,11.7276,12.5964,13.623,8.4557,11.821425,6.713659237958303,139100,21.671290322580646,303.35,89.7316129032258,21.5,0.084132,1
2022-04-01,2022,4,BABAKAN CIPARAY,7.8184,9.3387,11.7276,12.5964,8.5183,10.370275,5.620704529115744,139100,22.020333333333333,361.55,89.954,18.0,0.070436,0
2022-05-01,2022,5,BABAKAN CIPARAY,7.9922,7.8184,9.3387,11.7276,13.623,9.219225,5.745650611071173,139100,22.018064516129034,249.94,90.39709677419354,18.4,0.072002,0
2022-06-01,2022,6,BABAKAN CIPARAY,8.0356,7.9922,7.8184,9.3387,13.623,8.296225,5.776851186196981,139100,21.217,211.8,90.89233333333333,18.5,0.072393,0
2022-07-01,2022,7,BABAKAN CIPARAY,7.8184,8.0356,7.9922,7.8184,12.5964,7.916150000000001,5.620704529115744,139100,21.188064516129035,200.27,89.83903225806452,18.0,0.070436,0
2022-08-01,2022,8,BABAKAN CIPARAY,9.773,7.8184,8.0356,7.9922,11.7276,8.404800000000002,7.025880661394679,139100,21.362903225806452,138.33,88.19354838709677,22.5,0.088045,0
2022-09-01,2022,9,BABAKAN CIPARAY,9.6644,9.773,7.8184,8.0356,9.3387,8.82285,6.947807332854063,139100,21.667333333333332,301.34999999999997,89.089,22.25,0.087067,0
2022-10-01,2022,10,BABAKAN CIPARAY,9.7296,9.6644,9.773,7.8184,7.8184,9.24635,6.99468008626887,139100,21.640967741935484,426.72,90.4658064516129,22.4,0.087654,1
2022-11-01,2022,11,BABAKAN CIPARAY,9.5559,9.7296,9.6644,9.773,7.9922,9.680724999999999,6.86980589503954,139100,21.424,413.78,91.02466666666668,22.0,0.086089,1
2022-12-01,2022,12,BABAKAN CIPARAY,6.9497,9.5559,9.7296,9.6644,8.0356,8.9749,4.996189791516894,139100,21.384516129032257,353.8,90.81741935483872,16.0,0.06261,1
2023-01-01,2023,1,BABAKAN CIPARAY,9.6096,6.9497,9.5559,9.7296,7.8184,8.9612,6.90841121495327,139100,21.17322580645161,158.04,90.5667741935484,17.0,0.099068,1
2023-02-01,2023,2,BABAKAN CIPARAY,9.4682,9.6096,6.9497,9.5559,9.773,8.89585,6.8067577282530545,139100,20.5825,359.16,91.09357142857142,16.75,0.097611,1
2023-03-01,2023,3,BABAKAN CIPARAY,8.7617,9.4682,9.6096,6.9497,9.6644,8.6973,6.298849748382458,139100,21.701290322580647,334.8,90.1258064516129,15.5,0.090326,1
2023-04-01,2023,4,BABAKAN CIPARAY,8.1399,8.7617,9.4682,9.6096,9.7296,8.99485,5.851833213515457,139100,22.06566666666667,272.96,89.87733333333334,14.4,0.083916,0
2023-05-01,2023,5,BABAKAN CIPARAY,8.903,8.1399,8.7617,9.4682,9.5559,8.818200000000001,6.400431344356579,139100,22.14774193548387,215.54000000000002,89.70709677419354,15.75,0.091783,0
2023-06-01,2023,6,BABAKAN CIPARAY,7.6311,8.903,8.1399,8.7617,6.9497,8.358925,5.486053199137311,139100,21.829,148.52,89.866,13.5,0.078671,0
2023-07-01,2023,7,BABAKAN CIPARAY,6.2179,7.6311,8.903,8.1399,9.6096,7.722975000000001,4.470093457943925,139100,20.978387096774195,76.8,88.14032258064516,11.0,0.064103,0
2023-08-01,2023,8,BABAKAN CIPARAY,7.6311,6.2179,7.6311,8.903,9.4682,7.595775000000001,5.486053199137311,139100,20.746129032258064,18.96,84.63129032258065,13.5,0.078671,0
2023-09-01,2023,9,BABAKAN CIPARAY,7.3485,7.6311,6.2179,7.6311,8.7617,7.20715,5.282890007189072,139100,21.15533333333333,6.95,81.82133333333333,13.0,0.075758,0
2023-10-01,2023,10,BABAKAN CIPARAY,7.0093,7.3485,7.6311,6.2179,8.1399,7.0517,5.039036664270308,139100,22.83225806451613,56.58,79.87290322580645,12.4,0.072261,1
2023-11-01,2023,11,BABAKAN CIPARAY,8.479,7.0093,7.3485,7.6311,8.903,7.616975,6.095614665708123,139100,23.137999999999998,379.14,84.75633333333333,15.0,0.087413,1
2023-12-01,2023,12,BABAKAN CIPARAY,7.8007,8.479,7.0093,7.3485,7.6311,7.659375,5.607979870596693,139100,22.862903225806452,231.32,86.83161290322582,13.8,0.08042,1
2024-01-01,2024,1,BABAKAN CIPARAY,21.1918,7.8007,8.479,7.0093,6.2179,11.1202,15.23493889288282,139100,22.437419354838713,598.42,89.78064516129032,18.25,0.089417,1
2024-02-01,2024,2,BABAKAN CIPARAY,23.2239,21.1918,7.8007,8.479,7.6311,15.17385,16.695830337886413,139100,22.73793103448276,474.35,89.5803448275862,20.0,0.097991,1
2024-03-01,2024,3,BABAKAN CIPARAY,30.4233,23.2239,21.1918,7.8007,7.3485,20.659925,21.87153127246585,139100,22.405483870967743,391.27,90.65516129032258,26.2,0.128368,1
2024-04-01,2024,4,BABAKAN CIPARAY,27.8687,30.4233,23.2239,21.1918,7.0093,25.676925000000004,20.035010783608914,139100,23.169,323.82,90.12033333333333,24.0,0.117589,0
2024-05-01,2024,5,BABAKAN CIPARAY,27.8687,27.8687,30.4233,23.2239,8.479,27.34615,20.035010783608914,139100,22.799354838709675,122.81,88.94935483870967,24.0,0.117589,0
2024-06-01,2024,6,BABAKAN CIPARAY,19.2758,27.8687,27.8687,30.4233,7.8007,26.359125,13.857512580877067,139100,22.169666666666668,235.73000000000002,89.03999999999999,16.6,0.081333,0
2024-07-01,2024,7,BABAKAN CIPARAY,16.2567,19.2758,27.8687,27.8687,21.1918,22.817474999999998,11.68705966930266,139100,21.01290322580645,291.43,89.00387096774193,14.0,0.068594,0
2024-08-01,2024,8,BABAKAN CIPARAY,13.0634,16.2567,19.2758,27.8687,23.2239,19.11615,9.39137311286844,139100,21.080645161290324,79.38,86.01806451612903,11.25,0.05512,0
2024-09-01,2024,9,BABAKAN CIPARAY,12.5409,13.0634,16.2567,19.2758,30.4233,15.284199999999998,9.015744069015097,139100,21.895333333333333,329.11,85.34933333333333,10.8,0.052915,0
2024-10-01,2024,10,BABAKAN CIPARAY,14.2246,12.5409,13.0634,16.2567,27.8687,14.0214,10.226168224299066,139100,22.643225806451614,85.42999999999999,85.1325806451613,12.25,0.06002,1
2024-11-01,2024,11,BABAKAN CIPARAY,13.644,14.2246,12.5409,13.0634,27.8687,13.368225,9.808770668583753,139100,22.590333333333334,530.84,88.96533333333333,11.75,0.05757,1
2024-12-01,2024,12,BABAKAN CIPARAY,17.4179,13.644,14.2246,12.5409,19.2758,14.456850000000001,12.521854780733285,139100,21.753870967741936,329.88,91.23483870967742,15.0,0.073493,1
2016-01-01,2016,1,BANDUNG KIDUL,20.37,,,,,20.37,33.2843137254902,61200,22.434516129032257,396.61,88.54548387096774,25.6,0.124969,1
2016-02-01,2016,2,BANDUNG KIDUL,27.2529,20.37,,,,23.81145,44.53088235294118,61200,22.00206896551724,468.95,90.91551724137932,34.25,0.167196,1
2016-03-01,2016,3,BANDUNG KIDUL,20.6883,27.2529,20.37,,,22.7704,33.80441176470588,61200,22.740322580645163,477.1,90.77612903225807,26.0,0.126922,1
2016-04-01,2016,4,BANDUNG KIDUL,18.699,20.6883,27.2529,20.37,,21.75255,30.55392156862745,61200,22.466,489.21,91.35133333333333,23.5,0.114718,0
2016-05-01,2016,5,BANDUNG KIDUL,13.2087,18.699,20.6883,27.2529,,19.962225,21.582843137254905,61200,22.4,251.60999999999999,90.83612903225807,16.6,0.081035,0
2016-06-01,2016,6,BANDUNG KIDUL,9.3495,13.2087,18.699,20.6883,,15.486375,15.276960784313726,61200,21.715333333333334,176.73,88.34833333333333,11.75,0.057359,0
2016-07-01,2016,7,BANDUNG KIDUL,8.7527,9.3495,13.2087,18.699,20.37,12.502475,14.301797385620917,61200,21.557419354838707,300.44,89.96677419354839,11.0,0.053698,0
2016-08-01,2016,8,BANDUNG KIDUL,8.9517,8.7527,9.3495,13.2087,27.2529,10.065650000000002,14.626960784313727,61200,21.18967741935484,190.43,88.61,11.25,0.054918,0
2016-09-01,2016,9,BANDUNG KIDUL,8.9517,8.9517,8.7527,9.3495,20.6883,9.0014,14.626960784313727,61200,21.71033333333333,438.58,89.848,11.25,0.054918,0
2016-10-01,2016,10,BANDUNG KIDUL,9.071,8.9517,8.9517,8.7527,18.699,8.931775000000002,14.821895424836601,61200,21.464193548387097,440.99,91.19935483870967,11.4,0.05565,1
2016-11-01,2016,11,BANDUNG KIDUL,9.1506,9.071,8.9517,8.9517,13.2087,9.03125,14.951960784313727,61200,21.88,430.71999999999997,90.57866666666668,11.5,0.056139,1
2016-12-01,2016,12,BANDUNG KIDUL,8.5538,9.1506,9.071,8.9517,9.3495,8.931775,13.976797385620916,61200,21.13935483870968,188.26,90.15129032258065,10.75,0.052477,1
2017-01-01,2017,1,BANDUNG KIDUL,10.0444,8.5538,9.1506,9.071,8.7527,9.20495,16.412418300653595,61200,21.030645161290323,295.58,90.34,11.6,0.122492,1
2017-02-01,2017,2,BANDUNG KIDUL,8.4424,10.0444,8.5538,9.1506,8.9517,9.0478,13.794771241830064,61200,21.141428571428573,478.78000000000003,91.32892857142858,9.75,0.102957,1
2017-03-01,2017,3,BANDUNG KIDUL,8.0095,8.4424,10.0444,8.5538,8.9517,8.762525,13.087418300653594,61200,21.510967741935485,336.51,89.8583870967742,9.25,0.097677,1
2017-04-01,2017,4,BANDUNG KIDUL,6.754,8.0095,8.4424,10.0444,9.071,8.312574999999999,11.035947712418299,61200,21.872666666666664,371.34,90.94333333333334,7.8,0.082365,0
2017-05-01,2017,5,BANDUNG KIDUL,6.0612,6.754,8.0095,8.4424,9.1506,7.316775,9.903921568627451,61200,21.852903225806454,209.88,90.35548387096775,7.0,0.073918,0
2017-06-01,2017,6,BANDUNG KIDUL,4.7624,6.0612,6.754,8.0095,8.5538,6.396775,7.781699346405229,61200,21.282666666666668,155.11,90.05266666666667,5.5,0.058078,0
2017-07-01,2017,7,BANDUNG KIDUL,5.0222,4.7624,6.0612,6.754,10.0444,5.64995,8.206209150326798,61200,20.681612903225805,89.05,89.09967741935485,5.8,0.061246,0
2017-08-01,2017,8,BANDUNG KIDUL,5.4118,5.0222,4.7624,6.0612,8.4424,5.3144,8.84281045751634,61200,20.58225806451613,29.75,86.16129032258064,6.25,0.065998,0
2017-09-01,2017,9,BANDUNG KIDUL,5.8448,5.4118,5.0222,4.7624,8.0095,5.260300000000001,9.55032679738562,61200,21.449666666666666,108.77000000000001,84.02466666666668,6.75,0.071278,0
2017-10-01,2017,10,BANDUNG KIDUL,7.4467,5.8448,5.4118,5.0222,6.754,5.931375000000001,12.16781045751634,61200,22.156451612903226,516.17,87.77129032258064,8.6,0.090813,1
2017-11-01,2017,11,BANDUNG KIDUL,7.793,7.4467,5.8448,5.4118,6.0612,6.624075,12.733660130718954,61200,21.842666666666666,451.08,89.273,9.0,0.095037,1
2017-12-01,2017,12,BANDUNG KIDUL,6.4076,7.793,7.4467,5.8448,4.7624,6.873025,10.469934640522878,61200,21.30516129032258,259.67,89.88935483870968,7.4,0.078141,1
2018-01-01,2018,1,BANDUNG KIDUL,5.9216,6.4076,7.793,7.4467,5.0222,6.892225000000001,9.675816993464052,61200,20.889032258064514,262.41,91.22258064516129,7.25,0.080022,1
2018-02-01,2018,2,BANDUNG KIDUL,5.7174,5.9216,6.4076,7.793,5.4118,6.459899999999999,9.342156862745098,61200,21.117142857142856,517.61,91.1925,7.0,0.077263,1
2018-03-01,2018,3,BANDUNG KIDUL,5.7174,5.7174,5.9216,6.4076,5.8448,5.941,9.342156862745098,61200,21.65741935483871,387.92,89.85741935483871,7.0,0.077263,1
2018-04-01,2018,4,BANDUNG KIDUL,5.7174,5.7174,5.7174,5.9216,7.4467,5.76845,9.342156862745098,61200,21.947,262.95,89.76933333333334,7.0,0.077263,0
2018-05-01,2018,5,BANDUNG KIDUL,5.5132,5.7174,5.7174,5.7174,7.793,5.6663499999999996,9.008496732026146,61200,21.772903225806452,120.22,88.87645161290322,6.75,0.074503,0
2018-06-01,2018,6,BANDUNG KIDUL,4.4923,5.5132,5.7174,5.7174,6.4076,5.360075,7.340359477124183,61200,21.314333333333334,91.12,88.38766666666668,5.5,0.060706,0
2018-07-01,2018,7,BANDUNG KIDUL,4.9007,4.4923,5.5132,5.7174,5.9216,5.1559,8.007679738562091,61200,19.885161290322582,5.63,85.66225806451614,6.0,0.066225,0
2018-08-01,2018,8,BANDUNG KIDUL,5.3091,4.9007,4.4923,5.5132,5.7174,5.053825,8.674999999999999,61200,20.21161290322581,32.75,84.21451612903226,6.5,0.071744,0
2018-09-01,2018,9,BANDUNG KIDUL,5.7174,5.3091,4.9007,4.4923,5.7174,5.104875,9.342156862745098,61200,21.037,96.61,83.175,7.0,0.077263,0
2018-10-01,2018,10,BANDUNG KIDUL,6.7384,5.7174,5.3091,4.9007,5.7174,5.666399999999999,11.01045751633987,61200,22.358709677419355,189.07,82.22838709677418,8.25,0.09106,1
2018-11-01,2018,11,BANDUNG KIDUL,7.9636,6.7384,5.7174,5.3091,5.5132,6.432124999999999,13.012418300653595,61200,22.28033333333333,425.59000000000003,87.10799999999999,9.75,0.107616,1
2018-12-01,2018,12,BANDUNG KIDUL,10.2914,7.9636,6.7384,5.7174,4.4923,7.6777,16.816013071895423,61200,21.870645161290323,411.58,90.10225806451614,12.6,0.139073,1
2019-01-01,2019,1,BANDUNG KIDUL,19.1334,10.2914,7.9636,6.7384,4.9007,11.0317,31.26372549019608,61200,21.614516129032257,413.94,90.2341935483871,28.5,0.17394,1
2019-02-01,2019,2,BANDUNG KIDUL,23.1614,19.1334,10.2914,7.9636,5.3091,15.137450000000001,37.84542483660131,61200,22.12642857142857,488.76,90.59357142857142,34.5,0.210558,1
2019-03-01,2019,3,BANDUNG KIDUL,12.8898,23.1614,19.1334,10.2914,5.7174,16.369,21.06176470588235,61200,21.675483870967742,289.9,89.77451612903226,19.2,0.11718,1
2019-04-01,2019,4,BANDUNG KIDUL,9.231,12.8898,23.1614,19.1334,6.7384,16.1039,15.083333333333334,61200,22.535333333333334,455.36,90.312,13.75,0.083918,0
2019-05-01,2019,5,BANDUNG KIDUL,7.5526,9.231,12.8898,23.1614,7.9636,13.2087,12.340849673202616,61200,21.986451612903227,228.52,89.65741935483871,11.25,0.06866,0
2019-06-01,2019,6,BANDUNG KIDUL,5.7736,7.5526,9.231,12.8898,10.2914,8.86175,9.433986928104575,61200,20.71066666666667,44.2,86.69033333333333,8.6,0.052487,0
2019-07-01,2019,7,BANDUNG KIDUL,4.3637,5.7736,7.5526,9.231,19.1334,6.730224999999999,7.130228758169935,61200,20.04064516129032,28.17,86.75548387096775,6.5,0.03967,0
2019-08-01,2019,8,BANDUNG KIDUL,4.8673,4.3637,5.7736,7.5526,23.1614,5.6393,7.953104575163399,61200,19.98225806451613,19.74,84.07290322580646,7.25,0.044248,0
2019-09-01,2019,9,BANDUNG KIDUL,4.5652,4.8673,4.3637,5.7736,12.8898,4.89245,7.459477124183007,61200,20.884333333333334,9.68,80.54033333333334,6.8,0.041501,0
2019-10-01,2019,10,BANDUNG KIDUL,5.2029,4.5652,4.8673,4.3637,9.231,4.749775,8.501470588235293,61200,22.31451612903226,80.15,78.2658064516129,7.75,0.047299,1
2019-11-01,2019,11,BANDUNG KIDUL,5.8743,5.2029,4.5652,4.8673,7.5526,5.127425,9.598529411764705,61200,22.717333333333332,209.04,81.00466666666667,8.75,0.053403,1
2019-12-01,2019,12,BANDUNG KIDUL,7.3848,5.8743,5.2029,4.5652,5.7736,5.7568,12.066666666666666,61200,22.92322580645161,493.07,85.07225806451612,11.0,0.067135,1
2020-01-01,2020,1,BANDUNG KIDUL,6.8568,7.3848,5.8743,5.2029,4.3637,6.3297,11.20392156862745,61200,22.35483870967742,401.12,89.05290322580645,27.0,0.105489,1
2020-02-01,2020,2,BANDUNG KIDUL,6.7933,6.8568,7.3848,5.8743,4.8673,6.7273,11.10016339869281,61200,21.99103448275862,629.82,91.53275862068965,26.75,0.104513,1
2020-03-01,2020,3,BANDUNG KIDUL,9.3456,6.7933,6.8568,7.3848,4.5652,7.595125,15.270588235294117,61200,22.194193548387098,613.86,91.3616129032258,36.8,0.143778,1
2020-04-01,2020,4,BANDUNG KIDUL,6.9203,9.3456,6.7933,6.8568,5.2029,7.479,11.307679738562092,61200,22.423,359.35,90.376,27.25,0.106466,0
2020-05-01,2020,5,BANDUNG KIDUL,5.8918,6.9203,9.3456,6.7933,5.8743,7.23775,9.627124183006536,61200,22.330322580645163,486.90999999999997,91.91612903225807,23.2,0.090643,0
2020-06-01,2020,6,BANDUNG KIDUL,4.6982,5.8918,6.9203,9.3456,7.3848,6.7139750000000005,7.676797385620915,61200,21.551,159.0,90.95,18.5,0.07228,0
2020-07-01,2020,7,BANDUNG KIDUL,2.984,4.6982,5.8918,6.9203,6.8568,5.123575,4.875816993464052,61200,20.79548387096774,102.75,89.11064516129032,11.75,0.045907,0
2020-08-01,2020,8,BANDUNG KIDUL,4.1141,2.984,4.6982,5.8918,6.7933,4.422025,6.722385620915032,61200,21.360967741935486,57.29,87.45516129032258,16.2,0.063294,0
2020-09-01,2020,9,BANDUNG KIDUL,3.8093,4.1141,2.984,4.6982,9.3456,3.9013999999999998,6.224346405228759,61200,21.523333333333333,195.74,86.688,15.0,0.058605,0
2020-10-01,2020,10,BANDUNG KIDUL,3.6189,3.8093,4.1141,2.984,6.9203,3.6315749999999998,5.913235294117647,61200,21.92290322580645,471.4,89.15064516129033,14.25,0.055675,1
2020-11-01,2020,11,BANDUNG KIDUL,5.841,3.6189,3.8093,4.1141,5.8918,4.345825,9.544117647058822,61200,21.974333333333334,334.45,90.29199999999999,23.0,0.089861,1
2020-12-01,2020,12,BANDUNG KIDUL,4.1268,5.841,3.6189,3.8093,4.6982,4.349,6.743137254901962,61200,21.280645161290323,315.84000000000003,91.29451612903226,16.25,0.063489,1
2021-01-01,2021,1,BANDUNG KIDUL,7.6787,4.1268,5.841,3.6189,2.984,5.31635,12.5468954248366,61200,21.016129032258064,342.89,91.80645161290323,14.6,0.069806,1
2021-02-01,2021,2,BANDUNG KIDUL,8.2835,7.6787,4.1268,5.841,4.1141,6.4825,13.53513071895425,61200,21.04357142857143,454.85,92.93928571428572,15.75,0.075305,1
2021-03-01,2021,3,BANDUNG KIDUL,10.5188,8.2835,7.6787,4.1268,3.8093,7.651949999999999,17.187581699346406,61200,21.4741935483871,611.72,89.84774193548388,20.0,0.095625,1
2021-04-01,2021,4,BANDUNG KIDUL,9.9928,10.5188,8.2835,7.6787,3.6189,9.11845,16.328104575163398,61200,21.441333333333333,210.6,90.00566666666667,19.0,0.090844,0
2021-05-01,2021,5,BANDUNG KIDUL,9.8876,9.9928,10.5188,8.2835,5.841,9.670675000000001,16.1562091503268,61200,22.094838709677422,206.06,90.47516129032257,18.8,0.089888,0
2021-06-01,2021,6,BANDUNG KIDUL,11.3077,9.8876,9.9928,10.5188,4.1268,10.426725000000001,18.476633986928103,61200,21.572,260.94,89.66933333333333,21.5,0.102797,0
2021-07-01,2021,7,BANDUNG KIDUL,7.6261,11.3077,9.8876,9.9928,7.6787,9.703550000000002,12.460947712418301,61200,20.67064516129032,72.52,88.60129032258064,14.5,0.069328,0
2021-08-01,2021,8,BANDUNG KIDUL,7.5735,7.6261,11.3077,9.8876,8.2835,9.098725,12.375,61200,21.206129032258065,111.66,88.73290322580644,14.4,0.06885,0
2021-09-01,2021,9,BANDUNG KIDUL,7.1002,7.5735,7.6261,11.3077,10.5188,8.401875,11.601633986928105,61200,21.584666666666667,178.93,87.54133333333333,13.5,0.064547,0
2021-10-01,2021,10,BANDUNG KIDUL,7.1528,7.1002,7.5735,7.6261,9.9928,7.363149999999999,11.687581699346406,61200,22.29774193548387,291.15,86.82225806451612,13.6,0.065025,1
2021-11-01,2021,11,BANDUNG KIDUL,11.4392,7.1528,7.1002,7.5735,9.8876,8.316425,18.691503267973857,61200,21.753666666666668,452.44,90.89566666666666,21.75,0.103992,1
2021-12-01,2021,12,BANDUNG KIDUL,11.4392,11.4392,7.1528,7.1002,11.3077,9.28285,18.691503267973857,61200,21.716129032258067,366.65000000000003,90.05903225806452,21.75,0.103992,1
2022-01-01,2022,1,BANDUNG KIDUL,19.6322,11.4392,11.4392,7.1528,7.6261,12.415849999999999,32.07875816993464,61200,21.427419354838708,218.29,90.04,29.0,0.113481,1
2022-02-01,2022,2,BANDUNG KIDUL,18.2782,19.6322,11.4392,11.4392,7.5735,15.197199999999999,29.866339869281045,61200,21.202499999999997,251.17000000000002,90.17285714285715,27.0,0.105654,1
2022-03-01,2022,3,BANDUNG KIDUL,14.5549,18.2782,19.6322,11.4392,7.1002,15.976125,23.782516339869282,61200,21.671290322580646,303.35,89.7316129032258,21.5,0.084132,1
2022-04-01,2022,4,BANDUNG KIDUL,12.1855,14.5549,18.2782,19.6322,7.1528,16.1627,19.9109477124183,61200,22.020333333333333,361.55,89.954,18.0,0.070436,0
2022-05-01,2022,5,BANDUNG KIDUL,12.4563,12.1855,14.5549,18.2782,11.4392,14.368724999999998,20.35343137254902,61200,22.018064516129034,249.94,90.39709677419354,18.4,0.072002,0
2022-06-01,2022,6,BANDUNG KIDUL,12.524,12.4563,12.1855,14.5549,11.4392,12.930174999999998,20.464052287581698,61200,21.217,211.8,90.89233333333333,18.5,0.072393,0
2022-07-01,2022,7,BANDUNG KIDUL,12.1855,12.524,12.4563,12.1855,19.6322,12.337824999999999,19.9109477124183,61200,21.188064516129035,200.27,89.83903225806452,18.0,0.070436,0
2022-08-01,2022,8,BANDUNG KIDUL,15.2319,12.1855,12.524,12.4563,18.2782,13.099424999999998,24.88872549019608,61200,21.362903225806452,138.33,88.19354838709677,22.5,0.088045,0
2022-09-01,2022,9,BANDUNG KIDUL,15.0626,15.2319,12.1855,12.524,14.5549,13.750999999999998,24.612091503267973,61200,21.667333333333332,301.34999999999997,89.089,22.25,0.087067,0
2022-10-01,2022,10,BANDUNG KIDUL,15.1642,15.0626,15.2319,12.1855,12.1855,14.411049999999998,24.778104575163397,61200,21.640967741935484,426.72,90.4658064516129,22.4,0.087654,1
2022-11-01,2022,11,BANDUNG KIDUL,14.8934,15.1642,15.0626,15.2319,12.4563,15.088024999999998,24.33562091503268,61200,21.424,413.78,91.02466666666668,22.0,0.086089,1
2022-12-01,2022,12,BANDUNG KIDUL,10.8315,14.8934,15.1642,15.0626,12.524,13.987925,17.698529411764707,61200,21.384516129032257,353.8,90.81741935483872,16.0,0.06261,1
2023-01-01,2023,1,BANDUNG KIDUL,6.2413,10.8315,14.8934,15.1642,12.1855,11.782599999999999,10.198202614379085,61200,21.17322580645161,158.04,90.5667741935484,17.0,0.099068,1
2023-02-01,2023,2,BANDUNG KIDUL,6.1495,6.2413,10.8315,14.8934,15.2319,9.528925,10.048202614379084,61200,20.5825,359.16,91.09357142857142,16.75,0.097611,1
2023-03-01,2023,3,BANDUNG KIDUL,5.6906,6.1495,6.2413,10.8315,15.0626,7.228224999999998,9.298366013071895,61200,21.701290322580647,334.8,90.1258064516129,15.5,0.090326,1
2023-04-01,2023,4,BANDUNG KIDUL,5.2867,5.6906,6.1495,6.2413,15.1642,5.842024999999999,8.638398692810457,61200,22.06566666666667,272.96,89.87733333333334,14.4,0.083916,0
2023-05-01,2023,5,BANDUNG KIDUL,5.7823,5.2867,5.6906,6.1495,14.8934,5.727274999999999,9.448202614379085,61200,22.14774193548387,215.54000000000002,89.70709677419354,15.75,0.091783,0
2023-06-01,2023,6,BANDUNG KIDUL,4.9563,5.7823,5.2867,5.6906,10.8315,5.428974999999999,8.098529411764705,61200,21.829,148.52,89.866,13.5,0.078671,0
2023-07-01,2023,7,BANDUNG KIDUL,4.0385,4.9563,5.7823,5.2867,6.2413,5.015949999999999,6.598856209150327,61200,20.978387096774195,76.8,88.14032258064516,11.0,0.064103,0
2023-08-01,2023,8,BANDUNG KIDUL,4.9563,4.0385,4.9563,5.7823,6.1495,4.933349999999999,8.098529411764705,61200,20.746129032258064,18.96,84.63129032258065,13.5,0.078671,0
2023-09-01,2023,9,BANDUNG KIDUL,4.7727,4.9563,4.0385,4.9563,5.6906,4.680949999999999,7.798529411764706,61200,21.15533333333333,6.95,81.82133333333333,13.0,0.075758,0
2023-10-01,2023,10,BANDUNG KIDUL,4.5524,4.7727,4.9563,4.0385,5.2867,4.579974999999999,7.438562091503267,61200,22.83225806451613,56.58,79.87290322580645,12.4,0.072261,1
2023-11-01,2023,11,BANDUNG KIDUL,5.507,4.5524,4.7727,4.9563,5.7823,4.947099999999999,8.998366013071895,61200,23.137999999999998,379.14,84.75633333333333,15.0,0.087413,1
2023-12-01,2023,12,BANDUNG KIDUL,5.0664,5.507,4.5524,4.7727,4.9563,4.974625,8.278431372549019,61200,22.862903225806452,231.32,86.83161290322582,13.8,0.08042,1
2024-01-01,2024,1,BANDUNG KIDUL,13.949,5.0664,5.507,4.5524,4.0385,7.268699999999999,22.79248366013072,61200,22.437419354838713,598.42,89.78064516129032,18.25,0.089417,1
2024-02-01,2024,2,BANDUNG KIDUL,15.2866,13.949,5.0664,5.507,4.9563,9.95225,24.9781045751634,61200,22.73793103448276,474.35,89.5803448275862,20.0,0.097991,1
2024-03-01,2024,3,BANDUNG KIDUL,20.0255,15.2866,13.949,5.0664,4.7727,13.581874999999998,32.72140522875817,61200,22.405483870967743,391.27,90.65516129032258,26.2,0.128368,1
2024-04-01,2024,4,BANDUNG KIDUL,18.3439,20.0255,15.2866,13.949,4.5524,16.90125,29.973692810457518,61200,23.169,323.82,90.12033333333333,24.0,0.117589,0
2024-05-01,2024,5,BANDUNG KIDUL,18.3439,18.3439,20.0255,15.2866,5.507,17.999975,29.973692810457518,61200,22.799354838709675,122.81,88.94935483870967,24.0,0.117589,0
2024-06-01,2024,6,BANDUNG KIDUL,12.6879,18.3439,18.3439,20.0255,5.0664,17.3503,20.731862745098038,61200,22.169666666666668,235.73000000000002,89.03999999999999,16.6,0.081333,0
2024-07-01,2024,7,BANDUNG KIDUL,10.7006,12.6879,18.3439,18.3439,13.949,15.019075,17.484640522875818,61200,21.01290322580645,291.43,89.00387096774193,14.0,0.068594,0
2024-08-01,2024,8,BANDUNG KIDUL,8.5987,10.7006,12.6879,18.3439,15.2866,12.582775,14.05016339869281,61200,21.080645161290324,79.38,86.01806451612903,11.25,0.05512,0
2024-09-01,2024,9,BANDUNG KIDUL,8.2548,8.5987,10.7006,12.6879,20.0255,10.0605,13.488235294117645,61200,21.895333333333333,329.11,85.34933333333333,10.8,0.052915,0
2024-10-01,2024,10,BANDUNG KIDUL,9.3631,8.2548,8.5987,10.7006,18.3439,9.229299999999999,15.299183006535946,61200,22.643225806451614,85.42999999999999,85.1325806451613,12.25,0.06002,1
2024-11-01,2024,11,BANDUNG KIDUL,8.9809,9.3631,8.2548,8.5987,18.3439,8.799374999999998,14.674673202614379,61200,22.590333333333334,530.84,88.96533333333333,11.75,0.05757,1
2024-12-01,2024,12,BANDUNG KIDUL,11.465,8.9809,9.3631,8.2548,12.6879,9.515949999999998,18.733660130718953,61200,21.753870967741936,329.88,91.23483870967742,15.0,0.073493,1
2016-01-01,2016,1,BANDUNG KULON,16.9959,,,,,16.9959,12.262554112554112,138600,22.434516129032257,396.61,88.54548387096774,25.6,0.124969,1
2016-02-01,2016,2,BANDUNG KULON,22.7386,16.9959,,,,19.86725,16.405916305916307,138600,22.00206896551724,468.95,90.91551724137932,34.25,0.167196,1
2016-03-01,2016,3,BANDUNG KULON,17.2614,22.7386,16.9959,,,18.998633333333334,12.454112554112552,138600,22.740322580645163,477.1,90.77612903225807,26.0,0.126922,1
2016-04-01,2016,4,BANDUNG KULON,15.6017,17.2614,22.7386,16.9959,,18.1494,11.256637806637805,138600,22.466,489.21,91.35133333333333,23.5,0.114718,0
2016-05-01,2016,5,BANDUNG KULON,11.0207,15.6017,17.2614,22.7386,,16.6556,7.9514430014430015,138600,22.4,251.60999999999999,90.83612903225807,16.6,0.081035,0
2016-06-01,2016,6,BANDUNG KULON,7.8008,11.0207,15.6017,17.2614,,12.921149999999999,5.628282828282828,138600,21.715333333333334,176.73,88.34833333333333,11.75,0.057359,0
2016-07-01,2016,7,BANDUNG KULON,7.3029,7.8008,11.0207,15.6017,16.9959,10.431525,5.269047619047619,138600,21.557419354838707,300.44,89.96677419354839,11.0,0.053698,0
2016-08-01,2016,8,BANDUNG KULON,7.4689,7.3029,7.8008,11.0207,22.7386,8.398325,5.388816738816739,138600,21.18967741935484,190.43,88.61,11.25,0.054918,0
2016-09-01,2016,9,BANDUNG KULON,7.4689,7.4689,7.3029,7.8008,17.2614,7.510375,5.388816738816739,138600,21.71033333333333,438.58,89.848,11.25,0.054918,0
2016-10-01,2016,10,BANDUNG KULON,7.5685,7.4689,7.4689,7.3029,15.6017,7.4523,5.460678210678211,138600,21.464193548387097,440.99,91.19935483870967,11.4,0.05565,1
2016-11-01,2016,11,BANDUNG KULON,7.6349,7.5685,7.4689,7.4689,11.0207,7.535299999999999,5.5085858585858585,138600,21.88,430.71999999999997,90.57866666666668,11.5,0.056139,1
2016-12-01,2016,12,BANDUNG KULON,7.1369,7.6349,7.5685,7.4689,7.8008,7.4523,5.149278499278499,138600,21.13935483870968,188.26,90.15129032258065,10.75,0.052477,1
2017-01-01,2017,1,BANDUNG KULON,3.0623,7.1369,7.6349,7.5685,7.3029,6.35065,2.2094516594516596,138600,21.030645161290323,295.58,90.34,11.6,0.122492,1
2017-02-01,2017,2,BANDUNG KULON,2.5739,3.0623,7.1369,7.6349,7.4689,5.102,1.8570707070707073,138600,21.141428571428573,478.78000000000003,91.32892857142858,9.75,0.102957,1
2017-03-01,2017,3,BANDUNG KULON,2.4419,2.5739,3.0623,7.1369,7.4689,3.80375,1.7618326118326118,138600,21.510967741935485,336.51,89.8583870967742,9.25,0.097677,1
2017-04-01,2017,4,BANDUNG KULON,2.0591,2.4419,2.5739,3.0623,7.5685,2.5343,1.4856421356421354,138600,21.872666666666664,371.34,90.94333333333334,7.8,0.082365,0
2017-05-01,2017,5,BANDUNG KULON,1.8479,2.0591,2.4419,2.5739,7.6349,2.2307,1.3332611832611834,138600,21.852903225806454,209.88,90.35548387096775,7.0,0.073918,0
2017-06-01,2017,6,BANDUNG KULON,1.452,1.8479,2.0591,2.4419,7.1369,1.950225,1.0476190476190474,138600,21.282666666666668,155.11,90.05266666666667,5.5,0.058078,0
2017-07-01,2017,7,BANDUNG KULON,1.5312,1.452,1.8479,2.0591,3.0623,1.72255,1.1047619047619046,138600,20.681612903225805,89.05,89.09967741935485,5.8,0.061246,0
2017-08-01,2017,8,BANDUNG KULON,1.6499,1.5312,1.452,1.8479,2.5739,1.62025,1.1904040404040404,138600,20.58225806451613,29.75,86.16129032258064,6.25,0.065998,0
2017-09-01,2017,9,BANDUNG KULON,1.7819,1.6499,1.5312,1.452,2.4419,1.60375,1.2856421356421357,138600,21.449666666666666,108.77000000000001,84.02466666666668,6.75,0.071278,0
2017-10-01,2017,10,BANDUNG KULON,2.2703,1.7819,1.6499,1.5312,2.0591,1.808325,1.6380230880230882,138600,22.156451612903226,516.17,87.77129032258064,8.6,0.090813,1
2017-11-01,2017,11,BANDUNG KULON,2.3759,2.2703,1.7819,1.6499,1.8479,2.0195,1.7142135642135643,138600,21.842666666666666,451.08,89.273,9.0,0.095037,1
2017-12-01,2017,12,BANDUNG KULON,1.9535,2.3759,2.2703,1.7819,1.452,2.0954,1.4094516594516595,138600,21.30516129032258,259.67,89.88935483870968,7.4,0.078141,1
2018-01-01,2018,1,BANDUNG KULON,3.761,1.9535,2.3759,2.2703,1.5312,2.590175,2.7135642135642137,138600,20.889032258064514,262.41,91.22258064516129,7.25,0.080022,1
2018-02-01,2018,2,BANDUNG KULON,3.6313,3.761,1.9535,2.3759,1.6499,2.9304249999999996,2.61998556998557,138600,21.117142857142856,517.61,91.1925,7.0,0.077263,1
2018-03-01,2018,3,BANDUNG KULON,3.6313,3.6313,3.761,1.9535,1.7819,3.244275,2.61998556998557,138600,21.65741935483871,387.92,89.85741935483871,7.0,0.077263,1
2018-04-01,2018,4,BANDUNG KULON,3.6313,3.6313,3.6313,3.761,2.2703,3.663725,2.61998556998557,138600,21.947,262.95,89.76933333333334,7.0,0.077263,0
2018-05-01,2018,5,BANDUNG KULON,3.5017,3.6313,3.6313,3.6313,2.3759,3.5989,2.5264790764790765,138600,21.772903225806452,120.22,88.87645161290322,6.75,0.074503,0
2018-06-01,2018,6,BANDUNG KULON,2.8532,3.5017,3.6313,3.6313,1.9535,3.404375,2.0585858585858587,138600,21.314333333333334,91.12,88.38766666666668,5.5,0.060706,0
2018-07-01,2018,7,BANDUNG KULON,3.1126,2.8532,3.5017,3.6313,3.761,3.2747,2.2457431457431456,138600,19.885161290322582,5.63,85.66225806451614,6.0,0.066225,0
2018-08-01,2018,8,BANDUNG KULON,3.372,3.1126,2.8532,3.5017,3.6313,3.2098750000000003,2.432900432900433,138600,20.21161290322581,32.75,84.21451612903226,6.5,0.071744,0
2018-09-01,2018,9,BANDUNG KULON,3.6313,3.372,3.1126,2.8532,3.6313,3.2422750000000002,2.61998556998557,138600,21.037,96.61,83.175,7.0,0.077263,0
2018-10-01,2018,10,BANDUNG KULON,4.2798,3.6313,3.372,3.1126,3.6313,3.598925,3.087878787878788,138600,22.358709677419355,189.07,82.22838709677418,8.25,0.09106,1
2018-11-01,2018,11,BANDUNG KULON,5.0579,4.2798,3.6313,3.372,3.5017,4.08525,3.649278499278499,138600,22.28033333333333,425.59000000000003,87.10799999999999,9.75,0.107616,1
2018-12-01,2018,12,BANDUNG KULON,6.5364,5.0579,4.2798,3.6313,2.8532,4.87635,4.716017316017316,138600,21.870645161290323,411.58,90.10225806451614,12.6,0.139073,1
2019-01-01,2019,1,BANDUNG KULON,16.3503,6.5364,5.0579,4.2798,3.1126,8.0561,11.796753246753248,138600,21.614516129032257,413.94,90.2341935483871,28.5,0.17394,1
2019-02-01,2019,2,BANDUNG KULON,19.7925,16.3503,6.5364,5.0579,3.372,11.934275,14.280303030303031,138600,22.12642857142857,488.76,90.59357142857142,34.5,0.210558,1
2019-03-01,2019,3,BANDUNG KULON,11.015,19.7925,16.3503,6.5364,3.6313,13.42355,7.947330447330448,138600,21.675483870967742,289.9,89.77451612903226,19.2,0.11718,1
2019-04-01,2019,4,BANDUNG KULON,7.8883,11.015,19.7925,16.3503,4.2798,13.761525,5.691414141414142,138600,22.535333333333334,455.36,90.312,13.75,0.083918,0
2019-05-01,2019,5,BANDUNG KULON,6.4541,7.8883,11.015,19.7925,5.0579,11.287474999999999,4.656637806637807,138600,21.986451612903227,228.52,89.65741935483871,11.25,0.06866,0
2019-06-01,2019,6,BANDUNG KULON,4.9338,6.4541,7.8883,11.015,6.5364,7.572799999999999,3.5597402597402596,138600,20.71066666666667,44.2,86.69033333333333,8.6,0.052487,0
2019-07-01,2019,7,BANDUNG KULON,3.729,4.9338,6.4541,7.8883,16.3503,5.751299999999999,2.6904761904761907,138600,20.04064516129032,28.17,86.75548387096775,6.5,0.03967,0
2019-08-01,2019,8,BANDUNG KULON,4.1593,3.729,4.9338,6.4541,19.7925,4.819049999999999,3.000937950937951,138600,19.98225806451613,19.74,84.07290322580646,7.25,0.044248,0
2019-09-01,2019,9,BANDUNG KULON,3.9011,4.1593,3.729,4.9338,11.015,4.180799999999999,2.8146464646464646,138600,20.884333333333334,9.68,80.54033333333334,6.8,0.041501,0
2019-10-01,2019,10,BANDUNG KULON,4.4461,3.9011,4.1593,3.729,7.8883,4.058875,3.2078643578643584,138600,22.31451612903226,80.15,78.2658064516129,7.75,0.047299,1
2019-11-01,2019,11,BANDUNG KULON,5.0198,4.4461,3.9011,4.1593,6.4541,4.381575,3.621789321789322,138600,22.717333333333332,209.04,81.00466666666667,8.75,0.053403,1
2019-12-01,2019,12,BANDUNG KULON,6.3106,5.0198,4.4461,3.9011,4.9338,4.9193999999999996,4.553102453102453,138600,22.92322580645161,493.07,85.07225806451612,11.0,0.067135,1
2020-01-01,2020,1,BANDUNG KULON,6.7513,6.3106,5.0198,4.4461,3.729,5.63195,4.871067821067821,138600,22.35483870967742,401.12,89.05290322580645,27.0,0.105489,1
2020-02-01,2020,2,BANDUNG KULON,6.6888,6.7513,6.3106,5.0198,4.1593,6.192624999999999,4.825974025974026,138600,21.99103448275862,629.82,91.53275862068965,26.75,0.104513,1
2020-03-01,2020,3,BANDUNG KULON,9.2018,6.6888,6.7513,6.3106,3.9011,7.238124999999999,6.63910533910534,138600,22.194193548387098,613.86,91.3616129032258,36.8,0.143778,1
2020-04-01,2020,4,BANDUNG KULON,6.8138,9.2018,6.6888,6.7513,4.4461,7.363924999999999,4.916161616161616,138600,22.423,359.35,90.376,27.25,0.106466,0
2020-05-01,2020,5,BANDUNG KULON,5.8011,6.8138,9.2018,6.6888,5.0198,7.1263749999999995,4.185497835497835,138600,22.330322580645163,486.90999999999997,91.91612903225807,23.2,0.090643,0
2020-06-01,2020,6,BANDUNG KULON,4.6259,5.8011,6.8138,9.2018,6.3106,6.61065,3.3375901875901874,138600,21.551,159.0,90.95,18.5,0.07228,0
2020-07-01,2020,7,BANDUNG KULON,2.9381,4.6259,5.8011,6.8138,6.7513,5.044724999999999,2.11984126984127,138600,20.79548387096774,102.75,89.11064516129032,11.75,0.045907,0
2020-08-01,2020,8,BANDUNG KULON,4.0508,2.9381,4.6259,5.8011,6.6888,4.353974999999998,2.9226551226551223,138600,21.360967741935486,57.29,87.45516129032258,16.2,0.063294,0
2020-09-01,2020,9,BANDUNG KULON,3.7507,4.0508,2.9381,4.6259,9.2018,3.8413749999999993,2.706132756132756,138600,21.523333333333333,195.74,86.688,15.0,0.058605,0
2020-10-01,2020,10,BANDUNG KULON,3.5632,3.7507,4.0508,2.9381,6.8138,3.575699999999999,2.570851370851371,138600,21.92290322580645,471.4,89.15064516129033,14.25,0.055675,1
2020-11-01,2020,11,BANDUNG KULON,5.7511,3.5632,3.7507,4.0508,5.8011,4.278949999999999,4.1494227994227995,138600,21.974333333333334,334.45,90.29199999999999,23.0,0.089861,1
2020-12-01,2020,12,BANDUNG KULON,4.0633,5.7511,3.5632,3.7507,4.6259,4.282074999999999,2.9316738816738814,138600,21.280645161290323,315.84000000000003,91.29451612903226,16.25,0.063489,1
2021-01-01,2021,1,BANDUNG KULON,7.8881,4.0633,5.7511,3.5632,2.9381,5.316424999999999,5.691269841269841,138600,21.016129032258064,342.89,91.80645161290323,14.6,0.069806,1
2021-02-01,2021,2,BANDUNG KULON,8.5094,7.8881,4.0633,5.7511,4.0508,6.552974999999998,6.139538239538239,138600,21.04357142857143,454.85,92.93928571428572,15.75,0.075305,1
2021-03-01,2021,3,BANDUNG KULON,10.8056,8.5094,7.8881,4.0633,3.7507,7.816599999999999,7.796248196248197,138600,21.4741935483871,611.72,89.84774193548388,20.0,0.095625,1
2021-04-01,2021,4,BANDUNG KULON,10.2654,10.8056,8.5094,7.8881,3.5632,9.367124999999998,7.406493506493507,138600,21.441333333333333,210.6,90.00566666666667,19.0,0.090844,0
2021-05-01,2021,5,BANDUNG KULON,10.1573,10.2654,10.8056,8.5094,5.7511,9.934425,7.328499278499278,138600,22.094838709677422,206.06,90.47516129032257,18.8,0.089888,0
2021-06-01,2021,6,BANDUNG KULON,11.6161,10.1573,10.2654,10.8056,4.0633,10.711099999999998,8.38102453102453,138600,21.572,260.94,89.66933333333333,21.5,0.102797,0
2021-07-01,2021,7,BANDUNG KULON,7.8341,11.6161,10.1573,10.2654,7.8881,9.968224999999999,5.652308802308802,138600,20.67064516129032,72.52,88.60129032258064,14.5,0.069328,0
2021-08-01,2021,8,BANDUNG KULON,7.7801,7.8341,11.6161,10.1573,8.5094,9.3469,5.613347763347764,138600,21.206129032258065,111.66,88.73290322580644,14.4,0.06885,0
2021-09-01,2021,9,BANDUNG KULON,7.2938,7.7801,7.8341,11.6161,10.8056,8.631025,5.262481962481963,138600,21.584666666666667,178.93,87.54133333333333,13.5,0.064547,0
2021-10-01,2021,10,BANDUNG KULON,7.3478,7.2938,7.7801,7.8341,10.2654,7.563949999999998,5.301443001443002,138600,22.29774193548387,291.15,86.82225806451612,13.6,0.065025,1
2021-11-01,2021,11,BANDUNG KULON,11.7511,7.3478,7.2938,7.7801,10.1573,8.543199999999999,8.478427128427127,138600,21.753666666666668,452.44,90.89566666666666,21.75,0.103992,1
2021-12-01,2021,12,BANDUNG KULON,11.7511,11.7511,7.3478,7.2938,11.6161,9.53595,8.478427128427127,138600,21.716129032258067,366.65000000000003,90.05903225806452,21.75,0.103992,1
2022-01-01,2022,1,BANDUNG KULON,13.1638,11.7511,11.7511,7.3478,7.8341,11.003449999999999,9.497691197691198,138600,21.427419354838708,218.29,90.04,29.0,0.113481,1
2022-02-01,2022,2,BANDUNG KULON,12.2559,13.1638,11.7511,11.7511,7.7801,12.230474999999998,8.842640692640693,138600,21.202499999999997,251.17000000000002,90.17285714285715,27.0,0.105654,1
2022-03-01,2022,3,BANDUNG KULON,9.7593,12.2559,13.1638,11.7511,7.2938,11.732524999999999,7.041341991341991,138600,21.671290322580646,303.35,89.7316129032258,21.5,0.084132,1
2022-04-01,2022,4,BANDUNG KULON,8.1706,9.7593,12.2559,13.1638,7.3478,10.837399999999999,5.895093795093795,138600,22.020333333333333,361.55,89.954,18.0,0.070436,0
2022-05-01,2022,5,BANDUNG KULON,8.3522,8.1706,9.7593,12.2559,11.7511,9.6345,6.0261183261183255,138600,22.018064516129034,249.94,90.39709677419354,18.4,0.072002,0
2022-06-01,2022,6,BANDUNG KULON,8.3976,8.3522,8.1706,9.7593,11.7511,8.669925,6.05887445887446,138600,21.217,211.8,90.89233333333333,18.5,0.072393,0
2022-07-01,2022,7,BANDUNG KULON,8.1706,8.3976,8.3522,8.1706,13.1638,8.272749999999998,5.895093795093795,138600,21.188064516129035,200.27,89.83903225806452,18.0,0.070436,0
2022-08-01,2022,8,BANDUNG KULON,10.2133,8.1706,8.3976,8.3522,12.2559,8.783425,7.368903318903319,138600,21.362903225806452,138.33,88.19354838709677,22.5,0.088045,0
2022-09-01,2022,9,BANDUNG KULON,10.0998,10.2133,8.1706,8.3976,9.7593,9.220324999999999,7.287012987012987,138600,21.667333333333332,301.34999999999997,89.089,22.25,0.087067,0
2022-10-01,2022,10,BANDUNG KULON,10.1679,10.0998,10.2133,8.1706,8.1706,9.662899999999999,7.336147186147186,138600,21.640967741935484,426.72,90.4658064516129,22.4,0.087654,1
2022-11-01,2022,11,BANDUNG KULON,9.9863,10.1679,10.0998,10.2133,8.3522,10.116824999999999,7.205122655122656,138600,21.424,413.78,91.02466666666668,22.0,0.086089,1
2022-12-01,2022,12,BANDUNG KULON,7.2628,9.9863,10.1679,10.0998,8.3976,9.379199999999999,5.24011544011544,138600,21.384516129032257,353.8,90.81741935483872,16.0,0.06261,1
2023-01-01,2023,1,BANDUNG KULON,3.7646,7.2628,9.9863,10.1679,8.1706,7.795399999999999,2.716161616161616,138600,21.17322580645161,158.04,90.5667741935484,17.0,0.099068,1
2023-02-01,2023,2,BANDUNG KULON,3.7092,3.7646,7.2628,9.9863,10.2133,6.180725,2.6761904761904765,138600,20.5825,359.16,91.09357142857142,16.75,0.097611,1
2023-03-01,2023,3,BANDUNG KULON,3.4324,3.7092,3.7646,7.2628,10.0998,4.542249999999999,2.4764790764790763,138600,21.701290322580647,334.8,90.1258064516129,15.5,0.090326,1
2023-04-01,2023,4,BANDUNG KULON,3.1888,3.4324,3.7092,3.7646,10.1679,3.5237499999999993,2.3007215007215005,138600,22.06566666666667,272.96,89.87733333333334,14.4,0.083916,0
2023-05-01,2023,5,BANDUNG KULON,3.4878,3.1888,3.4324,3.7092,9.9863,3.4545499999999993,2.5164502164502167,138600,22.14774193548387,215.54000000000002,89.70709677419354,15.75,0.091783,0
2023-06-01,2023,6,BANDUNG KULON,2.9895,3.4878,3.1888,3.4324,7.2628,3.274624999999999,2.1569264069264067,138600,21.829,148.52,89.866,13.5,0.078671,0
2023-07-01,2023,7,BANDUNG KULON,2.4359,2.9895,3.4878,3.1888,3.7646,3.025499999999999,1.7575036075036077,138600,20.978387096774195,76.8,88.14032258064516,11.0,0.064103,0
2023-08-01,2023,8,BANDUNG KULON,2.9895,2.4359,2.9895,3.4878,3.7092,2.975674999999999,2.1569264069264067,138600,20.746129032258064,18.96,84.63129032258065,13.5,0.078671,0
2023-09-01,2023,9,BANDUNG KULON,2.8788,2.9895,2.4359,2.9895,3.4324,2.823424999999999,2.0770562770562773,138600,21.15533333333333,6.95,81.82133333333333,13.0,0.075758,0
2023-10-01,2023,10,BANDUNG KULON,2.7459,2.8788,2.9895,2.4359,3.1888,2.7625249999999992,1.981168831168831,138600,22.83225806451613,56.58,79.87290322580645,12.4,0.072261,1
2023-11-01,2023,11,BANDUNG KULON,3.3217,2.7459,2.8788,2.9895,3.4878,2.983974999999999,2.3966089466089464,138600,23.137999999999998,379.14,84.75633333333333,15.0,0.087413,1
2023-12-01,2023,12,BANDUNG KULON,3.0559,3.3217,2.7459,2.8788,2.9895,3.000574999999999,2.2048340548340546,138600,22.862903225806452,231.32,86.83161290322582,13.8,0.08042,1
2024-01-01,2024,1,BANDUNG KULON,16.8104,3.0559,3.3217,2.7459,2.4359,6.483474999999999,12.12871572871573,138600,22.437419354838713,598.42,89.78064516129032,18.25,0.089417,1
2024-02-01,2024,2,BANDUNG KULON,18.4223,16.8104,3.0559,3.3217,2.9895,10.402574999999999,13.291702741702741,138600,22.73793103448276,474.35,89.5803448275862,20.0,0.097991,1
2024-03-01,2024,3,BANDUNG KULON,24.1333,18.4223,16.8104,3.0559,2.8788,15.605474999999998,17.412193362193364,138600,22.405483870967743,391.27,90.65516129032258,26.2,0.128368,1
2024-04-01,2024,4,BANDUNG KULON,22.1068,24.1333,18.4223,16.8104,2.7459,20.368199999999998,15.95007215007215,138600,23.169,323.82,90.12033333333333,24.0,0.117589,0
2024-05-01,2024,5,BANDUNG KULON,22.1068,22.1068,24.1333,18.4223,3.3217,21.6923,15.95007215007215,138600,22.799354838709675,122.81,88.94935483870967,24.0,0.117589,0
2024-06-01,2024,6,BANDUNG KULON,15.2905,22.1068,22.1068,24.1333,3.0559,20.90935,11.032106782106782,138600,22.169666666666668,235.73000000000002,89.03999999999999,16.6,0.081333,0
2024-07-01,2024,7,BANDUNG KULON,12.8956,15.2905,22.1068,22.1068,16.8104,18.099925,9.304184704184705,138600,21.01290322580645,291.43,89.00387096774193,14.0,0.068594,0
2024-08-01,2024,8,BANDUNG KULON,10.3626,12.8956,15.2905,22.1068,18.4223,15.163874999999999,7.476623376623377,138600,21.080645161290324,79.38,86.01806451612903,11.25,0.05512,0
2024-09-01,2024,9,BANDUNG KULON,9.9481,10.3626,12.8956,15.2905,24.1333,12.124199999999998,7.177561327561327,138600,21.895333333333333,329.11,85.34933333333333,10.8,0.052915,0
2024-10-01,2024,10,BANDUNG KULON,11.2837,9.9481,10.3626,12.8956,22.1068,11.122499999999999,8.141197691197691,138600,22.643225806451614,85.42999999999999,85.1325806451613,12.25,0.06002,1
2024-11-01,2024,11,BANDUNG KULON,10.8231,11.2837,9.9481,10.3626,22.1068,10.604375,7.808874458874459,138600,22.590333333333334,530.84,88.96533333333333,11.75,0.05757,1
2024-12-01,2024,12,BANDUNG KULON,13.8168,10.8231,11.2837,9.9481,15.2905,11.467925,9.96883116883117,138600,21.753870967741936,329.88,91.23483870967742,15.0,0.073493,1
2016-01-01,2016,1,BANDUNG WETAN,4.8738,,,,,4.8738,16.35503355704698,29800,22.434516129032257,396.61,88.54548387096774,25.6,0.124969,1
2016-02-01,2016,2,BANDUNG WETAN,6.5206,4.8738,,,,5.6972000000000005,21.881208053691275,29800,22.00206896551724,468.95,90.91551724137932,34.25,0.167196,1
2016-03-01,2016,3,BANDUNG WETAN,4.95,6.5206,4.8738,,,5.448133333333334,16.610738255033556,29800,22.740322580645163,477.1,90.77612903225807,26.0,0.126922,1
2016-04-01,2016,4,BANDUNG WETAN,4.474,4.95,6.5206,4.8738,,5.2046,15.013422818791947,29800,22.466,489.21,91.35133333333333,23.5,0.114718,0
2016-05-01,2016,5,BANDUNG WETAN,3.1604,4.474,4.95,6.5206,,4.77625,10.605369127516779,29800,22.4,251.60999999999999,90.83612903225807,16.6,0.081035,0
2016-06-01,2016,6,BANDUNG WETAN,2.237,3.1604,4.474,4.95,,3.70535,7.506711409395973,29800,21.715333333333334,176.73,88.34833333333333,11.75,0.057359,0
2016-07-01,2016,7,BANDUNG WETAN,2.0942,2.237,3.1604,4.474,4.8738,2.9914,7.0275167785234895,29800,21.557419354838707,300.44,89.96677419354839,11.0,0.053698,0
2016-08-01,2016,8,BANDUNG WETAN,2.1418,2.0942,2.237,3.1604,6.5206,2.40835,7.187248322147651,29800,21.18967741935484,190.43,88.61,11.25,0.054918,0
2016-09-01,2016,9,BANDUNG WETAN,2.1418,2.1418,2.0942,2.237,4.95,2.1536999999999997,7.187248322147651,29800,21.71033333333333,438.58,89.848,11.25,0.054918,0
2016-10-01,2016,10,BANDUNG WETAN,2.1704,2.1418,2.1418,2.0942,4.474,2.13705,7.283221476510066,29800,21.464193548387097,440.99,91.19935483870967,11.4,0.05565,1
2016-11-01,2016,11,BANDUNG WETAN,2.1894,2.1704,2.1418,2.1418,3.1604,2.16085,7.346979865771813,29800,21.88,430.71999999999997,90.57866666666668,11.5,0.056139,1
2016-12-01,2016,12,BANDUNG WETAN,2.0466,2.1894,2.1704,2.1418,2.237,2.13705,6.86778523489933,29800,21.13935483870968,188.26,90.15129032258065,10.75,0.052477,1
2017-01-01,2017,1,BANDUNG WETAN,2.9398,2.0466,2.1894,2.1704,2.0942,2.33655,9.86510067114094,29800,21.030645161290323,295.58,90.34,11.6,0.122492,1
2017-02-01,2017,2,BANDUNG WETAN,2.471,2.9398,2.0466,2.1894,2.1418,2.4117,8.291946308724834,29800,21.141428571428573,478.78000000000003,91.32892857142858,9.75,0.102957,1
2017-03-01,2017,3,BANDUNG WETAN,2.3442,2.471,2.9398,2.0466,2.1418,2.4504,7.866442953020134,29800,21.510967741935485,336.51,89.8583870967742,9.25,0.097677,1
2017-04-01,2017,4,BANDUNG WETAN,1.9768,2.3442,2.471,2.9398,2.1704,2.43295,6.633557046979866,29800,21.872666666666664,371.34,90.94333333333334,7.8,0.082365,0
2017-05-01,2017,5,BANDUNG WETAN,1.774,1.9768,2.3442,2.471,2.1894,2.1415,5.953020134228188,29800,21.852903225806454,209.88,90.35548387096775,7.0,0.073918,0
2017-06-01,2017,6,BANDUNG WETAN,1.3939,1.774,1.9768,2.3442,2.0466,1.872225,4.67751677852349,29800,21.282666666666668,155.11,90.05266666666667,5.5,0.058078,0
2017-07-01,2017,7,BANDUNG WETAN,1.4699,1.3939,1.774,1.9768,2.9398,1.65365,4.93255033557047,29800,20.681612903225805,89.05,89.09967741935485,5.8,0.061246,0
2017-08-01,2017,8,BANDUNG WETAN,1.5839,1.4699,1.3939,1.774,2.471,1.555425,5.315100671140939,29800,20.58225806451613,29.75,86.16129032258064,6.25,0.065998,0
2017-09-01,2017,9,BANDUNG WETAN,1.7107,1.5839,1.4699,1.3939,2.3442,1.5395999999999999,5.740604026845638,29800,21.449666666666666,108.77000000000001,84.02466666666668,6.75,0.071278,0
2017-10-01,2017,10,BANDUNG WETAN,2.1795,1.7107,1.5839,1.4699,1.9768,1.736,7.313758389261745,29800,22.156451612903226,516.17,87.77129032258064,8.6,0.090813,1
2017-11-01,2017,11,BANDUNG WETAN,2.2809,2.1795,1.7107,1.5839,1.774,1.93875,7.654026845637583,29800,21.842666666666666,451.08,89.273,9.0,0.095037,1
2017-12-01,2017,12,BANDUNG WETAN,1.8754,2.2809,2.1795,1.7107,1.3939,2.011625,6.2932885906040275,29800,21.30516129032258,259.67,89.88935483870968,7.4,0.078141,1
2018-01-01,2018,1,BANDUNG WETAN,2.8008,1.8754,2.2809,2.1795,1.4699,2.28415,9.398657718120807,29800,20.889032258064514,262.41,91.22258064516129,7.25,0.080022,1
2018-02-01,2018,2,BANDUNG WETAN,2.7042,2.8008,1.8754,2.2809,1.5839,2.415325,9.074496644295301,29800,21.117142857142856,517.61,91.1925,7.0,0.077263,1
2018-03-01,2018,3,BANDUNG WETAN,2.7042,2.7042,2.8008,1.8754,1.7107,2.52115,9.074496644295301,29800,21.65741935483871,387.92,89.85741935483871,7.0,0.077263,1
2018-04-01,2018,4,BANDUNG WETAN,2.7042,2.7042,2.7042,2.8008,2.1795,2.72835,9.074496644295301,29800,21.947,262.95,89.76933333333334,7.0,0.077263,0
2018-05-01,2018,5,BANDUNG WETAN,2.6076,2.7042,2.7042,2.7042,2.2809,2.6800500000000005,8.7503355704698,29800,21.772903225806452,120.22,88.87645161290322,6.75,0.074503,0
2018-06-01,2018,6,BANDUNG WETAN,2.1247,2.6076,2.7042,2.7042,1.8754,2.535175,7.129865771812081,29800,21.314333333333334,91.12,88.38766666666668,5.5,0.060706,0
2018-07-01,2018,7,BANDUNG WETAN,2.3179,2.1247,2.6076,2.7042,2.8008,2.4386,7.778187919463087,29800,19.885161290322582,5.63,85.66225806451614,6.0,0.066225,0
2018-08-01,2018,8,BANDUNG WETAN,2.511,2.3179,2.1247,2.6076,2.7042,2.3903,8.426174496644295,29800,20.21161290322581,32.75,84.21451612903226,6.5,0.071744,0
2018-09-01,2018,9,BANDUNG WETAN,2.7042,2.511,2.3179,2.1247,2.7042,2.41445,9.074496644295301,29800,21.037,96.61,83.175,7.0,0.077263,0
2018-10-01,2018,10,BANDUNG WETAN,3.1871,2.7042,2.511,2.3179,2.7042,2.68005,10.694966442953021,29800,22.358709677419355,189.07,82.22838709677418,8.25,0.09106,1
2018-11-01,2018,11,BANDUNG WETAN,3.7666,3.1871,2.7042,2.511,2.6076,3.042225,12.63959731543624,29800,22.28033333333333,425.59000000000003,87.10799999999999,9.75,0.107616,1
2018-12-01,2018,12,BANDUNG WETAN,4.8675,3.7666,3.1871,2.7042,2.1247,3.6313500000000003,16.333892617449663,29800,21.870645161290323,411.58,90.10225806451614,12.6,0.139073,1
2019-01-01,2019,1,BANDUNG WETAN,10.7843,4.8675,3.7666,3.1871,2.3179,5.651375,36.18892617449664,29800,21.614516129032257,413.94,90.2341935483871,28.5,0.17394,1
2019-02-01,2019,2,BANDUNG WETAN,13.0546,10.7843,4.8675,3.7666,2.511,8.11825,43.80738255033557,29800,22.12642857142857,488.76,90.59357142857142,34.5,0.210558,1
2019-03-01,2019,3,BANDUNG WETAN,7.2652,13.0546,10.7843,4.8675,2.7042,8.9929,24.37986577181208,29800,21.675483870967742,289.9,89.77451612903226,19.2,0.11718,1
2019-04-01,2019,4,BANDUNG WETAN,5.2029,7.2652,13.0546,10.7843,3.1871,9.07675,17.45939597315436,29800,22.535333333333334,455.36,90.312,13.75,0.083918,0
2019-05-01,2019,5,BANDUNG WETAN,4.2569,5.2029,7.2652,13.0546,3.7666,7.4449,14.284899328859058,29800,21.986451612903227,228.52,89.65741935483871,11.25,0.06866,0
2019-06-01,2019,6,BANDUNG WETAN,3.2542,4.2569,5.2029,7.2652,4.8675,4.994800000000001,10.92013422818792,29800,20.71066666666667,44.2,86.69033333333333,8.6,0.052487,0
2019-07-01,2019,7,BANDUNG WETAN,2.4596,3.2542,4.2569,5.2029,10.7843,3.7934,8.253691275167785,29800,20.04064516129032,28.17,86.75548387096775,6.5,0.03967,0
2019-08-01,2019,8,BANDUNG WETAN,2.7434,2.4596,3.2542,4.2569,13.0546,3.178525,9.206040268456375,29800,19.98225806451613,19.74,84.07290322580646,7.25,0.044248,0
2019-09-01,2019,9,BANDUNG WETAN,2.5731,2.7434,2.4596,3.2542,7.2652,2.757575,8.634563758389262,29800,20.884333333333334,9.68,80.54033333333334,6.8,0.041501,0
2019-10-01,2019,10,BANDUNG WETAN,2.9326,2.5731,2.7434,2.4596,5.2029,2.677175,9.840939597315435,29800,22.31451612903226,80.15,78.2658064516129,7.75,0.047299,1
2019-11-01,2019,11,BANDUNG WETAN,3.311,2.9326,2.5731,2.7434,4.2569,2.890025,11.110738255033556,29800,22.717333333333332,209.04,81.00466666666667,8.75,0.053403,1
2019-12-01,2019,12,BANDUNG WETAN,4.1623,3.311,2.9326,2.5731,3.2542,3.2447500000000002,13.96744966442953,29800,22.92322580645161,493.07,85.07225806451612,11.0,0.067135,1
2020-01-01,2020,1,BANDUNG WETAN,4.958,4.1623,3.311,2.9326,2.4596,3.8409750000000003,16.63758389261745,29800,22.35483870967742,401.12,89.05290322580645,27.0,0.105489,1
2020-02-01,2020,2,BANDUNG WETAN,4.9121,4.958,4.1623,3.311,2.7434,4.33585,16.483557046979865,29800,21.99103448275862,629.82,91.53275862068965,26.75,0.104513,1
2020-03-01,2020,3,BANDUNG WETAN,6.7576,4.9121,4.958,4.1623,2.5731,5.1975,22.676510067114094,29800,22.194193548387098,613.86,91.3616129032258,36.8,0.143778,1
2020-04-01,2020,4,BANDUNG WETAN,5.0039,6.7576,4.9121,4.958,2.9326,5.4079,16.791610738255034,29800,22.423,359.35,90.376,27.25,0.106466,0
2020-05-01,2020,5,BANDUNG WETAN,4.2602,5.0039,6.7576,4.9121,3.311,5.2334499999999995,14.295973154362416,29800,22.330322580645163,486.90999999999997,91.91612903225807,23.2,0.090643,0
2020-06-01,2020,6,BANDUNG WETAN,3.3971,4.2602,5.0039,6.7576,4.1623,4.8547,11.399664429530201,29800,21.551,159.0,90.95,18.5,0.07228,0
2020-07-01,2020,7,BANDUNG WETAN,2.1576,3.3971,4.2602,5.0039,4.958,3.7047000000000003,7.240268456375839,29800,20.79548387096774,102.75,89.11064516129032,11.75,0.045907,0
2020-08-01,2020,8,BANDUNG WETAN,2.9748,2.1576,3.3971,4.2602,4.9121,3.1974250000000004,9.98255033557047,29800,21.360967741935486,57.29,87.45516129032258,16.2,0.063294,0
2020-09-01,2020,9,BANDUNG WETAN,2.7544,2.9748,2.1576,3.3971,6.7576,2.820975,9.242953020134228,29800,21.523333333333333,195.74,86.688,15.0,0.058605,0
2020-10-01,2020,10,BANDUNG WETAN,2.6167,2.7544,2.9748,2.1576,5.0039,2.6258749999999997,8.780872483221476,29800,21.92290322580645,471.4,89.15064516129033,14.25,0.055675,1
2020-11-01,2020,11,BANDUNG WETAN,4.2235,2.6167,2.7544,2.9748,4.2602,3.1423499999999995,14.172818791946307,29800,21.974333333333334,334.45,90.29199999999999,23.0,0.089861,1
2020-12-01,2020,12,BANDUNG WETAN,2.984,4.2235,2.6167,2.7544,3.3971,3.1446499999999995,10.013422818791947,29800,21.280645161290323,315.84000000000003,91.29451612903226,16.25,0.063489,1
2021-01-01,2021,1,BANDUNG WETAN,3.2111,2.984,4.2235,2.6167,2.1576,3.258825,10.775503355704698,29800,21.016129032258064,342.89,91.80645161290323,14.6,0.069806,1
2021-02-01,2021,2,BANDUNG WETAN,3.464,3.2111,2.984,4.2235,2.9748,3.47065,11.624161073825503,29800,21.04357142857143,454.85,92.93928571428572,15.75,0.075305,1
2021-03-01,2021,3,BANDUNG WETAN,4.3988,3.464,3.2111,2.984,2.7544,3.5144749999999996,14.761073825503356,29800,21.4741935483871,611.72,89.84774193548388,20.0,0.095625,1
2021-04-01,2021,4,BANDUNG WETAN,4.1788,4.3988,3.464,3.2111,2.6167,3.8131749999999993,14.022818791946309,29800,21.441333333333333,210.6,90.00566666666667,19.0,0.090844,0
2021-05-01,2021,5,BANDUNG WETAN,4.1348,4.1788,4.3988,3.464,4.2235,4.0441,13.8751677852349,29800,22.094838709677422,206.06,90.47516129032257,18.8,0.089888,0
2021-06-01,2021,6,BANDUNG WETAN,4.7287,4.1348,4.1788,4.3988,2.984,4.360275,15.868120805369127,29800,21.572,260.94,89.66933333333333,21.5,0.102797,0
2021-07-01,2021,7,BANDUNG WETAN,3.1891,4.7287,4.1348,4.1788,3.2111,4.05785,10.701677852348993,29800,20.67064516129032,72.52,88.60129032258064,14.5,0.069328,0
2021-08-01,2021,8,BANDUNG WETAN,3.1671,3.1891,4.7287,4.1348,3.464,3.8049250000000003,10.627852348993288,29800,21.206129032258065,111.66,88.73290322580644,14.4,0.06885,0
2021-09-01,2021,9,BANDUNG WETAN,2.9692,3.1671,3.1891,4.7287,4.3988,3.513525,9.963758389261743,29800,21.584666666666667,178.93,87.54133333333333,13.5,0.064547,0
2021-10-01,2021,10,BANDUNG WETAN,2.9912,2.9692,3.1671,3.1891,4.1788,3.07915,10.03758389261745,29800,22.29774193548387,291.15,86.82225806451612,13.6,0.065025,1
2021-11-01,2021,11,BANDUNG WETAN,4.7836,2.9912,2.9692,3.1671,4.1348,3.4777750000000003,16.05234899328859,29800,21.753666666666668,452.44,90.89566666666666,21.75,0.103992,1
2021-12-01,2021,12,BANDUNG WETAN,4.7836,4.7836,2.9912,2.9692,4.7287,3.8819,16.05234899328859,29800,21.716129032258067,366.65000000000003,90.05903225806452,21.75,0.103992,1
2022-01-01,2022,1,BANDUNG WETAN,7.3762,4.7836,4.7836,2.9912,3.1891,4.98365,24.752348993288592,29800,21.427419354838708,218.29,90.04,29.0,0.113481,1
2022-02-01,2022,2,BANDUNG WETAN,6.8675,7.3762,4.7836,4.7836,3.1671,5.952725,23.045302013422816,29800,21.202499999999997,251.17000000000002,90.17285714285715,27.0,0.105654,1
2022-03-01,2022,3,BANDUNG WETAN,5.4686,6.8675,7.3762,4.7836,2.9692,6.123975,18.351006711409397,29800,21.671290322580646,303.35,89.7316129032258,21.5,0.084132,1
2022-04-01,2022,4,BANDUNG WETAN,4.5784,5.4686,6.8675,7.3762,2.9912,6.072674999999999,15.363758389261745,29800,22.020333333333333,361.55,89.954,18.0,0.070436,0
2022-05-01,2022,5,BANDUNG WETAN,4.6801,4.5784,5.4686,6.8675,4.7836,5.39865,15.705033557046981,29800,22.018064516129034,249.94,90.39709677419354,18.4,0.072002,0
2022-06-01,2022,6,BANDUNG WETAN,4.7055,4.6801,4.5784,5.4686,4.7836,4.85815,15.790268456375838,29800,21.217,211.8,90.89233333333333,18.5,0.072393,0
2022-07-01,2022,7,BANDUNG WETAN,4.5784,4.7055,4.6801,4.5784,7.3762,4.6356,15.363758389261745,29800,21.188064516129035,200.27,89.83903225806452,18.0,0.070436,0
2022-08-01,2022,8,BANDUNG WETAN,5.723,4.5784,4.7055,4.6801,6.8675,4.92175,19.20469798657718,29800,21.362903225806452,138.33,88.19354838709677,22.5,0.088045,0
2022-09-01,2022,9,BANDUNG WETAN,5.6594,5.723,4.5784,4.7055,5.4686,5.166575,18.991275167785236,29800,21.667333333333332,301.34999999999997,89.089,22.25,0.087067,0
2022-10-01,2022,10,BANDUNG WETAN,5.6975,5.6594,5.723,4.5784,4.5784,5.414574999999999,19.119127516778523,29800,21.640967741935484,426.72,90.4658064516129,22.4,0.087654,1
2022-11-01,2022,11,BANDUNG WETAN,5.5958,5.6975,5.6594,5.723,4.6801,5.668925,18.77785234899329,29800,21.424,413.78,91.02466666666668,22.0,0.086089,1
2022-12-01,2022,12,BANDUNG WETAN,4.0697,5.5958,5.6975,5.6594,4.7055,5.2556,13.656711409395974,29800,21.384516129032257,353.8,90.81741935483872,16.0,0.06261,1
2023-01-01,2023,1,BANDUNG WETAN,3.1702,4.0697,5.5958,5.6975,4.5784,4.6333,10.638255033557046,29800,21.17322580645161,158.04,90.5667741935484,17.0,0.099068,1
2023-02-01,2023,2,BANDUNG WETAN,3.1235,3.1702,4.0697,5.5958,5.723,3.9898,10.481543624161073,29800,20.5825,359.16,91.09357142857142,16.75,0.097611,1
2023-03-01,2023,3,BANDUNG WETAN,2.8904,3.1235,3.1702,4.0697,5.6594,3.3134499999999996,9.699328859060403,29800,21.701290322580647,334.8,90.1258064516129,15.5,0.090326,1
2023-04-01,2023,4,BANDUNG WETAN,2.6853,2.8904,3.1235,3.1702,5.6975,2.9673499999999997,9.011073825503356,29800,22.06566666666667,272.96,89.87733333333334,14.4,0.083916,0
2023-05-01,2023,5,BANDUNG WETAN,2.9371,2.6853,2.8904,3.1235,5.5958,2.909075,9.856040268456375,29800,22.14774193548387,215.54000000000002,89.70709677419354,15.75,0.091783,0
2023-06-01,2023,6,BANDUNG WETAN,2.5175,2.9371,2.6853,2.8904,4.0697,2.757575,8.447986577181208,29800,21.829,148.52,89.866,13.5,0.078671,0
2023-07-01,2023,7,BANDUNG WETAN,2.0513,2.5175,2.9371,2.6853,3.1702,2.5478,6.883557046979865,29800,20.978387096774195,76.8,88.14032258064516,11.0,0.064103,0
2023-08-01,2023,8,BANDUNG WETAN,2.5175,2.0513,2.5175,2.9371,3.1235,2.50585,8.447986577181208,29800,20.746129032258064,18.96,84.63129032258065,13.5,0.078671,0
2023-09-01,2023,9,BANDUNG WETAN,2.4242,2.5175,2.0513,2.5175,2.8904,2.377625,8.13489932885906,29800,21.15533333333333,6.95,81.82133333333333,13.0,0.075758,0
2023-10-01,2023,10,BANDUNG WETAN,2.3124,2.4242,2.5175,2.0513,2.6853,2.3263499999999997,7.75973154362416,29800,22.83225806451613,56.58,79.87290322580645,12.4,0.072261,1
2023-11-01,2023,11,BANDUNG WETAN,2.7972,2.3124,2.4242,2.5175,2.9371,2.5128250000000003,9.386577181208054,29800,23.137999999999998,379.14,84.75633333333333,15.0,0.087413,1
2023-12-01,2023,12,BANDUNG WETAN,2.5734,2.7972,2.3124,2.4242,2.5175,2.5268,8.635570469798658,29800,22.862903225806452,231.32,86.83161290322582,13.8,0.08042,1
2024-01-01,2024,1,BANDUNG WETAN,7.2428,2.5734,2.7972,2.3124,2.0513,3.7314499999999997,24.30469798657718,29800,22.437419354838713,598.42,89.78064516129032,18.25,0.089417,1
2024-02-01,2024,2,BANDUNG WETAN,7.9373,7.2428,2.5734,2.7972,2.5175,5.137675,26.635234899328857,29800,22.73793103448276,474.35,89.5803448275862,20.0,0.097991,1
2024-03-01,2024,3,BANDUNG WETAN,10.3978,7.9373,7.2428,2.5734,2.4242,7.037825,34.89194630872483,29800,22.405483870967743,391.27,90.65516129032258,26.2,0.128368,1
2024-04-01,2024,4,BANDUNG WETAN,9.5247,10.3978,7.9373,7.2428,2.3124,8.775649999999999,31.96208053691275,29800,23.169,323.82,90.12033333333333,24.0,0.117589,0
2024-05-01,2024,5,BANDUNG WETAN,9.5247,9.5247,10.3978,7.9373,2.7972,9.346125,31.96208053691275,29800,22.799354838709675,122.81,88.94935483870967,24.0,0.117589,0
2024-06-01,2024,6,BANDUNG WETAN,6.5879,9.5247,9.5247,10.3978,2.5734,9.008775,22.107046979865775,29800,22.169666666666668,235.73000000000002,89.03999999999999,16.6,0.081333,0
2024-07-01,2024,7,BANDUNG WETAN,5.5561,6.5879,9.5247,9.5247,7.2428,7.798349999999999,18.64463087248322,29800,21.01290322580645,291.43,89.00387096774193,14.0,0.068594,0
2024-08-01,2024,8,BANDUNG WETAN,4.4647,5.5561,6.5879,9.5247,7.9373,6.5333499999999995,14.982214765100672,29800,21.080645161290324,79.38,86.01806451612903,11.25,0.05512,0
2024-09-01,2024,9,BANDUNG WETAN,4.2861,4.4647,5.5561,6.5879,10.3978,5.2237,14.382885906040269,29800,21.895333333333333,329.11,85.34933333333333,10.8,0.052915,0
2024-10-01,2024,10,BANDUNG WETAN,4.8616,4.2861,4.4647,5.5561,9.5247,4.7921249999999995,16.314093959731544,29800,22.643225806451614,85.42999999999999,85.1325806451613,12.25,0.06002,1
2024-11-01,2024,11,BANDUNG WETAN,4.6632,4.8616,4.2861,4.4647,9.5247,4.5689,15.648322147651005,29800,22.590333333333334,530.84,88.96533333333333,11.75,0.05757,1
2024-12-01,2024,12,BANDUNG WETAN,5.953,4.6632,4.8616,4.2861,6.5879,4.940975,19.976510067114095,29800,21.753870967741936,329.88,91.23483870967742,15.0,0.073493,1
2016-01-01,2016,1,BATUNUNGGAL,26.2436,,,,,26.2436,22.44961505560308,116900,22.434516129032257,396.61,88.54548387096774,25.6,0.124969,1
2016-02-01,2016,2,BATUNUNGGAL,35.1111,26.2436,,,,30.67735,30.035158254918734,116900,22.00206896551724,468.95,90.91551724137932,34.25,0.167196,1
2016-03-01,2016,3,BATUNUNGGAL,26.6536,35.1111,26.2436,,,29.336100000000002,22.800342172797265,116900,22.740322580645163,477.1,90.77612903225807,26.0,0.126922,1
2016-04-01,2016,4,BATUNUNGGAL,24.0908,26.6536,35.1111,26.2436,,28.024775,20.608041060735673,116900,22.466,489.21,91.35133333333333,23.5,0.114718,0
2016-05-01,2016,5,BATUNUNGGAL,17.0173,24.0908,26.6536,35.1111,,25.7182,14.557142857142855,116900,22.4,251.60999999999999,90.83612903225807,16.6,0.081035,0
2016-06-01,2016,6,BATUNUNGGAL,12.0454,17.0173,24.0908,26.6536,,19.951774999999998,10.304020530367836,116900,21.715333333333334,176.73,88.34833333333333,11.75,0.057359,0
2016-07-01,2016,7,BATUNUNGGAL,11.2765,12.0454,17.0173,24.0908,26.2436,16.107499999999998,9.64627887082977,116900,21.557419354838707,300.44,89.96677419354839,11.0,0.053698,0
2016-08-01,2016,8,BATUNUNGGAL,11.5328,11.2765,12.0454,17.0173,35.1111,12.968,9.865526090675791,116900,21.18967741935484,190.43,88.61,11.25,0.054918,0
2016-09-01,2016,9,BATUNUNGGAL,11.5328,11.5328,11.2765,12.0454,26.6536,11.596875,9.865526090675791,116900,21.71033333333333,438.58,89.848,11.25,0.054918,0
2016-10-01,2016,10,BATUNUNGGAL,11.6866,11.5328,11.5328,11.2765,24.0908,11.507175,9.997091531223269,116900,21.464193548387097,440.99,91.19935483870967,11.4,0.05565,1
2016-11-01,2016,11,BATUNUNGGAL,11.7891,11.6866,11.5328,11.5328,17.0173,11.635325,10.084773310521813,116900,21.88,430.71999999999997,90.57866666666668,11.5,0.056139,1
2016-12-01,2016,12,BATUNUNGGAL,11.0203,11.7891,11.6866,11.5328,12.0454,11.5072,9.427117194183063,116900,21.13935483870968,188.26,90.15129032258065,10.75,0.052477,1
2017-01-01,2017,1,BATUNUNGGAL,16.0465,11.0203,11.7891,11.6866,11.2765,12.635625000000001,13.726689478186485,116900,21.030645161290323,295.58,90.34,11.6,0.122492,1
2017-02-01,2017,2,BATUNUNGGAL,13.4873,16.0465,11.0203,11.7891,11.5328,13.0858,11.537467921300255,116900,21.141428571428573,478.78000000000003,91.32892857142858,9.75,0.102957,1
2017-03-01,2017,3,BATUNUNGGAL,12.7957,13.4873,16.0465,11.0203,11.5328,13.33745,10.945851154833191,116900,21.510967741935485,336.51,89.8583870967742,9.25,0.097677,1
2017-04-01,2017,4,BATUNUNGGAL,10.7899,12.7957,13.4873,16.0465,11.6866,13.27985,9.230025662959793,116900,21.872666666666664,371.34,90.94333333333334,7.8,0.082365,0
2017-05-01,2017,5,BATUNUNGGAL,9.6832,10.7899,12.7957,13.4873,11.7891,11.689024999999999,8.283319076133447,116900,21.852903225806454,209.88,90.35548387096775,7.0,0.073918,0
2017-06-01,2017,6,BATUNUNGGAL,7.6082,9.6832,10.7899,12.7957,11.0203,10.21925,6.508297690333619,116900,21.282666666666668,155.11,90.05266666666667,5.5,0.058078,0
2017-07-01,2017,7,BATUNUNGGAL,8.0232,7.6082,9.6832,10.7899,16.0465,9.026124999999999,6.863301967493584,116900,20.681612903225805,89.05,89.09967741935485,5.8,0.061246,0
2017-08-01,2017,8,BATUNUNGGAL,8.6457,8.0232,7.6082,9.6832,13.4873,8.490075000000001,7.3958083832335335,116900,20.58225806451613,29.75,86.16129032258064,6.25,0.065998,0
2017-09-01,2017,9,BATUNUNGGAL,9.3374,8.6457,8.0232,7.6082,12.7957,8.403625,7.987510692899915,116900,21.449666666666666,108.77000000000001,84.02466666666668,6.75,0.071278,0
2017-10-01,2017,10,BATUNUNGGAL,11.8965,9.3374,8.6457,8.0232,10.7899,9.4757,10.176646706586826,116900,22.156451612903226,516.17,87.77129032258064,8.6,0.090813,1
2017-11-01,2017,11,BATUNUNGGAL,12.4498,11.8965,9.3374,8.6457,9.6832,10.58235,10.649957228400341,116900,21.842666666666666,451.08,89.273,9.0,0.095037,1
2017-12-01,2017,12,BATUNUNGGAL,10.2365,12.4498,11.8965,9.3374,7.6082,10.98005,8.756629597946963,116900,21.30516129032258,259.67,89.88935483870968,7.4,0.078141,1
2018-01-01,2018,1,BATUNUNGGAL,12.9636,10.2365,12.4498,11.8965,8.0232,11.8866,11.089478186484174,116900,20.889032258064514,262.41,91.22258064516129,7.25,0.080022,1
2018-02-01,2018,2,BATUNUNGGAL,12.5166,12.9636,10.2365,12.4498,8.6457,12.041625,10.7071000855432,116900,21.117142857142856,517.61,91.1925,7.0,0.077263,1
2018-03-01,2018,3,BATUNUNGGAL,12.5166,12.5166,12.9636,10.2365,9.3374,12.058325,10.7071000855432,116900,21.65741935483871,387.92,89.85741935483871,7.0,0.077263,1
2018-04-01,2018,4,BATUNUNGGAL,12.5166,12.5166,12.5166,12.9636,11.8965,12.628350000000001,10.7071000855432,116900,21.947,262.95,89.76933333333334,7.0,0.077263,0
2018-05-01,2018,5,BATUNUNGGAL,12.0695,12.5166,12.5166,12.5166,12.4498,12.404825,10.324636441402909,116900,21.772903225806452,120.22,88.87645161290322,6.75,0.074503,0
2018-06-01,2018,6,BATUNUNGGAL,9.8344,12.0695,12.5166,12.5166,10.2365,11.734275,8.412660393498717,116900,21.314333333333334,91.12,88.38766666666668,5.5,0.060706,0
2018-07-01,2018,7,BATUNUNGGAL,10.7285,9.8344,12.0695,12.5166,12.9636,11.28725,9.177502138579984,116900,19.885161290322582,5.63,85.66225806451614,6.0,0.066225,0
2018-08-01,2018,8,BATUNUNGGAL,11.6225,10.7285,9.8344,12.0695,12.5166,11.063725,9.942258340461933,116900,20.21161290322581,32.75,84.21451612903226,6.5,0.071744,0
2018-09-01,2018,9,BATUNUNGGAL,12.5166,11.6225,10.7285,9.8344,12.5166,11.1755,10.7071000855432,116900,21.037,96.61,83.175,7.0,0.077263,0
2018-10-01,2018,10,BATUNUNGGAL,14.7517,12.5166,11.6225,10.7285,12.5166,12.404824999999999,12.619076133447392,116900,22.358709677419355,189.07,82.22838709677418,8.25,0.09106,1
2018-11-01,2018,11,BATUNUNGGAL,17.4338,14.7517,12.5166,11.6225,12.0695,14.081150000000001,14.91343028229256,116900,22.28033333333333,425.59000000000003,87.10799999999999,9.75,0.107616,1
2018-12-01,2018,12,BATUNUNGGAL,22.5298,17.4338,14.7517,12.5166,9.8344,16.807975,19.272711719418307,116900,21.870645161290323,411.58,90.10225806451614,12.6,0.139073,1
2019-01-01,2019,1,BATUNUNGGAL,33.5703,22.5298,17.4338,14.7517,10.7285,22.071400000000004,28.71710863986313,116900,21.614516129032257,413.94,90.2341935483871,28.5,0.17394,1
2019-02-01,2019,2,BATUNUNGGAL,40.6378,33.5703,22.5298,17.4338,11.6225,28.542925000000004,34.762874251497,116900,22.12642857142857,488.76,90.59357142857142,34.5,0.210558,1
2019-03-01,2019,3,BATUNUNGGAL,22.6158,40.6378,33.5703,22.5298,12.5166,29.838425,19.346278870829767,116900,21.675483870967742,289.9,89.77451612903226,19.2,0.11718,1
2019-04-01,2019,4,BATUNUNGGAL,16.1962,22.6158,40.6378,33.5703,14.7517,28.255025000000003,13.85474764756202,116900,22.535333333333334,455.36,90.312,13.75,0.083918,0
2019-05-01,2019,5,BATUNUNGGAL,13.2514,16.1962,22.6158,40.6378,17.4338,23.1753,11.335671514114628,116900,21.986451612903227,228.52,89.65741935483871,11.25,0.06866,0
2019-06-01,2019,6,BATUNUNGGAL,10.13,13.2514,16.1962,22.6158,22.5298,15.548350000000001,8.665526090675792,116900,20.71066666666667,44.2,86.69033333333333,8.6,0.052487,0
2019-07-01,2019,7,BATUNUNGGAL,7.6564,10.13,13.2514,16.1962,33.5703,11.8085,6.549529512403763,116900,20.04064516129032,28.17,86.75548387096775,6.5,0.03967,0
2019-08-01,2019,8,BATUNUNGGAL,8.5398,7.6564,10.13,13.2514,40.6378,9.894400000000001,7.305218135158254,116900,19.98225806451613,19.74,84.07290322580646,7.25,0.044248,0
2019-09-01,2019,9,BATUNUNGGAL,8.0098,8.5398,7.6564,10.13,22.6158,8.584,6.851839178785286,116900,20.884333333333334,9.68,80.54033333333334,6.8,0.041501,0
2019-10-01,2019,10,BATUNUNGGAL,9.1288,8.0098,8.5398,7.6564,16.1962,8.3337,7.809067579127459,116900,22.31451612903226,80.15,78.2658064516129,7.75,0.047299,1
2019-11-01,2019,11,BATUNUNGGAL,10.3067,9.1288,8.0098,8.5398,13.2514,8.996275,8.816680923866553,116900,22.717333333333332,209.04,81.00466666666667,8.75,0.053403,1
2019-12-01,2019,12,BATUNUNGGAL,12.957,10.3067,9.1288,8.0098,10.13,10.100575,11.083832335329342,116900,22.92322580645161,493.07,85.07225806451612,11.0,0.067135,1
2020-01-01,2020,1,BATUNUNGGAL,13.8191,12.957,10.3067,9.1288,7.6564,11.552900000000001,11.821300256629598,116900,22.35483870967742,401.12,89.05290322580645,27.0,0.105489,1
2020-02-01,2020,2,BATUNUNGGAL,13.6912,13.8191,12.957,10.3067,8.5398,12.6935,11.711890504704877,116900,21.99103448275862,629.82,91.53275862068965,26.75,0.104513,1
2020-03-01,2020,3,BATUNUNGGAL,18.8349,13.6912,13.8191,12.957,8.0098,14.82555,16.111976047904193,116900,22.194193548387098,613.86,91.3616129032258,36.8,0.143778,1
2020-04-01,2020,4,BATUNUNGGAL,13.9471,18.8349,13.6912,13.8191,9.1288,15.073075000000001,11.930795551753636,116900,22.423,359.35,90.376,27.25,0.106466,0
2020-05-01,2020,5,BATUNUNGGAL,11.8742,13.9471,18.8349,13.6912,10.3067,14.58685,10.157570573139436,116900,22.330322580645163,486.90999999999997,91.91612903225807,23.2,0.090643,0
2020-06-01,2020,6,BATUNUNGGAL,9.4686,11.8742,13.9471,18.8349,12.957,13.5312,8.099743370402052,116900,21.551,159.0,90.95,18.5,0.07228,0
2020-07-01,2020,7,BATUNUNGGAL,6.0139,9.4686,11.8742,13.9471,13.8191,10.32595,5.14448246364414,116900,20.79548387096774,102.75,89.11064516129032,11.75,0.045907,0
2020-08-01,2020,8,BATUNUNGGAL,8.2915,6.0139,9.4686,11.8742,13.6912,8.91205,7.092814371257485,116900,21.360967741935486,57.29,87.45516129032258,16.2,0.063294,0
2020-09-01,2020,9,BATUNUNGGAL,7.6773,8.2915,6.0139,9.4686,18.8349,7.862825,6.567408041060736,116900,21.523333333333333,195.74,86.688,15.0,0.058605,0
2020-10-01,2020,10,BATUNUNGGAL,7.2934,7.6773,8.2915,6.0139,13.9471,7.319025,6.239007698887939,116900,21.92290322580645,471.4,89.15064516129033,14.25,0.055675,1
2020-11-01,2020,11,BATUNUNGGAL,11.7718,7.2934,7.6773,8.2915,11.8742,8.758500000000002,10.069974337040206,116900,21.974333333333334,334.45,90.29199999999999,23.0,0.089861,1
2020-12-01,2020,12,BATUNUNGGAL,8.3171,11.7718,7.2934,7.6773,9.4686,8.7649,7.114713430282292,116900,21.280645161290323,315.84000000000003,91.29451612903226,16.25,0.063489,1
2021-01-01,2021,1,BATUNUNGGAL,8.307,8.3171,11.7718,7.2934,6.0139,8.922325,7.1060735671514115,116900,21.016129032258064,342.89,91.80645161290323,14.6,0.069806,1
2021-02-01,2021,2,BATUNUNGGAL,8.9613,8.307,8.3171,11.7718,8.2915,9.339300000000001,7.665782720273738,116900,21.04357142857143,454.85,92.93928571428572,15.75,0.075305,1
2021-03-01,2021,3,BATUNUNGGAL,11.3794,8.9613,8.307,8.3171,7.6773,9.2412,9.734302822925578,116900,21.4741935483871,611.72,89.84774193548388,20.0,0.095625,1
2021-04-01,2021,4,BATUNUNGGAL,10.8104,11.3794,8.9613,8.307,7.2934,9.864525,9.247562018819504,116900,21.441333333333333,210.6,90.00566666666667,19.0,0.090844,0
2021-05-01,2021,5,BATUNUNGGAL,10.6966,10.8104,11.3794,8.9613,11.7718,10.461924999999999,9.150213857998288,116900,22.094838709677422,206.06,90.47516129032257,18.8,0.089888,0
2021-06-01,2021,6,BATUNUNGGAL,12.2328,10.6966,10.8104,11.3794,8.3171,11.279799999999998,10.464328485885371,116900,21.572,260.94,89.66933333333333,21.5,0.102797,0
2021-07-01,2021,7,BATUNUNGGAL,8.2501,12.2328,10.6966,10.8104,8.307,10.497475,7.057399486740803,116900,20.67064516129032,72.52,88.60129032258064,14.5,0.069328,0
2021-08-01,2021,8,BATUNUNGGAL,8.1932,8.2501,12.2328,10.6966,8.9613,9.843174999999999,7.008725406330197,116900,21.206129032258065,111.66,88.73290322580644,14.4,0.06885,0
2021-09-01,2021,9,BATUNUNGGAL,7.6811,8.1932,8.2501,12.2328,11.3794,9.0893,6.570658682634731,116900,21.584666666666667,178.93,87.54133333333333,13.5,0.064547,0
2021-10-01,2021,10,BATUNUNGGAL,7.738,7.6811,8.1932,8.2501,10.8104,7.9656,6.619332763045339,116900,22.29774193548387,291.15,86.82225806451612,13.6,0.065025,1
2021-11-01,2021,11,BATUNUNGGAL,12.3751,7.738,7.6811,8.1932,10.6966,8.99685,10.586056458511548,116900,21.753666666666668,452.44,90.89566666666666,21.75,0.103992,1
2021-12-01,2021,12,BATUNUNGGAL,12.3751,12.3751,7.738,7.6811,12.2328,10.042325,10.586056458511548,116900,21.716129032258067,366.65000000000003,90.05903225806452,21.75,0.103992,1
2022-01-01,2022,1,BATUNUNGGAL,24.1714,12.3751,12.3751,7.738,8.2501,14.1649,20.676988879384087,116900,21.427419354838708,218.29,90.04,29.0,0.113481,1
2022-02-01,2022,2,BATUNUNGGAL,22.5044,24.1714,12.3751,12.3751,8.1932,17.8565,19.25098374679213,116900,21.202499999999997,251.17000000000002,90.17285714285715,27.0,0.105654,1
2022-03-01,2022,3,BATUNUNGGAL,17.9202,22.5044,24.1714,12.3751,7.6811,19.242774999999998,15.3295124037639,116900,21.671290322580646,303.35,89.7316129032258,21.5,0.084132,1
2022-04-01,2022,4,BATUNUNGGAL,15.0029,17.9202,22.5044,24.1714,7.738,19.899724999999997,12.833960650128317,116900,22.020333333333333,361.55,89.954,18.0,0.070436,0
2022-05-01,2022,5,BATUNUNGGAL,15.3363,15.0029,17.9202,22.5044,12.3751,17.69095,13.119161676646707,116900,22.018064516129034,249.94,90.39709677419354,18.4,0.072002,0
2022-06-01,2022,6,BATUNUNGGAL,15.4197,15.3363,15.0029,17.9202,12.3751,15.919775,13.190504704875964,116900,21.217,211.8,90.89233333333333,18.5,0.072393,0
2022-07-01,2022,7,BATUNUNGGAL,15.0029,15.4197,15.3363,15.0029,24.1714,15.190449999999998,12.833960650128317,116900,21.188064516129035,200.27,89.83903225806452,18.0,0.070436,0
2022-08-01,2022,8,BATUNUNGGAL,18.7537,15.0029,15.4197,15.3363,22.5044,16.128149999999998,16.04251497005988,116900,21.362903225806452,138.33,88.19354838709677,22.5,0.088045,0
2022-09-01,2022,9,BATUNUNGGAL,18.5453,18.7537,15.0029,15.4197,17.9202,16.9304,15.864242942686056,116900,21.667333333333332,301.34999999999997,89.089,22.25,0.087067,0
2022-10-01,2022,10,BATUNUNGGAL,18.6703,18.5453,18.7537,15.0029,15.0029,17.74305,15.971171941830624,116900,21.640967741935484,426.72,90.4658064516129,22.4,0.087654,1
2022-11-01,2022,11,BATUNUNGGAL,18.3369,18.6703,18.5453,18.7537,15.3363,18.57655,15.685970915312232,116900,21.424,413.78,91.02466666666668,22.0,0.086089,1
2022-12-01,2022,12,BATUNUNGGAL,13.3359,18.3369,18.6703,18.5453,15.4197,17.2221,11.407955517536356,116900,21.384516129032257,353.8,90.81741935483872,16.0,0.06261,1
2023-01-01,2023,1,BATUNUNGGAL,6.4394,13.3359,18.3369,18.6703,15.0029,14.195625000000001,5.50846877673225,116900,21.17322580645161,158.04,90.5667741935484,17.0,0.099068,1
2023-02-01,2023,2,BATUNUNGGAL,6.3447,6.4394,13.3359,18.3369,18.7537,11.114225,5.427459366980325,116900,20.5825,359.16,91.09357142857142,16.75,0.097611,1
2023-03-01,2023,3,BATUNUNGGAL,5.8712,6.3447,6.4394,13.3359,18.5453,7.9978,5.022412318220701,116900,21.701290322580647,334.8,90.1258064516129,15.5,0.090326,1
2023-04-01,2023,4,BATUNUNGGAL,5.4545,5.8712,6.3447,6.4394,18.6703,6.02745,4.66595380667237,116900,22.06566666666667,272.96,89.87733333333334,14.4,0.083916,0
2023-05-01,2023,5,BATUNUNGGAL,5.9659,5.4545,5.8712,6.3447,18.3369,5.909075,5.103421727972627,116900,22.14774193548387,215.54000000000002,89.70709677419354,15.75,0.091783,0
2023-06-01,2023,6,BATUNUNGGAL,5.1136,5.9659,5.4545,5.8712,13.3359,5.6013,4.374337040205304,116900,21.829,148.52,89.866,13.5,0.078671,0
2023-07-01,2023,7,BATUNUNGGAL,4.1667,5.1136,5.9659,5.4545,6.4394,5.175175,3.564328485885372,116900,20.978387096774195,76.8,88.14032258064516,11.0,0.064103,0
2023-08-01,2023,8,BATUNUNGGAL,5.1136,4.1667,5.1136,5.9659,6.3447,5.08995,4.374337040205304,116900,20.746129032258064,18.96,84.63129032258065,13.5,0.078671,0
2023-09-01,2023,9,BATUNUNGGAL,4.9242,5.1136,4.1667,5.1136,5.8712,4.829524999999999,4.212318220701454,116900,21.15533333333333,6.95,81.82133333333333,13.0,0.075758,0
2023-10-01,2023,10,BATUNUNGGAL,4.697,4.9242,5.1136,4.1667,5.4545,4.725375,4.017964071856288,116900,22.83225806451613,56.58,79.87290322580645,12.4,0.072261,1
2023-11-01,2023,11,BATUNUNGGAL,5.6818,4.697,4.9242,5.1136,5.9659,5.10415,4.860393498716852,116900,23.137999999999998,379.14,84.75633333333333,15.0,0.087413,1
2023-12-01,2023,12,BATUNUNGGAL,5.2273,5.6818,4.697,4.9242,5.1136,5.132575,4.471599657827202,116900,22.862903225806452,231.32,86.83161290322582,13.8,0.08042,1
2024-01-01,2024,1,BATUNUNGGAL,20.8341,5.2273,5.6818,4.697,4.1667,9.110050000000001,17.822155688622754,116900,22.437419354838713,598.42,89.78064516129032,18.25,0.089417,1
2024-02-01,2024,2,BATUNUNGGAL,22.8319,20.8341,5.2273,5.6818,5.1136,13.643775,19.5311377245509,116900,22.73793103448276,474.35,89.5803448275862,20.0,0.097991,1
2024-03-01,2024,3,BATUNUNGGAL,29.9098,22.8319,20.8341,5.2273,4.9242,19.700775,25.5857998289136,116900,22.405483870967743,391.27,90.65516129032258,26.2,0.128368,1
2024-04-01,2024,4,BATUNUNGGAL,27.3983,29.9098,22.8319,20.8341,4.697,25.243525,23.437382378100942,116900,23.169,323.82,90.12033333333333,24.0,0.117589,0
2024-05-01,2024,5,BATUNUNGGAL,27.3983,27.3983,29.9098,22.8319,5.6818,26.884574999999998,23.437382378100942,116900,22.799354838709675,122.81,88.94935483870967,24.0,0.117589,0
2024-06-01,2024,6,BATUNUNGGAL,18.9505,27.3983,27.3983,29.9098,5.2273,25.914225000000002,16.21086398631309,116900,22.169666666666668,235.73000000000002,89.03999999999999,16.6,0.081333,0
2024-07-01,2024,7,BATUNUNGGAL,15.9824,18.9505,27.3983,27.3983,20.8341,22.432375,13.67185628742515,116900,21.01290322580645,291.43,89.00387096774193,14.0,0.068594,0
2024-08-01,2024,8,BATUNUNGGAL,12.843,15.9824,18.9505,27.3983,22.8319,18.79355,10.986313088109496,116900,21.080645161290324,79.38,86.01806451612903,11.25,0.05512,0
2024-09-01,2024,9,BATUNUNGGAL,12.3293,12.843,15.9824,18.9505,29.9098,15.0263,10.546877673224978,116900,21.895333333333333,329.11,85.34933333333333,10.8,0.052915,0
2024-10-01,2024,10,BATUNUNGGAL,13.9846,12.3293,12.843,15.9824,27.3983,13.784825,11.962874251497007,116900,22.643225806451614,85.42999999999999,85.1325806451613,12.25,0.06002,1
2024-11-01,2024,11,BATUNUNGGAL,13.4138,13.9846,12.3293,12.843,27.3983,13.142675,11.47459366980325,116900,22.590333333333334,530.84,88.96533333333333,11.75,0.05757,1
2024-12-01,2024,12,BATUNUNGGAL,17.124,13.4138,13.9846,12.3293,18.9505,14.212924999999998,14.648417450812659,116900,21.753870967741936,329.88,91.23483870967742,15.0,0.073493,1
2016-01-01,2016,1,BOJONGLOA KALER,7.998,,,,,7.998,6.692887029288703,119500,22.434516129032257,396.61,88.54548387096774,25.6,0.124969,1
2016-02-01,2016,2,BOJONGLOA KALER,10.7005,7.998,,,,9.34925,8.95439330543933,119500,22.00206896551724,468.95,90.91551724137932,34.25,0.167196,1
2016-03-01,2016,3,BOJONGLOA KALER,8.123,10.7005,7.998,,,8.9405,6.797489539748954,119500,22.740322580645163,477.1,90.77612903225807,26.0,0.126922,1
2016-04-01,2016,4,BOJONGLOA KALER,7.342,8.123,10.7005,7.998,,8.540875,6.1439330543933055,119500,22.466,489.21,91.35133333333333,23.5,0.114718,0
2016-05-01,2016,5,BOJONGLOA KALER,5.1862,7.342,8.123,10.7005,,7.837925,4.339916317991632,119500,22.4,251.60999999999999,90.83612903225807,16.6,0.081035,0
2016-06-01,2016,6,BOJONGLOA KALER,3.671,5.1862,7.342,8.123,,6.080550000000001,3.0719665271966528,119500,21.715333333333334,176.73,88.34833333333333,11.75,0.057359,0
2016-07-01,2016,7,BOJONGLOA KALER,3.4367,3.671,5.1862,7.342,7.998,4.908975000000001,2.8758995815899584,119500,21.557419354838707,300.44,89.96677419354839,11.0,0.053698,0
2016-08-01,2016,8,BOJONGLOA KALER,3.5148,3.4367,3.671,5.1862,10.7005,3.9521750000000004,2.941255230125523,119500,21.18967741935484,190.43,88.61,11.25,0.054918,0
2016-09-01,2016,9,BOJONGLOA KALER,3.5148,3.5148,3.4367,3.671,8.123,3.5343250000000004,2.941255230125523,119500,21.71033333333333,438.58,89.848,11.25,0.054918,0
2016-10-01,2016,10,BOJONGLOA KALER,3.5616,3.5148,3.5148,3.4367,7.342,3.5069750000000006,2.980418410041841,119500,21.464193548387097,440.99,91.19935483870967,11.4,0.05565,1
2016-11-01,2016,11,BOJONGLOA KALER,3.5929,3.5616,3.5148,3.5148,5.1862,3.5460250000000006,3.006610878661088,119500,21.88,430.71999999999997,90.57866666666668,11.5,0.056139,1
2016-12-01,2016,12,BOJONGLOA KALER,3.3586,3.5929,3.5616,3.5148,3.671,3.5069750000000006,2.8105439330543933,119500,21.13935483870968,188.26,90.15129032258065,10.75,0.052477,1
2017-01-01,2017,1,BOJONGLOA KALER,2.9398,3.3586,3.5929,3.5616,3.4367,3.363225000000001,2.460083682008368,119500,21.030645161290323,295.58,90.34,11.6,0.122492,1
2017-02-01,2017,2,BOJONGLOA KALER,2.471,2.9398,3.3586,3.5929,3.5148,3.0905750000000003,2.0677824267782428,119500,21.141428571428573,478.78000000000003,91.32892857142858,9.75,0.102957,1
2017-03-01,2017,3,BOJONGLOA KALER,2.3442,2.471,2.9398,3.3586,3.5148,2.7784000000000004,1.9616736401673638,119500,21.510967741935485,336.51,89.8583870967742,9.25,0.097677,1
2017-04-01,2017,4,BOJONGLOA KALER,1.9768,2.3442,2.471,2.9398,3.5616,2.4329500000000004,1.6542259414225942,119500,21.872666666666664,371.34,90.94333333333334,7.8,0.082365,0
2017-05-01,2017,5,BOJONGLOA KALER,1.774,1.9768,2.3442,2.471,3.5929,2.1415000000000006,1.4845188284518829,119500,21.852903225806454,209.88,90.35548387096775,7.0,0.073918,0
2017-06-01,2017,6,BOJONGLOA KALER,1.3939,1.774,1.9768,2.3442,3.3586,1.8722250000000003,1.1664435146443513,119500,21.282666666666668,155.11,90.05266666666667,5.5,0.058078,0
2017-07-01,2017,7,BOJONGLOA KALER,1.4699,1.3939,1.774,1.9768,2.9398,1.6536500000000003,1.230041841004184,119500,20.681612903225805,89.05,89.09967741935485,5.8,0.061246,0
2017-08-01,2017,8,BOJONGLOA KALER,1.5839,1.4699,1.3939,1.774,2.471,1.5554250000000005,1.3254393305439331,119500,20.58225806451613,29.75,86.16129032258064,6.25,0.065998,0
2017-09-01,2017,9,BOJONGLOA KALER,1.7107,1.5839,1.4699,1.3939,2.3442,1.5396000000000005,1.4315481171548117,119500,21.449666666666666,108.77000000000001,84.02466666666668,6.75,0.071278,0
2017-10-01,2017,10,BOJONGLOA KALER,2.1795,1.7107,1.5839,1.4699,1.9768,1.7360000000000004,1.8238493723849372,119500,22.156451612903226,516.17,87.77129032258064,8.6,0.090813,1
2017-11-01,2017,11,BOJONGLOA KALER,2.2809,2.1795,1.7107,1.5839,1.774,1.9387500000000004,1.9087029288702928,119500,21.842666666666666,451.08,89.273,9.0,0.095037,1
2017-12-01,2017,12,BOJONGLOA KALER,1.8754,2.2809,2.1795,1.7107,1.3939,2.0116250000000004,1.5693723849372385,119500,21.30516129032258,259.67,89.88935483870968,7.4,0.078141,1
2018-01-01,2018,1,BOJONGLOA KALER,7.122,1.8754,2.2809,2.1795,1.4699,3.3644500000000006,5.959832635983263,119500,20.889032258064514,262.41,91.22258064516129,7.25,0.080022,1
2018-02-01,2018,2,BOJONGLOA KALER,6.8764,7.122,1.8754,2.2809,1.5839,4.5386750000000005,5.754309623430963,119500,21.117142857142856,517.61,91.1925,7.0,0.077263,1
2018-03-01,2018,3,BOJONGLOA KALER,6.8764,6.8764,7.122,1.8754,1.7107,5.687550000000001,5.754309623430963,119500,21.65741935483871,387.92,89.85741935483871,7.0,0.077263,1
2018-04-01,2018,4,BOJONGLOA KALER,6.8764,6.8764,6.8764,7.122,2.1795,6.937800000000001,5.754309623430963,119500,21.947,262.95,89.76933333333334,7.0,0.077263,0
2018-05-01,2018,5,BOJONGLOA KALER,6.6308,6.8764,6.8764,6.8764,2.2809,6.815000000000001,5.548786610878661,119500,21.772903225806452,120.22,88.87645161290322,6.75,0.074503,0
2018-06-01,2018,6,BOJONGLOA KALER,5.4029,6.6308,6.8764,6.8764,1.8754,6.446625000000001,4.521255230125522,119500,21.314333333333334,91.12,88.38766666666668,5.5,0.060706,0
2018-07-01,2018,7,BOJONGLOA KALER,5.894,5.4029,6.6308,6.8764,7.122,6.2010250000000005,4.932217573221758,119500,19.885161290322582,5.63,85.66225806451614,6.0,0.066225,0
2018-08-01,2018,8,BOJONGLOA KALER,6.3852,5.894,5.4029,6.6308,6.8764,6.078225000000001,5.343263598326359,119500,20.21161290322581,32.75,84.21451612903226,6.5,0.071744,0
2018-09-01,2018,9,BOJONGLOA KALER,6.8764,6.3852,5.894,5.4029,6.8764,6.1396250000000006,5.754309623430963,119500,21.037,96.61,83.175,7.0,0.077263,0
2018-10-01,2018,10,BOJONGLOA KALER,8.1043,6.8764,6.3852,5.894,6.8764,6.8149750000000004,6.781841004184101,119500,22.358709677419355,189.07,82.22838709677418,8.25,0.09106,1
2018-11-01,2018,11,BOJONGLOA KALER,9.5778,8.1043,6.8764,6.3852,6.6308,7.735925,8.01489539748954,119500,22.28033333333333,425.59000000000003,87.10799999999999,9.75,0.107616,1
2018-12-01,2018,12,BOJONGLOA KALER,12.3775,9.5778,8.1043,6.8764,5.4029,9.234000000000002,10.357740585774058,119500,21.870645161290323,411.58,90.10225806451614,12.6,0.139073,1
2019-01-01,2019,1,BOJONGLOA KALER,26.0909,12.3775,9.5778,8.1043,5.894,14.037625,21.833389121338914,119500,21.614516129032257,413.94,90.2341935483871,28.5,0.17394,1
2019-02-01,2019,2,BOJONGLOA KALER,31.5838,26.0909,12.3775,9.5778,6.3852,19.9075,26.429958158995817,119500,22.12642857142857,488.76,90.59357142857142,34.5,0.210558,1
2019-03-01,2019,3,BOJONGLOA KALER,17.5771,31.5838,26.0909,12.3775,6.8764,21.907325,14.70887029288703,119500,21.675483870967742,289.9,89.77451612903226,19.2,0.11718,1
2019-04-01,2019,4,BOJONGLOA KALER,12.5877,17.5771,31.5838,26.0909,8.1043,21.959875,10.533640167364018,119500,22.535333333333334,455.36,90.312,13.75,0.083918,0
2019-05-01,2019,5,BOJONGLOA KALER,10.2991,12.5877,17.5771,31.5838,9.5778,18.011925,8.618493723849372,119500,21.986451612903227,228.52,89.65741935483871,11.25,0.06866,0
2019-06-01,2019,6,BOJONGLOA KALER,7.8731,10.2991,12.5877,17.5771,12.3775,12.08425,6.58836820083682,119500,20.71066666666667,44.2,86.69033333333333,8.6,0.052487,0
2019-07-01,2019,7,BOJONGLOA KALER,5.9506,7.8731,10.2991,12.5877,26.0909,9.177624999999999,4.979581589958158,119500,20.04064516129032,28.17,86.75548387096775,6.5,0.03967,0
2019-08-01,2019,8,BOJONGLOA KALER,6.6372,5.9506,7.8731,10.2991,31.5838,7.69,5.554142259414226,119500,19.98225806451613,19.74,84.07290322580646,7.25,0.044248,0
2019-09-01,2019,9,BOJONGLOA KALER,6.2252,6.6372,5.9506,7.8731,17.5771,6.671525000000001,5.209372384937239,119500,20.884333333333334,9.68,80.54033333333334,6.8,0.041501,0
2019-10-01,2019,10,BOJONGLOA KALER,7.0949,6.2252,6.6372,5.9506,12.5877,6.476975,5.937154811715481,119500,22.31451612903226,80.15,78.2658064516129,7.75,0.047299,1
2019-11-01,2019,11,BOJONGLOA KALER,8.0104,7.0949,6.2252,6.6372,10.2991,6.991925,6.703263598326361,119500,22.717333333333332,209.04,81.00466666666667,8.75,0.053403,1
2019-12-01,2019,12,BOJONGLOA KALER,10.0702,8.0104,7.0949,6.2252,7.8731,7.850175,8.426945606694561,119500,22.92322580645161,493.07,85.07225806451612,11.0,0.067135,1
2020-01-01,2020,1,BOJONGLOA KALER,9.8105,10.0702,8.0104,7.0949,5.9506,8.7465,8.209623430962344,119500,22.35483870967742,401.12,89.05290322580645,27.0,0.105489,1
2020-02-01,2020,2,BOJONGLOA KALER,9.7197,9.8105,10.0702,8.0104,6.6372,9.4027,8.133640167364016,119500,21.99103448275862,629.82,91.53275862068965,26.75,0.104513,1
2020-03-01,2020,3,BOJONGLOA KALER,13.3714,9.7197,9.8105,10.0702,6.2252,10.74295,11.189456066945606,119500,22.194193548387098,613.86,91.3616129032258,36.8,0.143778,1
2020-04-01,2020,4,BOJONGLOA KALER,9.9013,13.3714,9.7197,9.8105,7.0949,10.700725,8.28560669456067,119500,22.423,359.35,90.376,27.25,0.106466,0
2020-05-01,2020,5,BOJONGLOA KALER,8.4298,9.9013,13.3714,9.7197,8.0104,10.355550000000001,7.054225941422595,119500,22.330322580645163,486.90999999999997,91.91612903225807,23.2,0.090643,0
2020-06-01,2020,6,BOJONGLOA KALER,6.722,8.4298,9.9013,13.3714,10.0702,9.606125,5.6251046025104605,119500,21.551,159.0,90.95,18.5,0.07228,0
2020-07-01,2020,7,BOJONGLOA KALER,4.2694,6.722,8.4298,9.9013,9.8105,7.330625,3.5727196652719666,119500,20.79548387096774,102.75,89.11064516129032,11.75,0.045907,0
2020-08-01,2020,8,BOJONGLOA KALER,5.8863,4.2694,6.722,8.4298,9.7197,6.326874999999999,4.925774058577407,119500,21.360967741935486,57.29,87.45516129032258,16.2,0.063294,0
2020-09-01,2020,9,BOJONGLOA KALER,5.4503,5.8863,4.2694,6.722,13.3714,5.582,4.560920502092051,119500,21.523333333333333,195.74,86.688,15.0,0.058605,0
2020-10-01,2020,10,BOJONGLOA KALER,5.1778,5.4503,5.8863,4.2694,9.9013,5.195950000000001,4.332887029288703,119500,21.92290322580645,471.4,89.15064516129033,14.25,0.055675,1
2020-11-01,2020,11,BOJONGLOA KALER,8.3571,5.1778,5.4503,5.8863,8.4298,6.217875,6.993389121338914,119500,21.974333333333334,334.45,90.29199999999999,23.0,0.089861,1
2020-12-01,2020,12,BOJONGLOA KALER,5.9045,8.3571,5.1778,5.4503,6.722,6.222424999999999,4.941004184100418,119500,21.280645161290323,315.84000000000003,91.29451612903226,16.25,0.063489,1
2021-01-01,2021,1,BOJONGLOA KALER,11.4482,5.9045,8.3571,5.1778,4.2694,7.7219,9.580083682008368,119500,21.016129032258064,342.89,91.80645161290323,14.6,0.069806,1
2021-02-01,2021,2,BOJONGLOA KALER,12.35,11.4482,5.9045,8.3571,5.8863,9.514949999999999,10.334728033472803,119500,21.04357142857143,454.85,92.93928571428572,15.75,0.075305,1
2021-03-01,2021,3,BOJONGLOA KALER,15.6825,12.35,11.4482,5.9045,5.4503,11.3463,13.123430962343097,119500,21.4741935483871,611.72,89.84774193548388,20.0,0.095625,1
2021-04-01,2021,4,BOJONGLOA KALER,14.8984,15.6825,12.35,11.4482,5.1778,13.594775,12.467280334728034,119500,21.441333333333333,210.6,90.00566666666667,19.0,0.090844,0
2021-05-01,2021,5,BOJONGLOA KALER,14.7416,14.8984,15.6825,12.35,8.3571,14.418125,12.336066945606696,119500,22.094838709677422,206.06,90.47516129032257,18.8,0.089888,0
2021-06-01,2021,6,BOJONGLOA KALER,16.8587,14.7416,14.8984,15.6825,5.9045,15.5453,14.107698744769873,119500,21.572,260.94,89.66933333333333,21.5,0.102797,0
2021-07-01,2021,7,BOJONGLOA KALER,11.3698,16.8587,14.7416,14.8984,11.4482,14.467125,9.514476987447699,119500,20.67064516129032,72.52,88.60129032258064,14.5,0.069328,0
2021-08-01,2021,8,BOJONGLOA KALER,11.2914,11.3698,16.8587,14.7416,12.35,13.565375,9.448870292887028,119500,21.206129032258065,111.66,88.73290322580644,14.4,0.06885,0
2021-09-01,2021,9,BOJONGLOA KALER,10.5857,11.2914,11.3698,16.8587,15.6825,12.526399999999999,8.858326359832635,119500,21.584666666666667,178.93,87.54133333333333,13.5,0.064547,0
2021-10-01,2021,10,BOJONGLOA KALER,10.6641,10.5857,11.2914,11.3698,14.8984,10.97775,8.923933054393306,119500,22.29774193548387,291.15,86.82225806451612,13.6,0.065025,1
2021-11-01,2021,11,BOJONGLOA KALER,17.0547,10.6641,10.5857,11.2914,14.7416,12.398975,14.271715481171547,119500,21.753666666666668,452.44,90.89566666666666,21.75,0.103992,1
2021-12-01,2021,12,BOJONGLOA KALER,17.0547,17.0547,10.6641,10.5857,16.8587,13.8398,14.271715481171547,119500,21.716129032258067,366.65000000000003,90.05903225806452,21.75,0.103992,1
2022-01-01,2022,1,BOJONGLOA KALER,21.5613,17.0547,17.0547,10.6641,11.3698,16.5837,18.042928870292887,119500,21.427419354838708,218.29,90.04,29.0,0.113481,1
2022-02-01,2022,2,BOJONGLOA KALER,20.0743,21.5613,17.0547,17.0547,11.2914,18.93625,16.798577405857742,119500,21.202499999999997,251.17000000000002,90.17285714285715,27.0,0.105654,1
2022-03-01,2022,3,BOJONGLOA KALER,15.9851,20.0743,21.5613,17.0547,10.5857,18.66885,13.376652719665271,119500,21.671290322580646,303.35,89.7316129032258,21.5,0.084132,1
2022-04-01,2022,4,BOJONGLOA KALER,13.3829,15.9851,20.0743,21.5613,10.6641,17.7509,11.199079497907949,119500,22.020333333333333,361.55,89.954,18.0,0.070436,0
2022-05-01,2022,5,BOJONGLOA KALER,13.6803,13.3829,15.9851,20.0743,17.0547,15.78065,11.44794979079498,119500,22.018064516129034,249.94,90.39709677419354,18.4,0.072002,0
2022-06-01,2022,6,BOJONGLOA KALER,13.7546,13.6803,13.3829,15.9851,17.0547,14.200725,11.510125523012553,119500,21.217,211.8,90.89233333333333,18.5,0.072393,0
2022-07-01,2022,7,BOJONGLOA KALER,13.3829,13.7546,13.6803,13.3829,21.5613,13.550175000000001,11.199079497907949,119500,21.188064516129035,200.27,89.83903225806452,18.0,0.070436,0
2022-08-01,2022,8,BOJONGLOA KALER,16.7286,13.3829,13.7546,13.6803,20.0743,14.386600000000001,13.998828451882845,119500,21.362903225806452,138.33,88.19354838709677,22.5,0.088045,0
2022-09-01,2022,9,BOJONGLOA KALER,16.5428,16.7286,13.3829,13.7546,15.9851,15.102225,13.84334728033473,119500,21.667333333333332,301.34999999999997,89.089,22.25,0.087067,0
2022-10-01,2022,10,BOJONGLOA KALER,16.6543,16.5428,16.7286,13.3829,13.3829,15.82715,13.936652719665272,119500,21.640967741935484,426.72,90.4658064516129,22.4,0.087654,1
2022-11-01,2022,11,BOJONGLOA KALER,16.3569,16.6543,16.5428,16.7286,13.6803,16.57065,13.687782426778243,119500,21.424,413.78,91.02466666666668,22.0,0.086089,1
2022-12-01,2022,12,BOJONGLOA KALER,11.8959,16.3569,16.6543,16.5428,13.7546,15.362475,9.954728033472803,119500,21.384516129032257,353.8,90.81741935483872,16.0,0.06261,1
2023-01-01,2023,1,BOJONGLOA KALER,11.4918,11.8959,16.3569,16.6543,13.3829,14.099725,9.616569037656904,119500,21.17322580645161,158.04,90.5667741935484,17.0,0.099068,1
2023-02-01,2023,2,BOJONGLOA KALER,11.3228,11.4918,11.8959,16.3569,16.7286,12.76685,9.475146443514646,119500,20.5825,359.16,91.09357142857142,16.75,0.097611,1
2023-03-01,2023,3,BOJONGLOA KALER,10.4779,11.3228,11.4918,11.8959,16.5428,11.297099999999999,8.768117154811716,119500,21.701290322580647,334.8,90.1258064516129,15.5,0.090326,1
2023-04-01,2023,4,BOJONGLOA KALER,9.7343,10.4779,11.3228,11.4918,16.6543,10.756699999999999,8.145857740585773,119500,22.06566666666667,272.96,89.87733333333334,14.4,0.083916,0
2023-05-01,2023,5,BOJONGLOA KALER,10.6469,9.7343,10.4779,11.3228,16.3569,10.545475,8.909539748953975,119500,22.14774193548387,215.54000000000002,89.70709677419354,15.75,0.091783,0
2023-06-01,2023,6,BOJONGLOA KALER,9.1259,10.6469,9.7343,10.4779,11.8959,9.99625,7.63673640167364,119500,21.829,148.52,89.866,13.5,0.078671,0
2023-07-01,2023,7,BOJONGLOA KALER,7.4359,9.1259,10.6469,9.7343,11.4918,9.23575,6.222510460251046,119500,20.978387096774195,76.8,88.14032258064516,11.0,0.064103,0
2023-08-01,2023,8,BOJONGLOA KALER,9.1259,7.4359,9.1259,10.6469,11.3228,9.08365,7.63673640167364,119500,20.746129032258064,18.96,84.63129032258065,13.5,0.078671,0
2023-09-01,2023,9,BOJONGLOA KALER,8.7879,9.1259,7.4359,9.1259,10.4779,8.6189,7.353891213389121,119500,21.15533333333333,6.95,81.82133333333333,13.0,0.075758,0
2023-10-01,2023,10,BOJONGLOA KALER,8.3823,8.7879,9.1259,7.4359,9.7343,8.433,7.014476987447699,119500,22.83225806451613,56.58,79.87290322580645,12.4,0.072261,1
2023-11-01,2023,11,BOJONGLOA KALER,10.1399,8.3823,8.7879,9.1259,10.6469,9.109,8.485271966527197,119500,23.137999999999998,379.14,84.75633333333333,15.0,0.087413,1
2023-12-01,2023,12,BOJONGLOA KALER,9.3287,10.1399,8.3823,8.7879,9.1259,9.1597,7.806443514644351,119500,22.862903225806452,231.32,86.83161290322582,13.8,0.08042,1
2024-01-01,2024,1,BOJONGLOA KALER,20.0294,9.3287,10.1399,8.3823,7.4359,11.970075,16.76100418410042,119500,22.437419354838713,598.42,89.78064516129032,18.25,0.089417,1
2024-02-01,2024,2,BOJONGLOA KALER,21.95,20.0294,9.3287,10.1399,9.1259,15.361999999999998,18.368200836820083,119500,22.73793103448276,474.35,89.5803448275862,20.0,0.097991,1
2024-03-01,2024,3,BOJONGLOA KALER,28.7545,21.95,20.0294,9.3287,8.7879,20.01565,24.06234309623431,119500,22.405483870967743,391.27,90.65516129032258,26.2,0.128368,1
2024-04-01,2024,4,BOJONGLOA KALER,26.34,28.7545,21.95,20.0294,8.3823,24.268475000000002,22.0418410041841,119500,23.169,323.82,90.12033333333333,24.0,0.117589,0
2024-05-01,2024,5,BOJONGLOA KALER,26.34,26.34,28.7545,21.95,10.1399,25.846124999999997,22.0418410041841,119500,22.799354838709675,122.81,88.94935483870967,24.0,0.117589,0
2024-06-01,2024,6,BOJONGLOA KALER,18.2185,26.34,26.34,28.7545,9.3287,24.91325,15.245606694560669,119500,22.169666666666668,235.73000000000002,89.03999999999999,16.6,0.081333,0
2024-07-01,2024,7,BOJONGLOA KALER,15.365,18.2185,26.34,26.34,20.0294,21.565875,12.857740585774058,119500,21.01290322580645,291.43,89.00387096774193,14.0,0.068594,0
2024-08-01,2024,8,BOJONGLOA KALER,12.3469,15.365,18.2185,26.34,21.95,18.0676,10.33213389121339,119500,21.080645161290324,79.38,86.01806451612903,11.25,0.05512,0
2024-09-01,2024,9,BOJONGLOA KALER,11.853,12.3469,15.365,18.2185,28.7545,14.445849999999998,9.918828451882845,119500,21.895333333333333,329.11,85.34933333333333,10.8,0.052915,0
2024-10-01,2024,10,BOJONGLOA KALER,13.4444,11.853,12.3469,15.365,26.34,13.252324999999999,11.250543933054393,119500,22.643225806451614,85.42999999999999,85.1325806451613,12.25,0.06002,1
2024-11-01,2024,11,BOJONGLOA KALER,12.8956,13.4444,11.853,12.3469,26.34,12.634975,10.791297071129707,119500,22.590333333333334,530.84,88.96533333333333,11.75,0.05757,1
2024-12-01,2024,12,BOJONGLOA KALER,16.4625,12.8956,13.4444,11.853,18.2185,13.663874999999999,13.776150627615062,119500,21.753870967741936,329.88,91.23483870967742,15.0,0.073493,1
2016-01-01,2016,1,BOJONGLOA KIDUL,9.9976,,,,,9.9976,11.817494089834515,84600,22.434516129032257,396.61,88.54548387096774,25.6,0.124969,1
2016-02-01,2016,2,BOJONGLOA KIDUL,13.3756,9.9976,,,,11.6866,15.810401891252956,84600,22.00206896551724,468.95,90.91551724137932,34.25,0.167196,1
2016-03-01,2016,3,BOJONGLOA KIDUL,10.1538,13.3756,9.9976,,,11.175666666666666,12.00212765957447,84600,22.740322580645163,477.1,90.77612903225807,26.0,0.126922,1
2016-04-01,2016,4,BOJONGLOA KIDUL,9.1774,10.1538,13.3756,9.9976,,10.6761,10.847990543735225,84600,22.466,489.21,91.35133333333333,23.5,0.114718,0
2016-05-01,2016,5,BOJONGLOA KIDUL,6.4828,9.1774,10.1538,13.3756,,9.797400000000001,7.662884160756501,84600,22.4,251.60999999999999,90.83612903225807,16.6,0.081035,0
2016-06-01,2016,6,BOJONGLOA KIDUL,4.5887,6.4828,9.1774,10.1538,,7.600675000000001,5.4239952718676125,84600,21.715333333333334,176.73,88.34833333333333,11.75,0.057359,0
2016-07-01,2016,7,BOJONGLOA KIDUL,4.2958,4.5887,6.4828,9.1774,9.9976,6.136175,5.0777777777777775,84600,21.557419354838707,300.44,89.96677419354839,11.0,0.053698,0
2016-08-01,2016,8,BOJONGLOA KIDUL,4.3935,4.2958,4.5887,6.4828,13.3756,4.9402,5.1932624113475185,84600,21.18967741935484,190.43,88.61,11.25,0.054918,0
2016-09-01,2016,9,BOJONGLOA KIDUL,4.3935,4.3935,4.2958,4.5887,10.1538,4.417875,5.1932624113475185,84600,21.71033333333333,438.58,89.848,11.25,0.054918,0
2016-10-01,2016,10,BOJONGLOA KIDUL,4.452,4.3935,4.3935,4.2958,9.1774,4.3837,5.26241134751773,84600,21.464193548387097,440.99,91.19935483870967,11.4,0.05565,1
2016-11-01,2016,11,BOJONGLOA KIDUL,4.4911,4.452,4.3935,4.3935,6.4828,4.432525,5.3086288416075655,84600,21.88,430.71999999999997,90.57866666666668,11.5,0.056139,1
2016-12-01,2016,12,BOJONGLOA KIDUL,4.1982,4.4911,4.452,4.3935,4.5887,4.3837,4.9624113475177305,84600,21.13935483870968,188.26,90.15129032258065,10.75,0.052477,1
2017-01-01,2017,1,BOJONGLOA KIDUL,2.2049,4.1982,4.4911,4.452,4.2958,3.83655,2.6062647754137114,84600,21.030645161290323,295.58,90.34,11.6,0.122492,1
2017-02-01,2017,2,BOJONGLOA KIDUL,1.8532,2.2049,4.1982,4.4911,4.3935,3.18685,2.190543735224586,84600,21.141428571428573,478.78000000000003,91.32892857142858,9.75,0.102957,1
2017-03-01,2017,3,BOJONGLOA KIDUL,1.7582,1.8532,2.2049,4.1982,4.3935,2.5036249999999995,2.0782505910165483,84600,21.510967741935485,336.51,89.8583870967742,9.25,0.097677,1
2017-04-01,2017,4,BOJONGLOA KIDUL,1.4826,1.7582,1.8532,2.2049,4.452,1.824725,1.7524822695035458,84600,21.872666666666664,371.34,90.94333333333334,7.8,0.082365,0
2017-05-01,2017,5,BOJONGLOA KIDUL,1.3305,1.4826,1.7582,1.8532,4.4911,1.6061249999999998,1.572695035460993,84600,21.852903225806454,209.88,90.35548387096775,7.0,0.073918,0
2017-06-01,2017,6,BOJONGLOA KIDUL,1.0454,1.3305,1.4826,1.7582,4.1982,1.404175,1.2356973995271867,84600,21.282666666666668,155.11,90.05266666666667,5.5,0.058078,0
2017-07-01,2017,7,BOJONGLOA KIDUL,1.1024,1.0454,1.3305,1.4826,2.2049,1.240225,1.3030732860520096,84600,20.681612903225805,89.05,89.09967741935485,5.8,0.061246,0
2017-08-01,2017,8,BOJONGLOA KIDUL,1.188,1.1024,1.0454,1.3305,1.8532,1.166575,1.4042553191489362,84600,20.58225806451613,29.75,86.16129032258064,6.25,0.065998,0
2017-09-01,2017,9,BOJONGLOA KIDUL,1.283,1.188,1.1024,1.0454,1.7582,1.1547,1.516548463356974,84600,21.449666666666666,108.77000000000001,84.02466666666668,6.75,0.071278,0
2017-10-01,2017,10,BOJONGLOA KIDUL,1.6346,1.283,1.188,1.1024,1.4826,1.302,1.9321513002364066,84600,22.156451612903226,516.17,87.77129032258064,8.6,0.090813,1
2017-11-01,2017,11,BOJONGLOA KIDUL,1.7107,1.6346,1.283,1.188,1.3305,1.454075,2.02210401891253,84600,21.842666666666666,451.08,89.273,9.0,0.095037,1
2017-12-01,2017,12,BOJONGLOA KIDUL,1.4065,1.7107,1.6346,1.283,1.0454,1.5087000000000002,1.6625295508274234,84600,21.30516129032258,259.67,89.88935483870968,7.4,0.078141,1
2018-01-01,2018,1,BOJONGLOA KIDUL,6.7219,1.4065,1.7107,1.6346,1.1024,2.8684250000000002,7.9455082742316785,84600,20.889032258064514,262.41,91.22258064516129,7.25,0.080022,1
2018-02-01,2018,2,BOJONGLOA KIDUL,6.4901,6.7219,1.4065,1.7107,1.188,4.0823,7.671513002364065,84600,21.117142857142856,517.61,91.1925,7.0,0.077263,1
2018-03-01,2018,3,BOJONGLOA KIDUL,6.4901,6.4901,6.7219,1.4065,1.283,5.277150000000001,7.671513002364065,84600,21.65741935483871,387.92,89.85741935483871,7.0,0.077263,1
2018-04-01,2018,4,BOJONGLOA KIDUL,6.4901,6.4901,6.4901,6.7219,1.6346,6.54805,7.671513002364065,84600,21.947,262.95,89.76933333333334,7.0,0.077263,0
2018-05-01,2018,5,BOJONGLOA KIDUL,6.2583,6.4901,6.4901,6.4901,1.7107,6.43215,7.397517730496454,84600,21.772903225806452,120.22,88.87645161290322,6.75,0.074503,0
2018-06-01,2018,6,BOJONGLOA KIDUL,5.0993,6.2583,6.4901,6.4901,1.4065,6.08445,6.027541371158392,84600,21.314333333333334,91.12,88.38766666666668,5.5,0.060706,0
2018-07-01,2018,7,BOJONGLOA KIDUL,5.5629,5.0993,6.2583,6.4901,6.7219,5.852650000000001,6.575531914893617,84600,19.885161290322582,5.63,85.66225806451614,6.0,0.066225,0
2018-08-01,2018,8,BOJONGLOA KIDUL,6.0265,5.5629,5.0993,6.2583,6.4901,5.736750000000001,7.123522458628841,84600,20.21161290322581,32.75,84.21451612903226,6.5,0.071744,0
2018-09-01,2018,9,BOJONGLOA KIDUL,6.4901,6.0265,5.5629,5.0993,6.4901,5.794700000000001,7.671513002364065,84600,21.037,96.61,83.175,7.0,0.077263,0
2018-10-01,2018,10,BOJONGLOA KIDUL,7.649,6.4901,6.0265,5.5629,6.4901,6.432125,9.041371158392435,84600,22.358709677419355,189.07,82.22838709677418,8.25,0.09106,1
2018-11-01,2018,11,BOJONGLOA KIDUL,9.0397,7.649,6.4901,6.0265,6.2583,7.301325,10.685224586288415,84600,22.28033333333333,425.59000000000003,87.10799999999999,9.75,0.107616,1
2018-12-01,2018,12,BOJONGLOA KIDUL,11.6821,9.0397,7.649,6.4901,5.0993,8.715225,13.808628841607565,84600,21.870645161290323,411.58,90.10225806451614,12.6,0.139073,1
2019-01-01,2019,1,BOJONGLOA KIDUL,19.8291,11.6821,9.0397,7.649,5.5629,12.049975,23.438652482269504,84600,21.614516129032257,413.94,90.2341935483871,28.5,0.17394,1
2019-02-01,2019,2,BOJONGLOA KIDUL,24.0037,19.8291,11.6821,9.0397,6.0265,16.13865,28.37316784869976,84600,22.12642857142857,488.76,90.59357142857142,34.5,0.210558,1
2019-03-01,2019,3,BOJONGLOA KIDUL,13.3586,24.0037,19.8291,11.6821,6.4901,17.218375,15.790307328605198,84600,21.675483870967742,289.9,89.77451612903226,19.2,0.11718,1
2019-04-01,2019,4,BOJONGLOA KIDUL,9.5667,13.3586,24.0037,19.8291,7.649,16.689525,11.308156028368796,84600,22.535333333333334,455.36,90.312,13.75,0.083918,0
2019-05-01,2019,5,BOJONGLOA KIDUL,7.8273,9.5667,13.3586,24.0037,9.0397,13.689075,9.252127659574468,84600,21.986451612903227,228.52,89.65741935483871,11.25,0.06866,0
2019-06-01,2019,6,BOJONGLOA KIDUL,5.9835,7.8273,9.5667,13.3586,11.6821,9.184025000000002,7.072695035460994,84600,20.71066666666667,44.2,86.69033333333333,8.6,0.052487,0
2019-07-01,2019,7,BOJONGLOA KIDUL,4.5224,5.9835,7.8273,9.5667,19.8291,6.9749750000000015,5.345626477541372,84600,20.04064516129032,28.17,86.75548387096775,6.5,0.03967,0
2019-08-01,2019,8,BOJONGLOA KIDUL,5.0442,4.5224,5.9835,7.8273,24.0037,5.844350000000001,5.9624113475177305,84600,19.98225806451613,19.74,84.07290322580646,7.25,0.044248,0
2019-09-01,2019,9,BOJONGLOA KIDUL,4.7312,5.0442,4.5224,5.9835,13.3586,5.070325,5.5924349881796696,84600,20.884333333333334,9.68,80.54033333333334,6.8,0.041501,0
2019-10-01,2019,10,BOJONGLOA KIDUL,5.3921,4.7312,5.0442,4.5224,9.5667,4.922475000000001,6.373640661938534,84600,22.31451612903226,80.15,78.2658064516129,7.75,0.047299,1
2019-11-01,2019,11,BOJONGLOA KIDUL,6.0879,5.3921,4.7312,5.0442,7.8273,5.31385,7.196099290780142,84600,22.717333333333332,209.04,81.00466666666667,8.75,0.053403,1
2019-12-01,2019,12,BOJONGLOA KIDUL,7.6533,6.0879,5.3921,4.7312,5.9835,5.966125000000001,9.046453900709219,84600,22.92322580645161,493.07,85.07225806451612,11.0,0.067135,1
2020-01-01,2020,1,BOJONGLOA KIDUL,5.2745,7.6533,6.0879,5.3921,4.5224,6.101950000000001,6.234633569739953,84600,22.35483870967742,401.12,89.05290322580645,27.0,0.105489,1
2020-02-01,2020,2,BOJONGLOA KIDUL,5.2256,5.2745,7.6533,6.0879,5.0442,6.060325000000001,6.176832151300236,84600,21.99103448275862,629.82,91.53275862068965,26.75,0.104513,1
2020-03-01,2020,3,BOJONGLOA KIDUL,7.1889,5.2256,5.2745,7.6533,4.7312,6.335575000000001,8.497517730496455,84600,22.194193548387098,613.86,91.3616129032258,36.8,0.143778,1
2020-04-01,2020,4,BOJONGLOA KIDUL,5.3233,7.1889,5.2256,5.2745,5.3921,5.753075000000001,6.292316784869977,84600,22.423,359.35,90.376,27.25,0.106466,0
2020-05-01,2020,5,BOJONGLOA KIDUL,4.5321,5.3233,7.1889,5.2256,6.0879,5.567475000000001,5.35709219858156,84600,22.330322580645163,486.90999999999997,91.91612903225807,23.2,0.090643,0
2020-06-01,2020,6,BOJONGLOA KIDUL,3.614,4.5321,5.3233,7.1889,7.6533,5.164575000000001,4.271867612293144,84600,21.551,159.0,90.95,18.5,0.07228,0
2020-07-01,2020,7,BOJONGLOA KIDUL,2.2954,3.614,4.5321,5.3233,5.2745,3.9412000000000007,2.713238770685579,84600,20.79548387096774,102.75,89.11064516129032,11.75,0.045907,0
2020-08-01,2020,8,BOJONGLOA KIDUL,3.1647,2.2954,3.614,4.5321,5.2256,3.4015500000000007,3.7407801418439712,84600,21.360967741935486,57.29,87.45516129032258,16.2,0.063294,0
2020-09-01,2020,9,BOJONGLOA KIDUL,2.9303,3.1647,2.2954,3.614,7.1889,3.001100000000001,3.4637115839243497,84600,21.523333333333333,195.74,86.688,15.0,0.058605,0
2020-10-01,2020,10,BOJONGLOA KIDUL,2.7837,2.9303,3.1647,2.2954,5.3233,2.7935250000000007,3.2904255319148934,84600,21.92290322580645,471.4,89.15064516129033,14.25,0.055675,1
2020-11-01,2020,11,BOJONGLOA KIDUL,4.4931,2.7837,2.9303,3.1647,4.5321,3.342950000000001,5.310992907801419,84600,21.974333333333334,334.45,90.29199999999999,23.0,0.089861,1
2020-12-01,2020,12,BOJONGLOA KIDUL,3.1744,4.4931,2.7837,2.9303,3.614,3.345375000000001,3.752245862884161,84600,21.280645161290323,315.84000000000003,91.29451612903226,16.25,0.063489,1
2021-01-01,2021,1,BOJONGLOA KIDUL,7.9579,3.1744,4.4931,2.7837,2.2954,4.602275000000001,9.406501182033097,84600,21.016129032258064,342.89,91.80645161290323,14.6,0.069806,1
2021-02-01,2021,2,BOJONGLOA KIDUL,8.5847,7.9579,3.1744,4.4931,3.1647,6.052525000000001,10.147399527186762,84600,21.04357142857143,454.85,92.93928571428572,15.75,0.075305,1
2021-03-01,2021,3,BOJONGLOA KIDUL,10.9013,8.5847,7.9579,3.1744,2.9303,7.654575000000001,12.885697399527189,84600,21.4741935483871,611.72,89.84774193548388,20.0,0.095625,1
2021-04-01,2021,4,BOJONGLOA KIDUL,10.3562,10.9013,8.5847,7.9579,2.7837,9.450025,12.241371158392434,84600,21.441333333333333,210.6,90.00566666666667,19.0,0.090844,0
2021-05-01,2021,5,BOJONGLOA KIDUL,10.2472,10.3562,10.9013,8.5847,4.4931,10.02235,12.112529550827423,84600,22.094838709677422,206.06,90.47516129032257,18.8,0.089888,0
2021-06-01,2021,6,BOJONGLOA KIDUL,11.7189,10.2472,10.3562,10.9013,3.1744,10.805900000000001,13.852127659574466,84600,21.572,260.94,89.66933333333333,21.5,0.102797,0
2021-07-01,2021,7,BOJONGLOA KIDUL,7.9034,11.7189,10.2472,10.3562,7.9579,10.056425,9.342080378250591,84600,20.67064516129032,72.52,88.60129032258064,14.5,0.069328,0
2021-08-01,2021,8,BOJONGLOA KIDUL,7.8489,7.9034,11.7189,10.2472,8.5847,9.4296,9.277659574468085,84600,21.206129032258065,111.66,88.73290322580644,14.4,0.06885,0
2021-09-01,2021,9,BOJONGLOA KIDUL,7.3584,7.8489,7.9034,11.7189,10.9013,8.707400000000002,8.697872340425532,84600,21.584666666666667,178.93,87.54133333333333,13.5,0.064547,0
2021-10-01,2021,10,BOJONGLOA KIDUL,7.4129,7.3584,7.8489,7.9034,10.3562,7.630900000000001,8.762293144208037,84600,22.29774193548387,291.15,86.82225806451612,13.6,0.065025,1
2021-11-01,2021,11,BOJONGLOA KIDUL,11.8551,7.4129,7.3584,7.8489,10.2472,8.618825000000001,14.013120567375886,84600,21.753666666666668,452.44,90.89566666666666,21.75,0.103992,1
2021-12-01,2021,12,BOJONGLOA KIDUL,11.8551,11.8551,7.4129,7.3584,11.7189,9.620375000000001,14.013120567375886,84600,21.716129032258067,366.65000000000003,90.05903225806452,21.75,0.103992,1
2022-01-01,2022,1,BOJONGLOA KIDUL,12.5964,11.8551,11.8551,7.4129,7.9034,10.929875000000001,14.889361702127658,84600,21.427419354838708,218.29,90.04,29.0,0.113481,1
2022-02-01,2022,2,BOJONGLOA KIDUL,11.7276,12.5964,11.8551,11.8551,7.8489,12.008550000000001,13.862411347517732,84600,21.202499999999997,251.17000000000002,90.17285714285715,27.0,0.105654,1
2022-03-01,2022,3,BOJONGLOA KIDUL,9.3387,11.7276,12.5964,11.8551,7.3584,11.37945,11.038652482269502,84600,21.671290322580646,303.35,89.7316129032258,21.5,0.084132,1
2022-04-01,2022,4,BOJONGLOA KIDUL,7.8184,9.3387,11.7276,12.5964,7.4129,10.370275000000001,9.24160756501182,84600,22.020333333333333,361.55,89.954,18.0,0.070436,0
2022-05-01,2022,5,BOJONGLOA KIDUL,7.9922,7.8184,9.3387,11.7276,11.8551,9.219225000000002,9.447044917257685,84600,22.018064516129034,249.94,90.39709677419354,18.4,0.072002,0
2022-06-01,2022,6,BOJONGLOA KIDUL,8.0356,7.9922,7.8184,9.3387,11.8551,8.296225,9.498345153664303,84600,21.217,211.8,90.89233333333333,18.5,0.072393,0
2022-07-01,2022,7,BOJONGLOA KIDUL,7.8184,8.0356,7.9922,7.8184,12.5964,7.916150000000002,9.24160756501182,84600,21.188064516129035,200.27,89.83903225806452,18.0,0.070436,0
2022-08-01,2022,8,BOJONGLOA KIDUL,9.773,7.8184,8.0356,7.9922,11.7276,8.404800000000002,11.552009456264775,84600,21.362903225806452,138.33,88.19354838709677,22.5,0.088045,0
2022-09-01,2022,9,BOJONGLOA KIDUL,9.6644,9.773,7.8184,8.0356,9.3387,8.822850000000003,11.423640661938535,84600,21.667333333333332,301.34999999999997,89.089,22.25,0.087067,0
2022-10-01,2022,10,BOJONGLOA KIDUL,9.7296,9.6644,9.773,7.8184,7.8184,9.246350000000001,11.500709219858155,84600,21.640967741935484,426.72,90.4658064516129,22.4,0.087654,1
2022-11-01,2022,11,BOJONGLOA KIDUL,9.5559,9.7296,9.6644,9.773,7.9922,9.680725,11.295390070921986,84600,21.424,413.78,91.02466666666668,22.0,0.086089,1
2022-12-01,2022,12,BOJONGLOA KIDUL,6.9497,9.5559,9.7296,9.6644,8.0356,8.974900000000002,8.214775413711584,84600,21.384516129032257,353.8,90.81741935483872,16.0,0.06261,1
2023-01-01,2023,1,BOJONGLOA KIDUL,7.9254,6.9497,9.5559,9.7296,7.8184,8.54015,9.368085106382978,84600,21.17322580645161,158.04,90.5667741935484,17.0,0.099068,1
2023-02-01,2023,2,BOJONGLOA KIDUL,7.8089,7.9254,6.9497,9.5559,9.773,8.059975000000001,9.230378250591016,84600,20.5825,359.16,91.09357142857142,16.75,0.097611,1
2023-03-01,2023,3,BOJONGLOA KIDUL,7.2261,7.8089,7.9254,6.9497,9.6644,7.477525000000001,8.541489361702128,84600,21.701290322580647,334.8,90.1258064516129,15.5,0.090326,1
2023-04-01,2023,4,BOJONGLOA KIDUL,6.7133,7.2261,7.8089,7.9254,9.7296,7.418425000000001,7.93534278959811,84600,22.06566666666667,272.96,89.87733333333334,14.4,0.083916,0
2023-05-01,2023,5,BOJONGLOA KIDUL,7.3427,6.7133,7.2261,7.8089,9.5559,7.272750000000001,8.679314420803783,84600,22.14774193548387,215.54000000000002,89.70709677419354,15.75,0.091783,0
2023-06-01,2023,6,BOJONGLOA KIDUL,6.2937,7.3427,6.7133,7.2261,6.9497,6.89395,7.439361702127661,84600,21.829,148.52,89.866,13.5,0.078671,0
2023-07-01,2023,7,BOJONGLOA KIDUL,5.1282,6.2937,7.3427,6.7133,7.9254,6.369475000000001,6.061702127659574,84600,20.978387096774195,76.8,88.14032258064516,11.0,0.064103,0
2023-08-01,2023,8,BOJONGLOA KIDUL,6.2937,5.1282,6.2937,7.3427,7.8089,6.264575000000001,7.439361702127661,84600,20.746129032258064,18.96,84.63129032258065,13.5,0.078671,0
2023-09-01,2023,9,BOJONGLOA KIDUL,6.0606,6.2937,5.1282,6.2937,7.2261,5.944050000000001,7.163829787234042,84600,21.15533333333333,6.95,81.82133333333333,13.0,0.075758,0
2023-10-01,2023,10,BOJONGLOA KIDUL,5.7809,6.0606,6.2937,5.1282,6.7133,5.81585,6.83321513002364,84600,22.83225806451613,56.58,79.87290322580645,12.4,0.072261,1
2023-11-01,2023,11,BOJONGLOA KIDUL,6.993,5.7809,6.0606,6.2937,7.3427,6.282050000000002,8.26595744680851,84600,23.137999999999998,379.14,84.75633333333333,15.0,0.087413,1
2023-12-01,2023,12,BOJONGLOA KIDUL,6.4336,6.993,5.7809,6.0606,6.2937,6.317025000000001,7.604728132387708,84600,22.862903225806452,231.32,86.83161290322582,13.8,0.08042,1
2024-01-01,2024,1,BOJONGLOA KIDUL,14.1279,6.4336,6.993,5.7809,5.1282,8.333850000000002,16.69964539007092,84600,22.437419354838713,598.42,89.78064516129032,18.25,0.089417,1
2024-02-01,2024,2,BOJONGLOA KIDUL,15.4826,14.1279,6.4336,6.993,6.2937,10.759275,18.30094562647754,84600,22.73793103448276,474.35,89.5803448275862,20.0,0.097991,1
2024-03-01,2024,3,BOJONGLOA KIDUL,20.2822,15.4826,14.1279,6.4336,6.0606,14.081575,23.974231678486998,84600,22.405483870967743,391.27,90.65516129032258,26.2,0.128368,1
2024-04-01,2024,4,BOJONGLOA KIDUL,18.5791,20.2822,15.4826,14.1279,5.7809,17.11795,21.961111111111112,84600,23.169,323.82,90.12033333333333,24.0,0.117589,0
2024-05-01,2024,5,BOJONGLOA KIDUL,18.5791,18.5791,20.2822,15.4826,6.993,18.23075,21.961111111111112,84600,22.799354838709675,122.81,88.94935483870967,24.0,0.117589,0
2024-06-01,2024,6,BOJONGLOA KIDUL,12.8506,18.5791,18.5791,20.2822,6.4336,17.57275,15.18983451536643,84600,22.169666666666668,235.73000000000002,89.03999999999999,16.6,0.081333,0
2024-07-01,2024,7,BOJONGLOA KIDUL,10.8378,12.8506,18.5791,18.5791,14.1279,15.211650000000002,12.81063829787234,84600,21.01290322580645,291.43,89.00387096774193,14.0,0.068594,0
2024-08-01,2024,8,BOJONGLOA KIDUL,8.709,10.8378,12.8506,18.5791,15.4826,12.744125000000002,10.294326241134751,84600,21.080645161290324,79.38,86.01806451612903,11.25,0.05512,0
2024-09-01,2024,9,BOJONGLOA KIDUL,8.3606,8.709,10.8378,12.8506,20.2822,10.189500000000002,9.882505910165484,84600,21.895333333333333,329.11,85.34933333333333,10.8,0.052915,0
2024-10-01,2024,10,BOJONGLOA KIDUL,9.4831,8.3606,8.709,10.8378,18.5791,9.347625,11.20933806146572,84600,22.643225806451614,85.42999999999999,85.1325806451613,12.25,0.06002,1
2024-11-01,2024,11,BOJONGLOA KIDUL,9.096,9.4831,8.3606,8.709,18.5791,8.912175000000001,10.75177304964539,84600,22.590333333333334,530.84,88.96533333333333,11.75,0.05757,1
2024-12-01,2024,12,BOJONGLOA KIDUL,11.612,9.096,9.4831,8.3606,12.8506,9.637925000000003,13.725768321513003,84600,21.753870967741936,329.88,91.23483870967742,15.0,0.073493,1
2016-01-01,2016,1,BUAHBATU,36.6161,,,,,36.6161,36.325496031746034,100800,22.434516129032257,396.61,88.54548387096774,25.6,0.124969,1
2016-02-01,2016,2,BUAHBATU,48.9883,36.6161,,,,42.8022,48.59950396825397,100800,22.00206896551724,468.95,90.91551724137932,34.25,0.167196,1
2016-03-01,2016,3,BUAHBATU,37.1882,48.9883,36.6161,,,40.93086666666667,36.893055555555556,100800,22.740322580645163,477.1,90.77612903225807,26.0,0.126922,1
2016-04-01,2016,4,BUAHBATU,33.6124,37.1882,48.9883,36.6161,,39.10125,33.34563492063492,100800,22.466,489.21,91.35133333333333,23.5,0.114718,0
2016-05-01,2016,5,BUAHBATU,23.7432,33.6124,37.1882,48.9883,,35.883025,23.554761904761907,100800,22.4,251.60999999999999,90.83612903225807,16.6,0.081035,0
2016-06-01,2016,6,BUAHBATU,16.8062,23.7432,33.6124,37.1882,,27.8375,16.67281746031746,100800,21.715333333333334,176.73,88.34833333333333,11.75,0.057359,0
2016-07-01,2016,7,BUAHBATU,15.7335,16.8062,23.7432,33.6124,36.6161,22.473825,15.608630952380953,100800,21.557419354838707,300.44,89.96677419354839,11.0,0.053698,0
2016-08-01,2016,8,BUAHBATU,16.091,15.7335,16.8062,23.7432,48.9883,18.093475,15.963293650793652,100800,21.18967741935484,190.43,88.61,11.25,0.054918,0
2016-09-01,2016,9,BUAHBATU,16.091,16.091,15.7335,16.8062,37.1882,16.180425,15.963293650793652,100800,21.71033333333333,438.58,89.848,11.25,0.054918,0
2016-10-01,2016,10,BUAHBATU,16.3056,16.091,16.091,15.7335,33.6124,16.055274999999998,16.176190476190477,100800,21.464193548387097,440.99,91.19935483870967,11.4,0.05565,1
2016-11-01,2016,11,BUAHBATU,16.4486,16.3056,16.091,16.091,23.7432,16.23405,16.318055555555553,100800,21.88,430.71999999999997,90.57866666666668,11.5,0.056139,1
2016-12-01,2016,12,BUAHBATU,15.3759,16.4486,16.3056,16.091,16.8062,16.055274999999998,15.253869047619046,100800,21.13935483870968,188.26,90.15129032258065,10.75,0.052477,1
2017-01-01,2017,1,BUAHBATU,16.4139,15.3759,16.4486,16.3056,15.7335,16.136000000000003,16.283630952380953,100800,21.030645161290323,295.58,90.34,11.6,0.122492,1
2017-02-01,2017,2,BUAHBATU,13.7962,16.4139,15.3759,16.4486,16.091,15.508650000000001,13.686706349206352,100800,21.141428571428573,478.78000000000003,91.32892857142858,9.75,0.102957,1
2017-03-01,2017,3,BUAHBATU,13.0887,13.7962,16.4139,15.3759,16.091,14.668675,12.98482142857143,100800,21.510967741935485,336.51,89.8583870967742,9.25,0.097677,1
2017-04-01,2017,4,BUAHBATU,11.037,13.0887,13.7962,16.4139,16.3056,13.583950000000002,10.949404761904763,100800,21.872666666666664,371.34,90.94333333333334,7.8,0.082365,0
2017-05-01,2017,5,BUAHBATU,9.905,11.037,13.0887,13.7962,16.4486,11.956725,9.826388888888888,100800,21.852903225806454,209.88,90.35548387096775,7.0,0.073918,0
2017-06-01,2017,6,BUAHBATU,7.7825,9.905,11.037,13.0887,15.3759,10.4533,7.7207341269841265,100800,21.282666666666668,155.11,90.05266666666667,5.5,0.058078,0
2017-07-01,2017,7,BUAHBATU,8.207,7.7825,9.905,11.037,16.4139,9.232875,8.14186507936508,100800,20.681612903225805,89.05,89.09967741935485,5.8,0.061246,0
2017-08-01,2017,8,BUAHBATU,8.8437,8.207,7.7825,9.905,13.7962,8.68455,8.773511904761905,100800,20.58225806451613,29.75,86.16129032258064,6.25,0.065998,0
2017-09-01,2017,9,BUAHBATU,9.5512,8.8437,8.207,7.7825,13.0887,8.5961,9.475396825396825,100800,21.449666666666666,108.77000000000001,84.02466666666668,6.75,0.071278,0
2017-10-01,2017,10,BUAHBATU,12.169,9.5512,8.8437,8.207,11.037,9.692725,12.072420634920634,100800,22.156451612903226,516.17,87.77129032258064,8.6,0.090813,1
2017-11-01,2017,11,BUAHBATU,12.735,12.169,9.5512,8.8437,9.905,10.824725,12.63392857142857,100800,21.842666666666666,451.08,89.273,9.0,0.095037,1
2017-12-01,2017,12,BUAHBATU,10.471,12.735,12.169,9.5512,7.7825,11.23155,10.387896825396826,100800,21.30516129032258,259.67,89.88935483870968,7.4,0.078141,1
2018-01-01,2018,1,BUAHBATU,10.4829,10.471,12.735,12.169,8.207,11.464475,10.39970238095238,100800,20.889032258064514,262.41,91.22258064516129,7.25,0.080022,1
2018-02-01,2018,2,BUAHBATU,10.1214,10.4829,10.471,12.735,8.8437,10.952575000000001,10.041071428571428,100800,21.117142857142856,517.61,91.1925,7.0,0.077263,1
2018-03-01,2018,3,BUAHBATU,10.1214,10.1214,10.4829,10.471,9.5512,10.299175,10.041071428571428,100800,21.65741935483871,387.92,89.85741935483871,7.0,0.077263,1
2018-04-01,2018,4,BUAHBATU,10.1214,10.1214,10.1214,10.4829,12.169,10.211775,10.041071428571428,100800,21.947,262.95,89.76933333333334,7.0,0.077263,0
2018-05-01,2018,5,BUAHBATU,9.7599,10.1214,10.1214,10.1214,12.735,10.031025,9.682440476190475,100800,21.772903225806452,120.22,88.87645161290322,6.75,0.074503,0
2018-06-01,2018,6,BUAHBATU,7.9525,9.7599,10.1214,10.1214,10.471,9.4888,7.889384920634921,100800,21.314333333333334,91.12,88.38766666666668,5.5,0.060706,0
2018-07-01,2018,7,BUAHBATU,8.6755,7.9525,9.7599,10.1214,10.4829,9.127324999999999,8.606646825396824,100800,19.885161290322582,5.63,85.66225806451614,6.0,0.066225,0
2018-08-01,2018,8,BUAHBATU,9.3985,8.6755,7.9525,9.7599,10.1214,8.9466,9.32390873015873,100800,20.21161290322581,32.75,84.21451612903226,6.5,0.071744,0
2018-09-01,2018,9,BUAHBATU,10.1214,9.3985,8.6755,7.9525,10.1214,9.036975,10.041071428571428,100800,21.037,96.61,83.175,7.0,0.077263,0
2018-10-01,2018,10,BUAHBATU,11.9288,10.1214,9.3985,8.6755,10.1214,10.03105,11.834126984126986,100800,22.358709677419355,189.07,82.22838709677418,8.25,0.09106,1
2018-11-01,2018,11,BUAHBATU,14.0977,11.9288,10.1214,9.3985,9.7599,11.3866,13.98581349206349,100800,22.28033333333333,425.59000000000003,87.10799999999999,9.75,0.107616,1
2018-12-01,2018,12,BUAHBATU,18.2185,14.0977,11.9288,10.1214,7.9525,13.5916,18.073908730158728,100800,21.870645161290323,411.58,90.10225806451614,12.6,0.139073,1
2019-01-01,2019,1,BUAHBATU,35.1358,18.2185,14.0977,11.9288,8.6755,19.8452,34.85694444444445,100800,21.614516129032257,413.94,90.2341935483871,28.5,0.17394,1
2019-02-01,2019,2,BUAHBATU,42.5328,35.1358,18.2185,14.0977,9.3985,27.4962,42.195238095238096,100800,22.12642857142857,488.76,90.59357142857142,34.5,0.210558,1
2019-03-01,2019,3,BUAHBATU,23.6704,42.5328,35.1358,18.2185,10.1214,29.889375,23.482539682539684,100800,21.675483870967742,289.9,89.77451612903226,19.2,0.11718,1
2019-04-01,2019,4,BUAHBATU,16.9515,23.6704,42.5328,35.1358,11.9288,29.572625,16.816964285714285,100800,22.535333333333334,455.36,90.312,13.75,0.083918,0
2019-05-01,2019,5,BUAHBATU,13.8694,16.9515,23.6704,42.5328,14.0977,24.256024999999998,13.759325396825396,100800,21.986451612903227,228.52,89.65741935483871,11.25,0.06866,0
2019-06-01,2019,6,BUAHBATU,10.6024,13.8694,16.9515,23.6704,18.2185,16.273425,10.518253968253967,100800,20.71066666666667,44.2,86.69033333333333,8.6,0.052487,0
2019-07-01,2019,7,BUAHBATU,8.0134,10.6024,13.8694,16.9515,35.1358,12.359175,7.949801587301588,100800,20.04064516129032,28.17,86.75548387096775,6.5,0.03967,0
2019-08-01,2019,8,BUAHBATU,8.9381,8.0134,10.6024,13.8694,42.5328,10.355825000000001,8.867162698412699,100800,19.98225806451613,19.74,84.07290322580646,7.25,0.044248,0
2019-09-01,2019,9,BUAHBATU,8.3833,8.9381,8.0134,10.6024,23.6704,8.9843,8.316765873015873,100800,20.884333333333334,9.68,80.54033333333334,6.8,0.041501,0
2019-10-01,2019,10,BUAHBATU,9.5545,8.3833,8.9381,8.0134,16.9515,8.722325000000001,9.478670634920636,100800,22.31451612903226,80.15,78.2658064516129,7.75,0.047299,1
2019-11-01,2019,11,BUAHBATU,10.7873,9.5545,8.3833,8.9381,13.8694,9.4158,10.701686507936508,100800,22.717333333333332,209.04,81.00466666666667,8.75,0.053403,1
2019-12-01,2019,12,BUAHBATU,13.5612,10.7873,9.5545,8.3833,10.6024,10.571575,13.45357142857143,100800,22.92322580645161,493.07,85.07225806451612,11.0,0.067135,1
2020-01-01,2020,1,BUAHBATU,18.9881,13.5612,10.7873,9.5545,8.0134,13.222775,18.837400793650794,100800,22.35483870967742,401.12,89.05290322580645,27.0,0.105489,1
2020-02-01,2020,2,BUAHBATU,18.8123,18.9881,13.5612,10.7873,8.9381,15.537225,18.662996031746033,100800,21.99103448275862,629.82,91.53275862068965,26.75,0.104513,1
2020-03-01,2020,3,BUAHBATU,25.8801,18.8123,18.9881,13.5612,8.3833,19.310425,25.67470238095238,100800,22.194193548387098,613.86,91.3616129032258,36.8,0.143778,1
2020-04-01,2020,4,BUAHBATU,19.1639,25.8801,18.8123,18.9881,9.5545,20.7111,19.011805555555558,100800,22.423,359.35,90.376,27.25,0.106466,0
2020-05-01,2020,5,BUAHBATU,16.3157,19.1639,25.8801,18.8123,10.7873,20.043,16.18621031746032,100800,22.330322580645163,486.90999999999997,91.91612903225807,23.2,0.090643,0
2020-06-01,2020,6,BUAHBATU,13.0104,16.3157,19.1639,25.8801,13.5612,18.592525000000002,12.907142857142858,100800,21.551,159.0,90.95,18.5,0.07228,0
2020-07-01,2020,7,BUAHBATU,8.2633,13.0104,16.3157,19.1639,18.9881,14.188325,8.197718253968253,100800,20.79548387096774,102.75,89.11064516129032,11.75,0.045907,0
2020-08-01,2020,8,BUAHBATU,11.3929,8.2633,13.0104,16.3157,18.8123,12.245574999999999,11.302480158730157,100800,21.360967741935486,57.29,87.45516129032258,16.2,0.063294,0
2020-09-01,2020,9,BUAHBATU,10.5489,11.3929,8.2633,13.0104,25.8801,10.803875000000001,10.46517857142857,100800,21.523333333333333,195.74,86.688,15.0,0.058605,0
2020-10-01,2020,10,BUAHBATU,10.0215,10.5489,11.3929,8.2633,19.1639,10.05665,9.941964285714285,100800,21.92290322580645,471.4,89.15064516129033,14.25,0.055675,1
2020-11-01,2020,11,BUAHBATU,16.175,10.0215,10.5489,11.3929,16.3157,12.034575,16.046626984126984,100800,21.974333333333334,334.45,90.29199999999999,23.0,0.089861,1
2020-12-01,2020,12,BUAHBATU,11.428,16.175,10.0215,10.5489,13.0104,12.04335,11.337301587301589,100800,21.280645161290323,315.84000000000003,91.29451612903226,16.25,0.063489,1
2021-01-01,2021,1,BUAHBATU,12.9142,11.428,16.175,10.0215,8.2633,12.634675,12.811706349206348,100800,21.016129032258064,342.89,91.80645161290323,14.6,0.069806,1
2021-02-01,2021,2,BUAHBATU,13.9314,12.9142,11.428,16.175,11.3929,13.61215,13.820833333333333,100800,21.04357142857143,454.85,92.93928571428572,15.75,0.075305,1
2021-03-01,2021,3,BUAHBATU,17.6907,13.9314,12.9142,11.428,10.5489,13.991075,17.55029761904762,100800,21.4741935483871,611.72,89.84774193548388,20.0,0.095625,1
2021-04-01,2021,4,BUAHBATU,16.8061,17.6907,13.9314,12.9142,10.0215,15.3356,16.672718253968252,100800,21.441333333333333,210.6,90.00566666666667,19.0,0.090844,0
2021-05-01,2021,5,BUAHBATU,16.6292,16.8061,17.6907,13.9314,16.175,16.26435,16.497222222222224,100800,22.094838709677422,206.06,90.47516129032257,18.8,0.089888,0
2021-06-01,2021,6,BUAHBATU,19.0175,16.6292,16.8061,17.6907,11.428,17.535875,18.86656746031746,100800,21.572,260.94,89.66933333333333,21.5,0.102797,0
2021-07-01,2021,7,BUAHBATU,12.8257,19.0175,16.6292,16.8061,12.9142,16.319625,12.723908730158728,100800,20.67064516129032,72.52,88.60129032258064,14.5,0.069328,0
2021-08-01,2021,8,BUAHBATU,12.7373,12.8257,19.0175,16.6292,13.9314,15.302425,12.636210317460318,100800,21.206129032258065,111.66,88.73290322580644,14.4,0.06885,0
2021-09-01,2021,9,BUAHBATU,11.9412,12.7373,12.8257,19.0175,17.6907,14.130425,11.846428571428572,100800,21.584666666666667,178.93,87.54133333333333,13.5,0.064547,0
2021-10-01,2021,10,BUAHBATU,12.0296,11.9412,12.7373,12.8257,16.8061,12.38345,11.934126984126985,100800,22.29774193548387,291.15,86.82225806451612,13.6,0.065025,1
2021-11-01,2021,11,BUAHBATU,19.2386,12.0296,11.9412,12.7373,16.6292,13.986675,19.0859126984127,100800,21.753666666666668,452.44,90.89566666666666,21.75,0.103992,1
2021-12-01,2021,12,BUAHBATU,19.2386,19.2386,12.0296,11.9412,19.0175,15.612000000000002,19.0859126984127,100800,21.716129032258067,366.65000000000003,90.05903225806452,21.75,0.103992,1
2022-01-01,2022,1,BUAHBATU,33.9307,19.2386,19.2386,12.0296,12.8257,21.109375,33.661408730158726,100800,21.427419354838708,218.29,90.04,29.0,0.113481,1
2022-02-01,2022,2,BUAHBATU,31.5907,33.9307,19.2386,19.2386,12.7373,25.999650000000003,31.33998015873016,100800,21.202499999999997,251.17000000000002,90.17285714285715,27.0,0.105654,1
2022-03-01,2022,3,BUAHBATU,25.1555,31.5907,33.9307,19.2386,11.9412,27.478875000000002,24.955853174603174,100800,21.671290322580646,303.35,89.7316129032258,21.5,0.084132,1
2022-04-01,2022,4,BUAHBATU,21.0605,25.1555,31.5907,33.9307,12.0296,27.934350000000002,20.893353174603178,100800,22.020333333333333,361.55,89.954,18.0,0.070436,0
2022-05-01,2022,5,BUAHBATU,21.5285,21.0605,25.1555,31.5907,19.2386,24.833800000000004,21.35763888888889,100800,22.018064516129034,249.94,90.39709677419354,18.4,0.072002,0
2022-06-01,2022,6,BUAHBATU,21.6455,21.5285,21.0605,25.1555,19.2386,22.347500000000004,21.473710317460316,100800,21.217,211.8,90.89233333333333,18.5,0.072393,0
2022-07-01,2022,7,BUAHBATU,21.0605,21.6455,21.5285,21.0605,33.9307,21.32375,20.893353174603178,100800,21.188064516129035,200.27,89.83903225806452,18.0,0.070436,0
2022-08-01,2022,8,BUAHBATU,26.3256,21.0605,21.6455,21.5285,31.5907,22.640025,26.116666666666667,100800,21.362903225806452,138.33,88.19354838709677,22.5,0.088045,0
2022-09-01,2022,9,BUAHBATU,26.0331,26.3256,21.0605,21.6455,25.1555,23.766175000000004,25.826488095238094,100800,21.667333333333332,301.34999999999997,89.089,22.25,0.087067,0
2022-10-01,2022,10,BUAHBATU,26.2086,26.0331,26.3256,21.0605,21.0605,24.906950000000002,26.000595238095237,100800,21.640967741935484,426.72,90.4658064516129,22.4,0.087654,1
2022-11-01,2022,11,BUAHBATU,25.7406,26.2086,26.0331,26.3256,21.5285,26.076975,25.53630952380952,100800,21.424,413.78,91.02466666666668,22.0,0.086089,1
2022-12-01,2022,12,BUAHBATU,18.7204,25.7406,26.2086,26.0331,21.6455,24.175675000000005,18.571825396825396,100800,21.384516129032257,353.8,90.81741935483872,16.0,0.06261,1
2023-01-01,2023,1,BUAHBATU,10.4021,18.7204,25.7406,26.2086,21.0605,20.267925,10.319543650793651,100800,21.17322580645161,158.04,90.5667741935484,17.0,0.099068,1
2023-02-01,2023,2,BUAHBATU,10.2491,10.4021,18.7204,25.7406,26.3256,16.27805,10.167757936507938,100800,20.5825,359.16,91.09357142857142,16.75,0.097611,1
2023-03-01,2023,3,BUAHBATU,9.4843,10.2491,10.4021,18.7204,26.0331,12.213975000000001,9.409027777777776,100800,21.701290322580647,334.8,90.1258064516129,15.5,0.090326,1
2023-04-01,2023,4,BUAHBATU,8.8112,9.4843,10.2491,10.4021,26.2086,9.736675000000002,8.74126984126984,100800,22.06566666666667,272.96,89.87733333333334,14.4,0.083916,0
2023-05-01,2023,5,BUAHBATU,9.6372,8.8112,9.4843,10.2491,25.7406,9.545450000000002,9.560714285714285,100800,22.14774193548387,215.54000000000002,89.70709677419354,15.75,0.091783,0
2023-06-01,2023,6,BUAHBATU,8.2605,9.6372,8.8112,9.4843,18.7204,9.048300000000001,8.194940476190476,100800,21.829,148.52,89.866,13.5,0.078671,0
2023-07-01,2023,7,BUAHBATU,6.7308,8.2605,9.6372,8.8112,10.4021,8.359925000000002,6.677380952380952,100800,20.978387096774195,76.8,88.14032258064516,11.0,0.064103,0
2023-08-01,2023,8,BUAHBATU,8.2605,6.7308,8.2605,9.6372,10.2491,8.222250000000003,8.194940476190476,100800,20.746129032258064,18.96,84.63129032258065,13.5,0.078671,0
2023-09-01,2023,9,BUAHBATU,7.9545,8.2605,6.7308,8.2605,9.4843,7.801575000000002,7.8913690476190474,100800,21.15533333333333,6.95,81.82133333333333,13.0,0.075758,0
2023-10-01,2023,10,BUAHBATU,7.5874,7.9545,8.2605,6.7308,8.8112,7.633300000000002,7.527182539682539,100800,22.83225806451613,56.58,79.87290322580645,12.4,0.072261,1
2023-11-01,2023,11,BUAHBATU,9.1783,7.5874,7.9545,8.2605,9.6372,8.245175000000001,9.10545634920635,100800,23.137999999999998,379.14,84.75633333333333,15.0,0.087413,1
2023-12-01,2023,12,BUAHBATU,8.4441,9.1783,7.5874,7.9545,8.2605,8.291075000000001,8.377083333333333,100800,22.862903225806452,231.32,86.83161290322582,13.8,0.08042,1
2024-01-01,2024,1,BUAHBATU,38.2705,8.4441,9.1783,7.5874,6.7308,15.870075,37.96676587301587,100800,22.437419354838713,598.42,89.78064516129032,18.25,0.089417,1
2024-02-01,2024,2,BUAHBATU,41.9402,38.2705,8.4441,9.1783,8.2605,24.458275,41.607341269841264,100800,22.73793103448276,474.35,89.5803448275862,20.0,0.097991,1
2024-03-01,2024,3,BUAHBATU,54.9417,41.9402,38.2705,8.4441,7.9545,35.899125,54.50565476190476,100800,22.405483870967743,391.27,90.65516129032258,26.2,0.128368,1
2024-04-01,2024,4,BUAHBATU,50.3283,54.9417,41.9402,38.2705,7.5874,46.370175,49.92886904761905,100800,23.169,323.82,90.12033333333333,24.0,0.117589,0
2024-05-01,2024,5,BUAHBATU,50.3283,50.3283,54.9417,41.9402,9.1783,49.38462499999999,49.92886904761905,100800,22.799354838709675,122.81,88.94935483870967,24.0,0.117589,0
2024-06-01,2024,6,BUAHBATU,34.8104,50.3283,50.3283,54.9417,8.4441,47.602175,34.534126984126985,100800,22.169666666666668,235.73000000000002,89.03999999999999,16.6,0.081333,0
2024-07-01,2024,7,BUAHBATU,29.3582,34.8104,50.3283,50.3283,38.2705,41.2063,29.125198412698413,100800,21.01290322580645,291.43,89.00387096774193,14.0,0.068594,0
2024-08-01,2024,8,BUAHBATU,23.5914,29.3582,34.8104,50.3283,41.9402,34.522075,23.404166666666665,100800,21.080645161290324,79.38,86.01806451612903,11.25,0.05512,0
2024-09-01,2024,9,BUAHBATU,22.6477,23.5914,29.3582,34.8104,54.9417,27.601925,22.46795634920635,100800,21.895333333333333,329.11,85.34933333333333,10.8,0.052915,0
2024-10-01,2024,10,BUAHBATU,25.6884,22.6477,23.5914,29.3582,50.3283,25.321424999999998,25.48452380952381,100800,22.643225806451614,85.42999999999999,85.1325806451613,12.25,0.06002,1
2024-11-01,2024,11,BUAHBATU,24.6399,25.6884,22.6477,23.5914,50.3283,24.141849999999998,24.444345238095238,100800,22.590333333333334,530.84,88.96533333333333,11.75,0.05757,1
2024-12-01,2024,12,BUAHBATU,31.4552,24.6399,25.6884,22.6477,34.8104,26.1078,31.205555555555556,100800,21.753870967741936,329.88,91.23483870967742,15.0,0.073493,1
2016-01-01,2016,1,CIBEUNYING KALER,17.9956,,,,,17.9956,26.15639534883721,68800,22.434516129032257,396.61,88.54548387096774,25.6,0.124969,1
2016-02-01,2016,2,CIBEUNYING KALER,24.0762,17.9956,,,,21.035899999999998,34.994476744186045,68800,22.00206896551724,468.95,90.91551724137932,34.25,0.167196,1
2016-03-01,2016,3,CIBEUNYING KALER,18.2768,24.0762,17.9956,,,20.116200000000003,26.56511627906977,68800,22.740322580645163,477.1,90.77612903225807,26.0,0.126922,1
2016-04-01,2016,4,CIBEUNYING KALER,16.5194,18.2768,24.0762,17.9956,,19.217,24.01075581395349,68800,22.466,489.21,91.35133333333333,23.5,0.114718,0
2016-05-01,2016,5,CIBEUNYING KALER,11.669,16.5194,18.2768,24.0762,,17.635350000000003,16.96075581395349,68800,22.4,251.60999999999999,90.83612903225807,16.6,0.081035,0
2016-06-01,2016,6,CIBEUNYING KALER,8.2597,11.669,16.5194,18.2768,,13.681225000000001,12.005377906976745,68800,21.715333333333334,176.73,88.34833333333333,11.75,0.057359,0
2016-07-01,2016,7,CIBEUNYING KALER,7.7325,8.2597,11.669,16.5194,17.9956,11.04515,11.239098837209301,68800,21.557419354838707,300.44,89.96677419354839,11.0,0.053698,0
2016-08-01,2016,8,CIBEUNYING KALER,7.9082,7.7325,8.2597,11.669,24.0762,8.89235,11.494476744186045,68800,21.18967741935484,190.43,88.61,11.25,0.054918,0
2016-09-01,2016,9,CIBEUNYING KALER,7.9082,7.9082,7.7325,8.2597,18.2768,7.95215,11.494476744186045,68800,21.71033333333333,438.58,89.848,11.25,0.054918,0
2016-10-01,2016,10,CIBEUNYING KALER,8.0137,7.9082,7.9082,7.7325,16.5194,7.890649999999999,11.64781976744186,68800,21.464193548387097,440.99,91.19935483870967,11.4,0.05565,1
2016-11-01,2016,11,CIBEUNYING KALER,8.084,8.0137,7.9082,7.9082,11.669,7.978524999999999,11.75,68800,21.88,430.71999999999997,90.57866666666668,11.5,0.056139,1
2016-12-01,2016,12,CIBEUNYING KALER,7.5567,8.084,8.0137,7.9082,8.2597,7.89065,10.98357558139535,68800,21.13935483870968,188.26,90.15129032258065,10.75,0.052477,1
2017-01-01,2017,1,CIBEUNYING KALER,7.8395,7.5567,8.084,8.0137,7.7325,7.873475000000001,11.394622093023257,68800,21.030645161290323,295.58,90.34,11.6,0.122492,1
2017-02-01,2017,2,CIBEUNYING KALER,6.5892,7.8395,7.5567,8.084,7.9082,7.51735,9.577325581395348,68800,21.141428571428573,478.78000000000003,91.32892857142858,9.75,0.102957,1
2017-03-01,2017,3,CIBEUNYING KALER,6.2513,6.5892,7.8395,7.5567,7.9082,7.059175,9.086191860465116,68800,21.510967741935485,336.51,89.8583870967742,9.25,0.097677,1
2017-04-01,2017,4,CIBEUNYING KALER,5.2714,6.2513,6.5892,7.8395,8.0137,6.48785,7.661918604651163,68800,21.872666666666664,371.34,90.94333333333334,7.8,0.082365,0
2017-05-01,2017,5,CIBEUNYING KALER,4.7307,5.2714,6.2513,6.5892,8.084,5.710649999999999,6.876017441860466,68800,21.852903225806454,209.88,90.35548387096775,7.0,0.073918,0
2017-06-01,2017,6,CIBEUNYING KALER,3.717,4.7307,5.2714,6.2513,7.5567,4.9925999999999995,5.402616279069767,68800,21.282666666666668,155.11,90.05266666666667,5.5,0.058078,0
2017-07-01,2017,7,CIBEUNYING KALER,3.9197,3.717,4.7307,5.2714,7.8395,4.4097,5.6972383720930235,68800,20.681612903225805,89.05,89.09967741935485,5.8,0.061246,0
2017-08-01,2017,8,CIBEUNYING KALER,4.2239,3.9197,3.717,4.7307,6.5892,4.147825,6.139389534883721,68800,20.58225806451613,29.75,86.16129032258064,6.25,0.065998,0
2017-09-01,2017,9,CIBEUNYING KALER,4.5618,4.2239,3.9197,3.717,6.2513,4.1056,6.630523255813953,68800,21.449666666666666,108.77000000000001,84.02466666666668,6.75,0.071278,0
2017-10-01,2017,10,CIBEUNYING KALER,5.812,4.5618,4.2239,3.9197,5.2714,4.6293500000000005,8.447674418604652,68800,22.156451612903226,516.17,87.77129032258064,8.6,0.090813,1
2017-11-01,2017,11,CIBEUNYING KALER,6.0824,5.812,4.5618,4.2239,4.7307,5.170025000000001,8.840697674418603,68800,21.842666666666666,451.08,89.273,9.0,0.095037,1
2017-12-01,2017,12,CIBEUNYING KALER,5.0011,6.0824,5.812,4.5618,3.717,5.364325,7.269040697674418,68800,21.30516129032258,259.67,89.88935483870968,7.4,0.078141,1
2018-01-01,2018,1,CIBEUNYING KALER,8.9625,5.0011,6.0824,5.812,3.9197,6.4645,13.02688953488372,68800,20.889032258064514,262.41,91.22258064516129,7.25,0.080022,1
2018-02-01,2018,2,CIBEUNYING KALER,8.6534,8.9625,5.0011,6.0824,4.2239,7.174849999999999,12.577616279069767,68800,21.117142857142856,517.61,91.1925,7.0,0.077263,1
2018-03-01,2018,3,CIBEUNYING KALER,8.6534,8.6534,8.9625,5.0011,4.5618,7.8176,12.577616279069767,68800,21.65741935483871,387.92,89.85741935483871,7.0,0.077263,1
2018-04-01,2018,4,CIBEUNYING KALER,8.6534,8.6534,8.6534,8.9625,5.812,8.730675,12.577616279069767,68800,21.947,262.95,89.76933333333334,7.0,0.077263,0
2018-05-01,2018,5,CIBEUNYING KALER,8.3444,8.6534,8.6534,8.6534,6.0824,8.57615,12.128488372093024,68800,21.772903225806452,120.22,88.87645161290322,6.75,0.074503,0
2018-06-01,2018,6,CIBEUNYING KALER,6.7991,8.3444,8.6534,8.6534,5.0011,8.112575,9.882412790697675,68800,21.314333333333334,91.12,88.38766666666668,5.5,0.060706,0
2018-07-01,2018,7,CIBEUNYING KALER,7.4172,6.7991,8.3444,8.6534,8.9625,7.8035250000000005,10.780813953488373,68800,19.885161290322582,5.63,85.66225806451614,6.0,0.066225,0
2018-08-01,2018,8,CIBEUNYING KALER,8.0353,7.4172,6.7991,8.3444,8.6534,7.649000000000001,11.67921511627907,68800,20.21161290322581,32.75,84.21451612903226,6.5,0.071744,0
2018-09-01,2018,9,CIBEUNYING KALER,8.6534,8.0353,7.4172,6.7991,8.6534,7.72625,12.577616279069767,68800,21.037,96.61,83.175,7.0,0.077263,0
2018-10-01,2018,10,CIBEUNYING KALER,10.1987,8.6534,8.0353,7.4172,8.6534,8.57615,14.823691860465116,68800,22.358709677419355,189.07,82.22838709677418,8.25,0.09106,1
2018-11-01,2018,11,CIBEUNYING KALER,12.053,10.1987,8.6534,8.0353,8.3444,9.7351,17.518895348837212,68800,22.28033333333333,425.59000000000003,87.10799999999999,9.75,0.107616,1
2018-12-01,2018,12,CIBEUNYING KALER,15.5762,12.053,10.1987,8.6534,6.7991,11.620325,22.63982558139535,68800,21.870645161290323,411.58,90.10225806451614,12.6,0.139073,1
2019-01-01,2019,1,CIBEUNYING KALER,21.7424,15.5762,12.053,10.1987,7.4172,14.892575,31.60232558139535,68800,21.614516129032257,413.94,90.2341935483871,28.5,0.17394,1
2019-02-01,2019,2,CIBEUNYING KALER,26.3198,21.7424,15.5762,12.053,8.0353,18.92285,38.255523255813955,68800,22.12642857142857,488.76,90.59357142857142,34.5,0.210558,1
2019-03-01,2019,3,CIBEUNYING KALER,14.6475,26.3198,21.7424,15.5762,8.6534,19.571475,21.28997093023256,68800,21.675483870967742,289.9,89.77451612903226,19.2,0.11718,1
2019-04-01,2019,4,CIBEUNYING KALER,10.4898,14.6475,26.3198,21.7424,10.1987,18.299875,15.246802325581397,68800,22.535333333333334,455.36,90.312,13.75,0.083918,0
2019-05-01,2019,5,CIBEUNYING KALER,8.5825,10.4898,14.6475,26.3198,12.053,15.0099,12.47456395348837,68800,21.986451612903227,228.52,89.65741935483871,11.25,0.06866,0
2019-06-01,2019,6,CIBEUNYING KALER,6.5609,8.5825,10.4898,14.6475,15.5762,10.070175,9.536191860465117,68800,20.71066666666667,44.2,86.69033333333333,8.6,0.052487,0
2019-07-01,2019,7,CIBEUNYING KALER,4.9588,6.5609,8.5825,10.4898,21.7424,7.648,7.207558139534883,68800,20.04064516129032,28.17,86.75548387096775,6.5,0.03967,0
2019-08-01,2019,8,CIBEUNYING KALER,5.531,4.9588,6.5609,8.5825,26.3198,6.4083,8.039244186046512,68800,19.98225806451613,19.74,84.07290322580646,7.25,0.044248,0
2019-09-01,2019,9,CIBEUNYING KALER,5.1877,5.531,4.9588,6.5609,14.6475,5.5596,7.540261627906977,68800,20.884333333333334,9.68,80.54033333333334,6.8,0.041501,0
2019-10-01,2019,10,CIBEUNYING KALER,5.9124,5.1877,5.531,4.9588,10.4898,5.397475,8.59360465116279,68800,22.31451612903226,80.15,78.2658064516129,7.75,0.047299,1
2019-11-01,2019,11,CIBEUNYING KALER,6.6753,5.9124,5.1877,5.531,8.5825,5.8266,9.70247093023256,68800,22.717333333333332,209.04,81.00466666666667,8.75,0.053403,1
2019-12-01,2019,12,CIBEUNYING KALER,8.3918,6.6753,5.9124,5.1877,6.5609,6.5418,12.197383720930233,68800,22.92322580645161,493.07,85.07225806451612,11.0,0.067135,1
2020-01-01,2020,1,CIBEUNYING KALER,8.9666,8.3918,6.6753,5.9124,4.9588,7.486525,13.0328488372093,68800,22.35483870967742,401.12,89.05290322580645,27.0,0.105489,1
2020-02-01,2020,2,CIBEUNYING KALER,8.8836,8.9666,8.3918,6.6753,5.531,8.229325,12.91220930232558,68800,21.99103448275862,629.82,91.53275862068965,26.75,0.104513,1
2020-03-01,2020,3,CIBEUNYING KALER,12.2211,8.8836,8.9666,8.3918,5.1877,9.615775,17.763226744186046,68800,22.194193548387098,613.86,91.3616129032258,36.8,0.143778,1
2020-04-01,2020,4,CIBEUNYING KALER,9.0496,12.2211,8.8836,8.9666,5.9124,9.780225,13.153488372093022,68800,22.423,359.35,90.376,27.25,0.106466,0
2020-05-01,2020,5,CIBEUNYING KALER,7.7046,9.0496,12.2211,8.8836,6.6753,9.464725,11.198546511627908,68800,22.330322580645163,486.90999999999997,91.91612903225807,23.2,0.090643,0
2020-06-01,2020,6,CIBEUNYING KALER,6.1438,7.7046,9.0496,12.2211,8.3918,8.779774999999999,8.929941860465116,68800,21.551,159.0,90.95,18.5,0.07228,0
2020-07-01,2020,7,CIBEUNYING KALER,3.9021,6.1438,7.7046,9.0496,8.9666,6.700024999999999,5.671656976744186,68800,20.79548387096774,102.75,89.11064516129032,11.75,0.045907,0
2020-08-01,2020,8,CIBEUNYING KALER,5.38,3.9021,6.1438,7.7046,8.8836,5.7826249999999995,7.819767441860464,68800,21.360967741935486,57.29,87.45516129032258,16.2,0.063294,0
2020-09-01,2020,9,CIBEUNYING KALER,4.9814,5.38,3.9021,6.1438,12.2211,5.101825,7.240406976744186,68800,21.523333333333333,195.74,86.688,15.0,0.058605,0
2020-10-01,2020,10,CIBEUNYING KALER,4.7324,4.9814,5.38,3.9021,9.0496,4.748975,6.878488372093024,68800,21.92290322580645,471.4,89.15064516129033,14.25,0.055675,1
2020-11-01,2020,11,CIBEUNYING KALER,7.6382,4.7324,4.9814,5.38,7.7046,5.683,11.10203488372093,68800,21.974333333333334,334.45,90.29199999999999,23.0,0.089861,1
2020-12-01,2020,12,CIBEUNYING KALER,5.3966,7.6382,4.7324,4.9814,6.1438,5.68715,7.8438953488372105,68800,21.280645161290323,315.84000000000003,91.29451612903226,16.25,0.063489,1
2021-01-01,2021,1,CIBEUNYING KALER,8.4466,5.3966,7.6382,4.7324,3.9021,6.55345,12.27703488372093,68800,21.016129032258064,342.89,91.80645161290323,14.6,0.069806,1
2021-02-01,2021,2,CIBEUNYING KALER,9.1119,8.4466,5.3966,7.6382,5.38,7.648325,13.24404069767442,68800,21.04357142857143,454.85,92.93928571428572,15.75,0.075305,1
2021-03-01,2021,3,CIBEUNYING KALER,11.5706,9.1119,8.4466,5.3966,4.9814,8.631425,16.817732558139536,68800,21.4741935483871,611.72,89.84774193548388,20.0,0.095625,1
2021-04-01,2021,4,CIBEUNYING KALER,10.9921,11.5706,9.1119,8.4466,4.7324,10.0303,15.976889534883721,68800,21.441333333333333,210.6,90.00566666666667,19.0,0.090844,0
2021-05-01,2021,5,CIBEUNYING KALER,10.8764,10.9921,11.5706,9.1119,7.6382,10.63775,15.808720930232559,68800,22.094838709677422,206.06,90.47516129032257,18.8,0.089888,0
2021-06-01,2021,6,CIBEUNYING KALER,12.4384,10.8764,10.9921,11.5706,5.3966,11.469375000000001,18.079069767441858,68800,21.572,260.94,89.66933333333333,21.5,0.102797,0
2021-07-01,2021,7,CIBEUNYING KALER,8.3887,12.4384,10.8764,10.9921,8.4466,10.6739,12.192877906976744,68800,20.67064516129032,72.52,88.60129032258064,14.5,0.069328,0
2021-08-01,2021,8,CIBEUNYING KALER,8.3309,8.3887,12.4384,10.8764,9.1119,10.0086,12.108866279069767,68800,21.206129032258065,111.66,88.73290322580644,14.4,0.06885,0
2021-09-01,2021,9,CIBEUNYING KALER,7.8102,8.3309,8.3887,12.4384,11.5706,9.242049999999999,11.35203488372093,68800,21.584666666666667,178.93,87.54133333333333,13.5,0.064547,0
2021-10-01,2021,10,CIBEUNYING KALER,7.868,7.8102,8.3309,8.3887,10.9921,8.09945,11.436046511627907,68800,22.29774193548387,291.15,86.82225806451612,13.6,0.065025,1
2021-11-01,2021,11,CIBEUNYING KALER,12.5831,7.868,7.8102,8.3309,10.8764,9.14805,18.28938953488372,68800,21.753666666666668,452.44,90.89566666666666,21.75,0.103992,1
2021-12-01,2021,12,CIBEUNYING KALER,12.5831,12.5831,7.868,7.8102,12.4384,10.2111,18.28938953488372,68800,21.716129032258067,366.65000000000003,90.05903225806452,21.75,0.103992,1
2022-01-01,2022,1,CIBEUNYING KALER,15.4334,12.5831,12.5831,7.868,8.3887,12.1169,22.432267441860468,68800,21.427419354838708,218.29,90.04,29.0,0.113481,1
2022-02-01,2022,2,CIBEUNYING KALER,14.369,15.4334,12.5831,12.5831,8.3309,13.74215,20.88517441860465,68800,21.202499999999997,251.17000000000002,90.17285714285715,27.0,0.105654,1
2022-03-01,2022,3,CIBEUNYING KALER,11.442,14.369,15.4334,12.5831,7.8102,13.456875,16.63081395348837,68800,21.671290322580646,303.35,89.7316129032258,21.5,0.084132,1
2022-04-01,2022,4,CIBEUNYING KALER,9.5793,11.442,14.369,15.4334,7.868,12.705925,13.923401162790698,68800,22.020333333333333,361.55,89.954,18.0,0.070436,0
2022-05-01,2022,5,CIBEUNYING KALER,9.7922,9.5793,11.442,14.369,12.5831,11.295625,14.2328488372093,68800,22.018064516129034,249.94,90.39709677419354,18.4,0.072002,0
2022-06-01,2022,6,CIBEUNYING KALER,9.8454,9.7922,9.5793,11.442,12.5831,10.164725,14.31017441860465,68800,21.217,211.8,90.89233333333333,18.5,0.072393,0
2022-07-01,2022,7,CIBEUNYING KALER,9.5793,9.8454,9.7922,9.5793,15.4334,9.69905,13.923401162790698,68800,21.188064516129035,200.27,89.83903225806452,18.0,0.070436,0
2022-08-01,2022,8,CIBEUNYING KALER,11.9742,9.5793,9.8454,9.7922,14.369,10.297775,17.40436046511628,68800,21.362903225806452,138.33,88.19354838709677,22.5,0.088045,0
2022-09-01,2022,9,CIBEUNYING KALER,11.8411,11.9742,9.5793,9.8454,11.442,10.809999999999999,17.210901162790698,68800,21.667333333333332,301.34999999999997,89.089,22.25,0.087067,0
2022-10-01,2022,10,CIBEUNYING KALER,11.921,11.8411,11.9742,9.5793,9.5793,11.3289,17.327034883720927,68800,21.640967741935484,426.72,90.4658064516129,22.4,0.087654,1
2022-11-01,2022,11,CIBEUNYING KALER,11.7081,11.921,11.8411,11.9742,9.7922,11.861099999999999,17.017587209302327,68800,21.424,413.78,91.02466666666668,22.0,0.086089,1
2022-12-01,2022,12,CIBEUNYING KALER,8.515,11.7081,11.921,11.8411,9.8454,10.9963,12.376453488372094,68800,21.384516129032257,353.8,90.81741935483872,16.0,0.06261,1
2023-01-01,2023,1,CIBEUNYING KALER,4.9534,8.515,11.7081,11.921,9.5793,9.274375,7.199709302325582,68800,21.17322580645161,158.04,90.5667741935484,17.0,0.099068,1
2023-02-01,2023,2,CIBEUNYING KALER,4.8805,4.9534,8.515,11.7081,11.9742,7.5142500000000005,7.09375,68800,20.5825,359.16,91.09357142857142,16.75,0.097611,1
2023-03-01,2023,3,CIBEUNYING KALER,4.5163,4.8805,4.9534,8.515,11.8411,5.7162999999999995,6.564389534883721,68800,21.701290322580647,334.8,90.1258064516129,15.5,0.090326,1
2023-04-01,2023,4,CIBEUNYING KALER,4.1958,4.5163,4.8805,4.9534,11.921,4.6365,6.098546511627908,68800,22.06566666666667,272.96,89.87733333333334,14.4,0.083916,0
2023-05-01,2023,5,CIBEUNYING KALER,4.5892,4.1958,4.5163,4.8805,11.7081,4.54545,6.6703488372093025,68800,22.14774193548387,215.54000000000002,89.70709677419354,15.75,0.091783,0
2023-06-01,2023,6,CIBEUNYING KALER,3.9336,4.5892,4.1958,4.5163,8.515,4.308725,5.717441860465116,68800,21.829,148.52,89.866,13.5,0.078671,0
2023-07-01,2023,7,CIBEUNYING KALER,3.2051,3.9336,4.5892,4.1958,4.9534,3.980925,4.658575581395349,68800,20.978387096774195,76.8,88.14032258064516,11.0,0.064103,0
2023-08-01,2023,8,CIBEUNYING KALER,3.9336,3.2051,3.9336,4.5892,4.8805,3.915375,5.717441860465116,68800,20.746129032258064,18.96,84.63129032258065,13.5,0.078671,0
2023-09-01,2023,9,CIBEUNYING KALER,3.7879,3.9336,3.2051,3.9336,4.5163,3.7150499999999997,5.505668604651163,68800,21.15533333333333,6.95,81.82133333333333,13.0,0.075758,0
2023-10-01,2023,10,CIBEUNYING KALER,3.6131,3.7879,3.9336,3.2051,4.1958,3.6349250000000004,5.251598837209302,68800,22.83225806451613,56.58,79.87290322580645,12.4,0.072261,1
2023-11-01,2023,11,CIBEUNYING KALER,4.3706,3.6131,3.7879,3.9336,4.5892,3.9263000000000003,6.352616279069768,68800,23.137999999999998,379.14,84.75633333333333,15.0,0.087413,1
2023-12-01,2023,12,CIBEUNYING KALER,4.021,4.3706,3.6131,3.7879,3.9336,3.94815,5.844476744186046,68800,22.862903225806452,231.32,86.83161290322582,13.8,0.08042,1
2024-01-01,2024,1,CIBEUNYING KALER,17.794,4.021,4.3706,3.6131,3.2051,7.449675000000001,25.86337209302326,68800,22.437419354838713,598.42,89.78064516129032,18.25,0.089417,1
2024-02-01,2024,2,CIBEUNYING KALER,19.5002,17.794,4.021,4.3706,3.9336,11.42145,28.343313953488373,68800,22.73793103448276,474.35,89.5803448275862,20.0,0.097991,1
2024-03-01,2024,3,CIBEUNYING KALER,25.5453,19.5002,17.794,4.021,3.7879,16.715125,37.12979651162791,68800,22.405483870967743,391.27,90.65516129032258,26.2,0.128368,1
2024-04-01,2024,4,CIBEUNYING KALER,23.4003,25.5453,19.5002,17.794,3.6131,21.55995,34.01206395348837,68800,23.169,323.82,90.12033333333333,24.0,0.117589,0
2024-05-01,2024,5,CIBEUNYING KALER,23.4003,23.4003,25.5453,19.5002,4.3706,22.961525,34.01206395348837,68800,22.799354838709675,122.81,88.94935483870967,24.0,0.117589,0
2024-06-01,2024,6,CIBEUNYING KALER,16.1852,23.4003,23.4003,25.5453,4.021,22.132775,23.525,68800,22.169666666666668,235.73000000000002,89.03999999999999,16.6,0.081333,0
2024-07-01,2024,7,CIBEUNYING KALER,13.6502,16.1852,23.4003,23.4003,17.794,19.159,19.840406976744188,68800,21.01290322580645,291.43,89.00387096774193,14.0,0.068594,0
2024-08-01,2024,8,CIBEUNYING KALER,10.9689,13.6502,16.1852,23.4003,19.5002,16.05115,15.943168604651161,68800,21.080645161290324,79.38,86.01806451612903,11.25,0.05512,0
2024-09-01,2024,9,CIBEUNYING KALER,10.5301,10.9689,13.6502,16.1852,25.5453,12.833599999999999,15.305377906976744,68800,21.895333333333333,329.11,85.34933333333333,10.8,0.052915,0
2024-10-01,2024,10,CIBEUNYING KALER,11.9439,10.5301,10.9689,13.6502,23.4003,11.773275,17.360319767441858,68800,22.643225806451614,85.42999999999999,85.1325806451613,12.25,0.06002,1
2024-11-01,2024,11,CIBEUNYING KALER,11.4564,11.9439,10.5301,10.9689,23.4003,11.224825,16.651744186046514,68800,22.590333333333334,530.84,88.96533333333333,11.75,0.05757,1
2024-12-01,2024,12,CIBEUNYING KALER,14.6252,11.4564,11.9439,10.5301,16.1852,12.1389,21.257558139534883,68800,21.753870967741936,329.88,91.23483870967742,15.0,0.073493,1
2016-01-01,2016,1,CIBEUNYING KIDUL,17.6207,,,,,17.6207,16.270267774699906,108300,22.434516129032257,396.61,88.54548387096774,25.6,0.124969,1
2016-02-01,2016,2,CIBEUNYING KIDUL,23.5746,17.6207,,,,20.59765,21.76786703601108,108300,22.00206896551724,468.95,90.91551724137932,34.25,0.167196,1
2016-03-01,2016,3,CIBEUNYING KIDUL,17.896,23.5746,17.6207,,,19.697100000000002,16.524469067405356,108300,22.740322580645163,477.1,90.77612903225807,26.0,0.126922,1
2016-04-01,2016,4,CIBEUNYING KIDUL,16.1753,17.896,23.5746,17.6207,,18.81665,14.935641735918745,108300,22.466,489.21,91.35133333333333,23.5,0.114718,0
2016-05-01,2016,5,CIBEUNYING KIDUL,11.4259,16.1753,17.896,23.5746,,17.26795,10.550230840258541,108300,22.4,251.60999999999999,90.83612903225807,16.6,0.081035,0
2016-06-01,2016,6,CIBEUNYING KIDUL,8.0876,11.4259,16.1753,17.896,,13.3962,7.467774699907664,108300,21.715333333333334,176.73,88.34833333333333,11.75,0.057359,0
2016-07-01,2016,7,CIBEUNYING KIDUL,7.5714,8.0876,11.4259,16.1753,17.6207,10.81505,6.991135734072022,108300,21.557419354838707,300.44,89.96677419354839,11.0,0.053698,0
2016-08-01,2016,8,CIBEUNYING KIDUL,7.7435,7.5714,8.0876,11.4259,23.5746,8.7071,7.150046168051709,108300,21.18967741935484,190.43,88.61,11.25,0.054918,0
2016-09-01,2016,9,CIBEUNYING KIDUL,7.7435,7.7435,7.5714,8.0876,17.896,7.7865,7.150046168051709,108300,21.71033333333333,438.58,89.848,11.25,0.054918,0
2016-10-01,2016,10,CIBEUNYING KIDUL,7.8467,7.7435,7.7435,7.5714,16.1753,7.726275,7.24533702677747,108300,21.464193548387097,440.99,91.19935483870967,11.4,0.05565,1
2016-11-01,2016,11,CIBEUNYING KIDUL,7.9155,7.8467,7.7435,7.7435,11.4259,7.8123,7.308864265927977,108300,21.88,430.71999999999997,90.57866666666668,11.5,0.056139,1
2016-12-01,2016,12,CIBEUNYING KIDUL,7.3993,7.9155,7.8467,7.7435,8.0876,7.726249999999999,6.832225300092337,108300,21.13935483870968,188.26,90.15129032258065,10.75,0.052477,1
2017-01-01,2017,1,CIBEUNYING KIDUL,12.9842,7.3993,7.9155,7.8467,7.5714,9.036425000000001,11.98910433979686,108300,21.030645161290323,295.58,90.34,11.6,0.122492,1
2017-02-01,2017,2,CIBEUNYING KIDUL,10.9134,12.9842,7.3993,7.9155,7.7435,9.8031,10.077008310249306,108300,21.141428571428573,478.78000000000003,91.32892857142858,9.75,0.102957,1
2017-03-01,2017,3,CIBEUNYING KIDUL,10.3537,10.9134,12.9842,7.3993,7.7435,10.41265,9.560203139427516,108300,21.510967741935485,336.51,89.8583870967742,9.25,0.097677,1
2017-04-01,2017,4,CIBEUNYING KIDUL,8.7307,10.3537,10.9134,12.9842,7.8467,10.7455,8.061588180978763,108300,21.872666666666664,371.34,90.94333333333334,7.8,0.082365,0
2017-05-01,2017,5,CIBEUNYING KIDUL,7.8353,8.7307,10.3537,10.9134,7.9155,9.458275,7.234810710987996,108300,21.852903225806454,209.88,90.35548387096775,7.0,0.073918,0
2017-06-01,2017,6,CIBEUNYING KIDUL,6.1563,7.8353,8.7307,10.3537,7.3993,8.269,5.684487534626038,108300,21.282666666666668,155.11,90.05266666666667,5.5,0.058078,0
2017-07-01,2017,7,CIBEUNYING KIDUL,6.4921,6.1563,7.8353,8.7307,12.9842,7.3036,5.99455216989843,108300,20.681612903225805,89.05,89.09967741935485,5.8,0.061246,0
2017-08-01,2017,8,CIBEUNYING KIDUL,6.9958,6.4921,6.1563,7.8353,10.9134,6.8698749999999995,6.459649122807018,108300,20.58225806451613,29.75,86.16129032258064,6.25,0.065998,0
2017-09-01,2017,9,CIBEUNYING KIDUL,7.5554,6.9958,6.4921,6.1563,10.3537,6.799899999999999,6.976361957525392,108300,21.449666666666666,108.77000000000001,84.02466666666668,6.75,0.071278,0
2017-10-01,2017,10,CIBEUNYING KIDUL,9.6262,7.5554,6.9958,6.4921,8.7307,7.667375,8.888457987072947,108300,22.156451612903226,516.17,87.77129032258064,8.6,0.090813,1
2017-11-01,2017,11,CIBEUNYING KIDUL,10.0739,9.6262,7.5554,6.9958,7.8353,8.562825,9.30184672206833,108300,21.842666666666666,451.08,89.273,9.0,0.095037,1
2017-12-01,2017,12,CIBEUNYING KIDUL,8.283,10.0739,9.6262,7.5554,6.1563,8.884625,7.648199445983379,108300,21.30516129032258,259.67,89.88935483870968,7.4,0.078141,1
2018-01-01,2018,1,CIBEUNYING KIDUL,17.7649,8.283,10.0739,9.6262,6.4921,11.437000000000001,16.403416435826408,108300,20.889032258064514,262.41,91.22258064516129,7.25,0.080022,1
2018-02-01,2018,2,CIBEUNYING KIDUL,17.1523,17.7649,8.283,10.0739,6.9958,13.318525000000001,15.837765466297324,108300,21.117142857142856,517.61,91.1925,7.0,0.077263,1
2018-03-01,2018,3,CIBEUNYING KIDUL,17.1523,17.1523,17.7649,8.283,7.5554,15.088125000000002,15.837765466297324,108300,21.65741935483871,387.92,89.85741935483871,7.0,0.077263,1
2018-04-01,2018,4,CIBEUNYING KIDUL,17.1523,17.1523,17.1523,17.7649,9.6262,17.30545,15.837765466297324,108300,21.947,262.95,89.76933333333334,7.0,0.077263,0
2018-05-01,2018,5,CIBEUNYING KIDUL,16.5397,17.1523,17.1523,17.1523,10.0739,16.99915,15.272114496768237,108300,21.772903225806452,120.22,88.87645161290322,6.75,0.074503,0
2018-06-01,2018,6,CIBEUNYING KIDUL,13.4768,16.5397,17.1523,17.1523,8.283,16.080275,12.443951985226224,108300,21.314333333333334,91.12,88.38766666666668,5.5,0.060706,0
2018-07-01,2018,7,CIBEUNYING KIDUL,14.702,13.4768,16.5397,17.1523,17.7649,15.4677,13.575253924284395,108300,19.885161290322582,5.63,85.66225806451614,6.0,0.066225,0
2018-08-01,2018,8,CIBEUNYING KIDUL,15.9272,14.702,13.4768,16.5397,17.1523,15.161425,14.706555863342567,108300,20.21161290322581,32.75,84.21451612903226,6.5,0.071744,0
2018-09-01,2018,9,CIBEUNYING KIDUL,17.1523,15.9272,14.702,13.4768,17.1523,15.314575,15.837765466297324,108300,21.037,96.61,83.175,7.0,0.077263,0
2018-10-01,2018,10,CIBEUNYING KIDUL,20.2152,17.1523,15.9272,14.702,17.1523,16.999175,18.665927977839335,108300,22.358709677419355,189.07,82.22838709677418,8.25,0.09106,1
2018-11-01,2018,11,CIBEUNYING KIDUL,23.8907,20.2152,17.1523,15.9272,16.5397,19.29635,22.059741458910434,108300,22.28033333333333,425.59000000000003,87.10799999999999,9.75,0.107616,1
2018-12-01,2018,12,CIBEUNYING KIDUL,30.8742,23.8907,20.2152,17.1523,13.4768,23.0331,28.50803324099723,108300,21.870645161290323,411.58,90.10225806451614,12.6,0.139073,1
2019-01-01,2019,1,CIBEUNYING KIDUL,35.8316,30.8742,23.8907,20.2152,14.702,27.702924999999997,33.085503231763624,108300,21.614516129032257,413.94,90.2341935483871,28.5,0.17394,1
2019-02-01,2019,2,CIBEUNYING KIDUL,43.375,35.8316,30.8742,23.8907,15.9272,33.492875,40.05078485687904,108300,22.12642857142857,488.76,90.59357142857142,34.5,0.210558,1
2019-03-01,2019,3,CIBEUNYING KIDUL,24.1392,43.375,35.8316,30.8742,17.1523,33.555,22.289196675900275,108300,21.675483870967742,289.9,89.77451612903226,19.2,0.11718,1
2019-04-01,2019,4,CIBEUNYING KIDUL,17.2872,24.1392,43.375,35.8316,20.2152,30.15825,15.962326869806095,108300,22.535333333333334,455.36,90.312,13.75,0.083918,0
2019-05-01,2019,5,CIBEUNYING KIDUL,14.144,17.2872,24.1392,43.375,23.8907,24.736349999999998,13.060018467220683,108300,21.986451612903227,228.52,89.65741935483871,11.25,0.06866,0
2019-06-01,2019,6,CIBEUNYING KIDUL,10.8123,14.144,17.2872,24.1392,30.8742,16.595675,9.983656509695292,108300,20.71066666666667,44.2,86.69033333333333,8.6,0.052487,0
2019-07-01,2019,7,CIBEUNYING KIDUL,8.1721,10.8123,14.144,17.2872,35.8316,12.6039,7.545798707294552,108300,20.04064516129032,28.17,86.75548387096775,6.5,0.03967,0
2019-08-01,2019,8,CIBEUNYING KIDUL,9.115,8.1721,10.8123,14.144,43.375,10.560849999999999,8.416435826408126,108300,19.98225806451613,19.74,84.07290322580646,7.25,0.044248,0
2019-09-01,2019,9,CIBEUNYING KIDUL,8.5493,9.115,8.1721,10.8123,24.1392,9.162175,7.894090489381348,108300,20.884333333333334,9.68,80.54033333333334,6.8,0.041501,0
2019-10-01,2019,10,CIBEUNYING KIDUL,9.7437,8.5493,9.115,8.1721,17.2872,8.895025,8.996952908587259,108300,22.31451612903226,80.15,78.2658064516129,7.75,0.047299,1
2019-11-01,2019,11,CIBEUNYING KIDUL,11.0009,9.7437,8.5493,9.115,14.144,9.602225,10.157802400738689,108300,22.717333333333332,209.04,81.00466666666667,8.75,0.053403,1
2019-12-01,2019,12,CIBEUNYING KIDUL,13.8297,11.0009,9.7437,8.5493,10.8123,10.7809,12.769806094182826,108300,22.92322580645161,493.07,85.07225806451612,11.0,0.067135,1
2020-01-01,2020,1,CIBEUNYING KIDUL,9.494,13.8297,11.0009,9.7437,8.1721,11.017075,8.766389658356418,108300,22.35483870967742,401.12,89.05290322580645,27.0,0.105489,1
2020-02-01,2020,2,CIBEUNYING KIDUL,9.4061,9.494,13.8297,11.0009,9.115,10.932675,8.68522622345337,108300,21.99103448275862,629.82,91.53275862068965,26.75,0.104513,1
2020-03-01,2020,3,CIBEUNYING KIDUL,12.94,9.4061,9.494,13.8297,8.5493,11.41745,11.948291782086795,108300,22.194193548387098,613.86,91.3616129032258,36.8,0.143778,1
2020-04-01,2020,4,CIBEUNYING KIDUL,9.5819,12.94,9.4061,9.494,9.7437,10.3555,8.847553093259464,108300,22.423,359.35,90.376,27.25,0.106466,0
2020-05-01,2020,5,CIBEUNYING KIDUL,8.1578,9.5819,12.94,9.4061,11.0009,10.02145,7.532594644506002,108300,22.330322580645163,486.90999999999997,91.91612903225807,23.2,0.090643,0
2020-06-01,2020,6,CIBEUNYING KIDUL,6.5052,8.1578,9.5819,12.94,13.8297,9.296225,6.0066481994459835,108300,21.551,159.0,90.95,18.5,0.07228,0
2020-07-01,2020,7,CIBEUNYING KIDUL,4.1317,6.5052,8.1578,9.5819,9.494,7.094150000000001,3.8150507848568793,108300,20.79548387096774,102.75,89.11064516129032,11.75,0.045907,0
2020-08-01,2020,8,CIBEUNYING KIDUL,5.6964,4.1317,6.5052,8.1578,9.4061,6.122775,5.25983379501385,108300,21.360967741935486,57.29,87.45516129032258,16.2,0.063294,0
2020-09-01,2020,9,CIBEUNYING KIDUL,5.2745,5.6964,4.1317,6.5052,12.94,5.40195,4.870267774699908,108300,21.523333333333333,195.74,86.688,15.0,0.058605,0
2020-10-01,2020,10,CIBEUNYING KIDUL,5.0107,5.2745,5.6964,4.1317,9.5819,5.028325,4.626685133887349,108300,21.92290322580645,471.4,89.15064516129033,14.25,0.055675,1
2020-11-01,2020,11,CIBEUNYING KIDUL,8.0875,5.0107,5.2745,5.6964,8.1578,6.017275,7.467682363804248,108300,21.974333333333334,334.45,90.29199999999999,23.0,0.089861,1
2020-12-01,2020,12,CIBEUNYING KIDUL,5.714,8.0875,5.0107,5.2745,6.5052,6.021675,5.276084949215144,108300,21.280645161290323,315.84000000000003,91.29451612903226,16.25,0.063489,1
2021-01-01,2021,1,CIBEUNYING KIDUL,9.7729,5.714,8.0875,5.0107,4.1317,7.146275,9.023915050784856,108300,21.016129032258064,342.89,91.80645161290323,14.6,0.069806,1
2021-02-01,2021,2,CIBEUNYING KIDUL,10.5427,9.7729,5.714,8.0875,5.6964,8.529275,9.73471837488458,108300,21.04357142857143,454.85,92.93928571428572,15.75,0.075305,1
2021-03-01,2021,3,CIBEUNYING KIDUL,13.3875,10.5427,9.7729,5.714,5.2745,9.854275000000001,12.361495844875346,108300,21.4741935483871,611.72,89.84774193548388,20.0,0.095625,1
2021-04-01,2021,4,CIBEUNYING KIDUL,12.7181,13.3875,10.5427,9.7729,5.0107,11.6053,11.743397968605723,108300,21.441333333333333,210.6,90.00566666666667,19.0,0.090844,0
2021-05-01,2021,5,CIBEUNYING KIDUL,12.5843,12.7181,13.3875,10.5427,8.0875,12.308150000000001,11.619852262234534,108300,22.094838709677422,206.06,90.47516129032257,18.8,0.089888,0
2021-06-01,2021,6,CIBEUNYING KIDUL,14.3916,12.5843,12.7181,13.3875,5.714,13.270375,13.288642659279779,108300,21.572,260.94,89.66933333333333,21.5,0.102797,0
2021-07-01,2021,7,CIBEUNYING KIDUL,9.706,14.3916,12.5843,12.7181,9.7729,12.350000000000001,8.962142197599261,108300,20.67064516129032,72.52,88.60129032258064,14.5,0.069328,0
2021-08-01,2021,8,CIBEUNYING KIDUL,9.639,9.706,14.3916,12.5843,10.5427,11.580225,8.900277008310248,108300,21.206129032258065,111.66,88.73290322580644,14.4,0.06885,0
2021-09-01,2021,9,CIBEUNYING KIDUL,9.0366,9.639,9.706,14.3916,13.3875,10.693299999999999,8.34404432132964,108300,21.584666666666667,178.93,87.54133333333333,13.5,0.064547,0
2021-10-01,2021,10,CIBEUNYING KIDUL,9.1035,9.0366,9.639,9.706,12.7181,9.371275,8.405817174515237,108300,22.29774193548387,291.15,86.82225806451612,13.6,0.065025,1
2021-11-01,2021,11,CIBEUNYING KIDUL,14.5589,9.1035,9.0366,9.639,12.5843,10.5845,13.443120960295474,108300,21.753666666666668,452.44,90.89566666666666,21.75,0.103992,1
2021-12-01,2021,12,CIBEUNYING KIDUL,14.5589,14.5589,9.1035,9.0366,14.3916,11.814475,13.443120960295474,108300,21.716129032258067,366.65000000000003,90.05903225806452,21.75,0.103992,1
2022-01-01,2022,1,CIBEUNYING KIDUL,19.6322,14.5589,14.5589,9.1035,9.706,14.463375,18.127608494921517,108300,21.427419354838708,218.29,90.04,29.0,0.113481,1
2022-02-01,2022,2,CIBEUNYING KIDUL,18.2782,19.6322,14.5589,14.5589,9.639,16.75705,16.877377654662972,108300,21.202499999999997,251.17000000000002,90.17285714285715,27.0,0.105654,1
2022-03-01,2022,3,CIBEUNYING KIDUL,14.5549,18.2782,19.6322,14.5589,9.0366,16.75605,13.439427516158817,108300,21.671290322580646,303.35,89.7316129032258,21.5,0.084132,1
2022-04-01,2022,4,CIBEUNYING KIDUL,12.1855,14.5549,18.2782,19.6322,9.1035,16.1627,11.251615881809787,108300,22.020333333333333,361.55,89.954,18.0,0.070436,0
2022-05-01,2022,5,CIBEUNYING KIDUL,12.4563,12.1855,14.5549,18.2782,14.5589,14.368725,11.501662049861496,108300,22.018064516129034,249.94,90.39709677419354,18.4,0.072002,0
2022-06-01,2022,6,CIBEUNYING KIDUL,12.524,12.4563,12.1855,14.5549,14.5589,12.930175,11.564173591874422,108300,21.217,211.8,90.89233333333333,18.5,0.072393,0
2022-07-01,2022,7,CIBEUNYING KIDUL,12.1855,12.524,12.4563,12.1855,19.6322,12.337825,11.251615881809787,108300,21.188064516129035,200.27,89.83903225806452,18.0,0.070436,0
2022-08-01,2022,8,CIBEUNYING KIDUL,15.2319,12.1855,12.524,12.4563,18.2782,13.099425,14.06454293628809,108300,21.362903225806452,138.33,88.19354838709677,22.5,0.088045,0
2022-09-01,2022,9,CIBEUNYING KIDUL,15.0626,15.2319,12.1855,12.524,14.5549,13.751,13.908217913204062,108300,21.667333333333332,301.34999999999997,89.089,22.25,0.087067,0
2022-10-01,2022,10,CIBEUNYING KIDUL,15.1642,15.0626,15.2319,12.1855,12.1855,14.41105,14.00203139427516,108300,21.640967741935484,426.72,90.4658064516129,22.4,0.087654,1
2022-11-01,2022,11,CIBEUNYING KIDUL,14.8934,15.1642,15.0626,15.2319,12.4563,15.088025,13.751985226223454,108300,21.424,413.78,91.02466666666668,22.0,0.086089,1
2022-12-01,2022,12,CIBEUNYING KIDUL,10.8315,14.8934,15.1642,15.0626,12.524,13.987924999999999,10.001385041551247,108300,21.384516129032257,353.8,90.81741935483872,16.0,0.06261,1
2023-01-01,2023,1,CIBEUNYING KIDUL,5.6469,10.8315,14.8934,15.1642,12.1855,11.634,5.214127423822714,108300,21.17322580645161,158.04,90.5667741935484,17.0,0.099068,1
2023-02-01,2023,2,CIBEUNYING KIDUL,5.5638,5.6469,10.8315,14.8934,15.2319,9.233899999999998,5.137396121883656,108300,20.5825,359.16,91.09357142857142,16.75,0.097611,1
2023-03-01,2023,3,CIBEUNYING KIDUL,5.1486,5.5638,5.6469,10.8315,15.0626,6.797699999999999,4.754016620498615,108300,21.701290322580647,334.8,90.1258064516129,15.5,0.090326,1
2023-04-01,2023,4,CIBEUNYING KIDUL,4.7832,5.1486,5.5638,5.6469,15.1642,5.285625,4.416620498614958,108300,22.06566666666667,272.96,89.87733333333334,14.4,0.083916,0
2023-05-01,2023,5,CIBEUNYING KIDUL,5.2316,4.7832,5.1486,5.5638,14.8934,5.1818,4.830655586334257,108300,22.14774193548387,215.54000000000002,89.70709677419354,15.75,0.091783,0
2023-06-01,2023,6,CIBEUNYING KIDUL,4.4843,5.2316,4.7832,5.1486,10.8315,4.911925,4.140627885503232,108300,21.829,148.52,89.866,13.5,0.078671,0
2023-07-01,2023,7,CIBEUNYING KIDUL,3.6538,4.4843,5.2316,4.7832,5.6469,4.538225,3.373776546629732,108300,20.978387096774195,76.8,88.14032258064516,11.0,0.064103,0
2023-08-01,2023,8,CIBEUNYING KIDUL,4.4843,3.6538,4.4843,5.2316,5.5638,4.4635,4.140627885503232,108300,20.746129032258064,18.96,84.63129032258065,13.5,0.078671,0
2023-09-01,2023,9,CIBEUNYING KIDUL,4.3182,4.4843,3.6538,4.4843,5.1486,4.23515,3.987257617728532,108300,21.15533333333333,6.95,81.82133333333333,13.0,0.075758,0
2023-10-01,2023,10,CIBEUNYING KIDUL,4.1189,4.3182,4.4843,3.6538,4.7832,4.1438,3.8032317636195754,108300,22.83225806451613,56.58,79.87290322580645,12.4,0.072261,1
2023-11-01,2023,11,CIBEUNYING KIDUL,4.9825,4.1189,4.3182,4.4843,5.2316,4.475975,4.600646352723914,108300,23.137999999999998,379.14,84.75633333333333,15.0,0.087413,1
2023-12-01,2023,12,CIBEUNYING KIDUL,4.5839,4.9825,4.1189,4.3182,4.4843,4.500875,4.232594644506002,108300,22.862903225806452,231.32,86.83161290322582,13.8,0.08042,1
2024-01-01,2024,1,CIBEUNYING KIDUL,20.1188,4.5839,4.9825,4.1189,3.6538,8.451025,18.57691597414589,108300,22.437419354838713,598.42,89.78064516129032,18.25,0.089417,1
2024-02-01,2024,2,CIBEUNYING KIDUL,22.048,20.1188,4.5839,4.9825,4.4843,12.9333,20.35826408125577,108300,22.73793103448276,474.35,89.5803448275862,20.0,0.097991,1
2024-03-01,2024,3,CIBEUNYING KIDUL,28.8829,22.048,20.1188,4.5839,4.3182,18.9084,26.669344413665744,108300,22.405483870967743,391.27,90.65516129032258,26.2,0.128368,1
2024-04-01,2024,4,CIBEUNYING KIDUL,26.4576,28.8829,22.048,20.1188,4.1189,24.376824999999997,24.429916897506924,108300,23.169,323.82,90.12033333333333,24.0,0.117589,0
2024-05-01,2024,5,CIBEUNYING KIDUL,26.4576,26.4576,28.8829,22.048,4.9825,25.961525,24.429916897506924,108300,22.799354838709675,122.81,88.94935483870967,24.0,0.117589,0
2024-06-01,2024,6,CIBEUNYING KIDUL,18.2999,26.4576,26.4576,28.8829,4.5839,25.0245,16.89741458910434,108300,22.169666666666668,235.73000000000002,89.03999999999999,16.6,0.081333,0
2024-07-01,2024,7,CIBEUNYING KIDUL,15.4336,18.2999,26.4576,26.4576,20.1188,21.662175,14.25078485687904,108300,21.01290322580645,291.43,89.00387096774193,14.0,0.068594,0
2024-08-01,2024,8,CIBEUNYING KIDUL,12.402,15.4336,18.2999,26.4576,22.048,18.148274999999998,11.45152354570637,108300,21.080645161290324,79.38,86.01806451612903,11.25,0.05512,0
2024-09-01,2024,9,CIBEUNYING KIDUL,11.9059,12.402,15.4336,18.2999,28.8829,14.51035,10.993444136657434,108300,21.895333333333333,329.11,85.34933333333333,10.8,0.052915,0
2024-10-01,2024,10,CIBEUNYING KIDUL,13.5044,11.9059,12.402,15.4336,26.4576,13.311475,12.46943674976916,108300,22.643225806451614,85.42999999999999,85.1325806451613,12.25,0.06002,1
2024-11-01,2024,11,CIBEUNYING KIDUL,12.9532,13.5044,11.9059,12.402,26.4576,12.691375,11.960480147737766,108300,22.590333333333334,530.84,88.96533333333333,11.75,0.05757,1
2024-12-01,2024,12,CIBEUNYING KIDUL,16.536,12.9532,13.5044,11.9059,18.2999,13.724875,15.268698060941828,108300,21.753870967741936,329.88,91.23483870967742,15.0,0.073493,1
2016-01-01,2016,1,CIBIRU,15.4962,,,,,15.4962,20.80026845637584,74500,22.434516129032257,396.61,88.54548387096774,25.6,0.124969,1
2016-02-01,2016,2,CIBIRU,20.7322,15.4962,,,,18.1142,27.828456375838925,74500,22.00206896551724,468.95,90.91551724137932,34.25,0.167196,1
2016-03-01,2016,3,CIBIRU,15.7383,20.7322,15.4962,,,17.322233333333333,21.12523489932886,74500,22.740322580645163,477.1,90.77612903225807,26.0,0.126922,1
2016-04-01,2016,4,CIBIRU,14.225,15.7383,20.7322,15.4962,,16.547925,19.093959731543624,74500,22.466,489.21,91.35133333333333,23.5,0.114718,0
2016-05-01,2016,5,CIBIRU,10.0483,14.225,15.7383,20.7322,,15.18595,13.48765100671141,74500,22.4,251.60999999999999,90.83612903225807,16.6,0.081035,0
2016-06-01,2016,6,CIBIRU,7.1125,10.0483,14.225,15.7383,,11.781025,9.546979865771812,74500,21.715333333333334,176.73,88.34833333333333,11.75,0.057359,0
2016-07-01,2016,7,CIBIRU,6.6585,7.1125,10.0483,14.225,15.4962,9.511075,8.937583892617448,74500,21.557419354838707,300.44,89.96677419354839,11.0,0.053698,0
2016-08-01,2016,8,CIBIRU,6.8099,6.6585,7.1125,10.0483,20.7322,7.657299999999999,9.140805369127516,74500,21.18967741935484,190.43,88.61,11.25,0.054918,0
2016-09-01,2016,9,CIBIRU,6.8099,6.8099,6.6585,7.1125,15.7383,6.847700000000001,9.140805369127516,74500,21.71033333333333,438.58,89.848,11.25,0.054918,0
2016-10-01,2016,10,CIBIRU,6.9007,6.8099,6.8099,6.6585,14.225,6.7947500000000005,9.26268456375839,74500,21.464193548387097,440.99,91.19935483870967,11.4,0.05565,1
2016-11-01,2016,11,CIBIRU,6.9612,6.9007,6.8099,6.8099,10.0483,6.870425,9.343892617449665,74500,21.88,430.71999999999997,90.57866666666668,11.5,0.056139,1
2016-12-01,2016,12,CIBIRU,6.5072,6.9612,6.9007,6.8099,7.1125,6.79475,8.734496644295302,74500,21.13935483870968,188.26,90.15129032258065,10.75,0.052477,1
2017-01-01,2017,1,CIBIRU,3.5523,6.5072,6.9612,6.9007,6.6585,5.98035,4.768187919463087,74500,21.030645161290323,295.58,90.34,11.6,0.122492,1
2017-02-01,2017,2,CIBIRU,2.9857,3.5523,6.5072,6.9612,6.8099,5.0016,4.007651006711409,74500,21.141428571428573,478.78000000000003,91.32892857142858,9.75,0.102957,1
2017-03-01,2017,3,CIBIRU,2.8326,2.9857,3.5523,6.5072,6.8099,3.96945,3.802147651006711,74500,21.510967741935485,336.51,89.8583870967742,9.25,0.097677,1
2017-04-01,2017,4,CIBIRU,2.3886,2.8326,2.9857,3.5523,6.9007,2.9397999999999995,3.206174496644295,74500,21.872666666666664,371.34,90.94333333333334,7.8,0.082365,0
2017-05-01,2017,5,CIBIRU,2.1436,2.3886,2.8326,2.9857,6.9612,2.587625,2.877315436241611,74500,21.852903225806454,209.88,90.35548387096775,7.0,0.073918,0
2017-06-01,2017,6,CIBIRU,1.6843,2.1436,2.3886,2.8326,6.5072,2.262275,2.260805369127517,74500,21.282666666666668,155.11,90.05266666666667,5.5,0.058078,0
2017-07-01,2017,7,CIBIRU,1.7761,1.6843,2.1436,2.3886,3.5523,1.9981499999999999,2.384026845637584,74500,20.681612903225805,89.05,89.09967741935485,5.8,0.061246,0
2017-08-01,2017,8,CIBIRU,1.9139,1.7761,1.6843,2.1436,2.9857,1.8794749999999998,2.568993288590604,74500,20.58225806451613,29.75,86.16129032258064,6.25,0.065998,0
2017-09-01,2017,9,CIBIRU,2.0671,1.9139,1.7761,1.6843,2.8326,1.86035,2.7746308724832214,74500,21.449666666666666,108.77000000000001,84.02466666666668,6.75,0.071278,0
2017-10-01,2017,10,CIBIRU,2.6336,2.0671,1.9139,1.7761,2.3886,2.0976749999999997,3.53503355704698,74500,22.156451612903226,516.17,87.77129032258064,8.6,0.090813,1
2017-11-01,2017,11,CIBIRU,2.7561,2.6336,2.0671,1.9139,2.1436,2.342675,3.699463087248322,74500,21.842666666666666,451.08,89.273,9.0,0.095037,1
2017-12-01,2017,12,CIBIRU,2.2661,2.7561,2.6336,2.0671,1.6843,2.430725,3.041744966442953,74500,21.30516129032258,259.67,89.88935483870968,7.4,0.078141,1
2018-01-01,2018,1,CIBIRU,8.4023,2.2661,2.7561,2.6336,1.7761,4.014525,11.278255033557047,74500,20.889032258064514,262.41,91.22258064516129,7.25,0.080022,1
2018-02-01,2018,2,CIBIRU,8.1126,8.4023,2.2661,2.7561,1.9139,5.384275,10.889395973154363,74500,21.117142857142856,517.61,91.1925,7.0,0.077263,1
2018-03-01,2018,3,CIBIRU,8.1126,8.1126,8.4023,2.2661,2.0671,6.7234,10.889395973154363,74500,21.65741935483871,387.92,89.85741935483871,7.0,0.077263,1
2018-04-01,2018,4,CIBIRU,8.1126,8.1126,8.1126,8.4023,2.6336,8.185025,10.889395973154363,74500,21.947,262.95,89.76933333333334,7.0,0.077263,0
2018-05-01,2018,5,CIBIRU,7.8228,8.1126,8.1126,8.1126,2.7561,8.04015,10.500402684563758,74500,21.772903225806452,120.22,88.87645161290322,6.75,0.074503,0
2018-06-01,2018,6,CIBIRU,6.3742,7.8228,8.1126,8.1126,2.2661,7.60555,8.555973154362416,74500,21.314333333333334,91.12,88.38766666666668,5.5,0.060706,0
2018-07-01,2018,7,CIBIRU,6.9536,6.3742,7.8228,8.1126,8.4023,7.3158,9.333691275167784,74500,19.885161290322582,5.63,85.66225806451614,6.0,0.066225,0
2018-08-01,2018,8,CIBIRU,7.5331,6.9536,6.3742,7.8228,8.1126,7.170925,10.111543624161074,74500,20.21161290322581,32.75,84.21451612903226,6.5,0.071744,0
2018-09-01,2018,9,CIBIRU,8.1126,7.5331,6.9536,6.3742,8.1126,7.243375,10.889395973154363,74500,21.037,96.61,83.175,7.0,0.077263,0
2018-10-01,2018,10,CIBIRU,9.5613,8.1126,7.5331,6.9536,8.1126,8.04015,12.833959731543622,74500,22.358709677419355,189.07,82.22838709677418,8.25,0.09106,1
2018-11-01,2018,11,CIBIRU,11.2997,9.5613,8.1126,7.5331,7.8228,9.126674999999999,15.16738255033557,74500,22.28033333333333,425.59000000000003,87.10799999999999,9.75,0.107616,1
2018-12-01,2018,12,CIBIRU,14.6026,11.2997,9.5613,8.1126,6.3742,10.89405,19.600805369127517,74500,21.870645161290323,411.58,90.10225806451614,12.6,0.139073,1
2019-01-01,2019,1,CIBIRU,30.0915,14.6026,11.2997,9.5613,6.9536,16.388775000000003,40.39127516778524,74500,21.614516129032257,413.94,90.2341935483871,28.5,0.17394,1
2019-02-01,2019,2,CIBIRU,36.4266,30.0915,14.6026,11.2997,7.5331,23.1051,48.894765100671144,74500,22.12642857142857,488.76,90.59357142857142,34.5,0.210558,1
2019-03-01,2019,3,CIBIRU,20.2722,36.4266,30.0915,14.6026,8.1126,25.348225,27.211006711409397,74500,21.675483870967742,289.9,89.77451612903226,19.2,0.11718,1
2019-04-01,2019,4,CIBIRU,14.5179,20.2722,36.4266,30.0915,9.5613,25.32705,19.487114093959732,74500,22.535333333333334,455.36,90.312,13.75,0.083918,0
2019-05-01,2019,5,CIBIRU,11.8782,14.5179,20.2722,36.4266,11.2997,20.773725000000002,15.943892617449663,74500,21.986451612903227,228.52,89.65741935483871,11.25,0.06866,0
2019-06-01,2019,6,CIBIRU,9.0803,11.8782,14.5179,20.2722,14.6026,13.937149999999999,12.188322147651006,74500,20.71066666666667,44.2,86.69033333333333,8.6,0.052487,0
2019-07-01,2019,7,CIBIRU,6.863,9.0803,11.8782,14.5179,30.0915,10.584850000000001,9.212080536912753,74500,20.04064516129032,28.17,86.75548387096775,6.5,0.03967,0
2019-08-01,2019,8,CIBIRU,7.6549,6.863,9.0803,11.8782,36.4266,8.8691,10.27503355704698,74500,19.98225806451613,19.74,84.07290322580646,7.25,0.044248,0
2019-09-01,2019,9,CIBIRU,7.1797,7.6549,6.863,9.0803,20.2722,7.694475,9.637181208053692,74500,20.884333333333334,9.68,80.54033333333334,6.8,0.041501,0
2019-10-01,2019,10,CIBIRU,8.1828,7.1797,7.6549,6.863,14.5179,7.4701,10.983624161073827,74500,22.31451612903226,80.15,78.2658064516129,7.75,0.047299,1
2019-11-01,2019,11,CIBIRU,9.2386,8.1828,7.1797,7.6549,11.8782,8.064,12.400805369127516,74500,22.717333333333332,209.04,81.00466666666667,8.75,0.053403,1
2019-12-01,2019,12,CIBIRU,11.6143,9.2386,8.1828,7.1797,9.0803,9.05385,15.589664429530202,74500,22.92322580645161,493.07,85.07225806451612,11.0,0.067135,1
2020-01-01,2020,1,CIBIRU,7.5952,11.6143,9.2386,8.1828,6.863,9.157725,10.19489932885906,74500,22.35483870967742,401.12,89.05290322580645,27.0,0.105489,1
2020-02-01,2020,2,CIBIRU,7.5249,7.5952,11.6143,9.2386,7.6549,8.99325,10.100536912751677,74500,21.99103448275862,629.82,91.53275862068965,26.75,0.104513,1
2020-03-01,2020,3,CIBIRU,10.352,7.5249,7.5952,11.6143,7.1797,9.2716,13.89530201342282,74500,22.194193548387098,613.86,91.3616129032258,36.8,0.143778,1
2020-04-01,2020,4,CIBIRU,7.6656,10.352,7.5249,7.5952,8.1828,8.284425,10.289395973154363,74500,22.423,359.35,90.376,27.25,0.106466,0
2020-05-01,2020,5,CIBIRU,6.5263,7.6656,10.352,7.5249,9.2386,8.017199999999999,8.760134228187919,74500,22.330322580645163,486.90999999999997,91.91612903225807,23.2,0.090643,0
2020-06-01,2020,6,CIBIRU,5.2041,6.5263,7.6656,10.352,11.6143,7.437,6.985369127516779,74500,21.551,159.0,90.95,18.5,0.07228,0
2020-07-01,2020,7,CIBIRU,3.3053,5.2041,6.5263,7.6656,7.5952,5.675325,4.436644295302013,74500,20.79548387096774,102.75,89.11064516129032,11.75,0.045907,0
2020-08-01,2020,8,CIBIRU,4.5571,3.3053,5.2041,6.5263,7.5249,4.8982,6.116912751677853,74500,21.360967741935486,57.29,87.45516129032258,16.2,0.063294,0
2020-09-01,2020,9,CIBIRU,4.2196,4.5571,3.3053,5.2041,10.352,4.321525,5.663892617449664,74500,21.523333333333333,195.74,86.688,15.0,0.058605,0
2020-10-01,2020,10,CIBIRU,4.0086,4.2196,4.5571,3.3053,7.6656,4.0226500000000005,5.380671140939598,74500,21.92290322580645,471.4,89.15064516129033,14.25,0.055675,1
2020-11-01,2020,11,CIBIRU,6.47,4.0086,4.2196,4.5571,6.5263,4.8138250000000005,8.684563758389261,74500,21.974333333333334,334.45,90.29199999999999,23.0,0.089861,1
2020-12-01,2020,12,CIBIRU,4.5712,6.47,4.0086,4.2196,5.2041,4.817349999999999,6.135838926174497,74500,21.280645161290323,315.84000000000003,91.29451612903226,16.25,0.063489,1
2021-01-01,2021,1,CIBIRU,6.5618,4.5712,6.47,4.0086,3.3053,5.4029,8.807785234899328,74500,21.016129032258064,342.89,91.80645161290323,14.6,0.069806,1
2021-02-01,2021,2,CIBIRU,7.0787,6.5618,4.5712,6.47,4.5571,6.170425000000001,9.501610738255035,74500,21.04357142857143,454.85,92.93928571428572,15.75,0.075305,1
2021-03-01,2021,3,CIBIRU,8.9888,7.0787,6.5618,4.5712,4.2196,6.8001249999999995,12.065503355704697,74500,21.4741935483871,611.72,89.84774193548388,20.0,0.095625,1
2021-04-01,2021,4,CIBIRU,8.5393,8.9888,7.0787,6.5618,4.0086,7.79215,11.462147651006712,74500,21.441333333333333,210.6,90.00566666666667,19.0,0.090844,0
2021-05-01,2021,5,CIBIRU,8.4494,8.5393,8.9888,7.0787,6.47,8.264050000000001,11.341476510067116,74500,22.094838709677422,206.06,90.47516129032257,18.8,0.089888,0
2021-06-01,2021,6,CIBIRU,9.6629,8.4494,8.5393,8.9888,4.5712,8.9101,12.970335570469798,74500,21.572,260.94,89.66933333333333,21.5,0.102797,0
2021-07-01,2021,7,CIBIRU,6.5169,9.6629,8.4494,8.5393,6.5618,8.292125,8.74751677852349,74500,20.67064516129032,72.52,88.60129032258064,14.5,0.069328,0
2021-08-01,2021,8,CIBIRU,6.4719,6.5169,9.6629,8.4494,7.0787,7.775275000000001,8.687114093959732,74500,21.206129032258065,111.66,88.73290322580644,14.4,0.06885,0
2021-09-01,2021,9,CIBIRU,6.0674,6.4719,6.5169,9.6629,8.9888,7.179775,8.144161073825504,74500,21.584666666666667,178.93,87.54133333333333,13.5,0.064547,0
2021-10-01,2021,10,CIBIRU,6.1124,6.0674,6.4719,6.5169,8.5393,6.2921499999999995,8.204563758389261,74500,22.29774193548387,291.15,86.82225806451612,13.6,0.065025,1
2021-11-01,2021,11,CIBIRU,9.7753,6.1124,6.0674,6.4719,8.4494,7.10675,13.121208053691275,74500,21.753666666666668,452.44,90.89566666666666,21.75,0.103992,1
2021-12-01,2021,12,CIBIRU,9.7753,9.7753,6.1124,6.0674,9.6629,7.932600000000001,13.121208053691275,74500,21.716129032258067,366.65000000000003,90.05903225806452,21.75,0.103992,1
2022-01-01,2022,1,CIBIRU,22.1287,9.7753,9.7753,6.1124,6.5169,11.947924999999998,29.702953020134228,74500,21.427419354838708,218.29,90.04,29.0,0.113481,1
2022-02-01,2022,2,CIBIRU,20.6026,22.1287,9.7753,9.7753,6.4719,15.570474999999998,27.6544966442953,74500,21.202499999999997,251.17000000000002,90.17285714285715,27.0,0.105654,1
2022-03-01,2022,3,CIBIRU,16.4058,20.6026,22.1287,9.7753,6.0674,17.228099999999998,22.021208053691275,74500,21.671290322580646,303.35,89.7316129032258,21.5,0.084132,1
2022-04-01,2022,4,CIBIRU,13.7351,16.4058,20.6026,22.1287,6.1124,18.218049999999998,18.436375838926175,74500,22.020333333333333,361.55,89.954,18.0,0.070436,0
2022-05-01,2022,5,CIBIRU,14.0403,13.7351,16.4058,20.6026,9.7753,16.19595,18.846040268456374,74500,22.018064516129034,249.94,90.39709677419354,18.4,0.072002,0
2022-06-01,2022,6,CIBIRU,14.1166,14.0403,13.7351,16.4058,9.7753,14.574449999999999,18.948456375838926,74500,21.217,211.8,90.89233333333333,18.5,0.072393,0
2022-07-01,2022,7,CIBIRU,13.7351,14.1166,14.0403,13.7351,22.1287,13.906775,18.436375838926175,74500,21.188064516129035,200.27,89.83903225806452,18.0,0.070436,0
2022-08-01,2022,8,CIBIRU,17.1689,13.7351,14.1166,14.0403,20.6026,14.765225,23.0455033557047,74500,21.362903225806452,138.33,88.19354838709677,22.5,0.088045,0
2022-09-01,2022,9,CIBIRU,16.9781,17.1689,13.7351,14.1166,16.4058,15.499675,22.789395973154363,74500,21.667333333333332,301.34999999999997,89.089,22.25,0.087067,0
2022-10-01,2022,10,CIBIRU,17.0925,16.9781,17.1689,13.7351,13.7351,16.24365,22.94295302013423,74500,21.640967741935484,426.72,90.4658064516129,22.4,0.087654,1
2022-11-01,2022,11,CIBIRU,16.7873,17.0925,16.9781,17.1689,14.0403,17.0067,22.533288590604023,74500,21.424,413.78,91.02466666666668,22.0,0.086089,1
2022-12-01,2022,12,CIBIRU,12.209,16.7873,17.0925,16.9781,14.1166,15.766725000000001,16.387919463087247,74500,21.384516129032257,353.8,90.81741935483872,16.0,0.06261,1
2023-01-01,2023,1,CIBIRU,4.458,12.209,16.7873,17.0925,13.7351,12.6367,5.983892617449665,74500,21.17322580645161,158.04,90.5667741935484,17.0,0.099068,1
2023-02-01,2023,2,CIBIRU,4.3925,4.458,12.209,16.7873,17.1689,9.461699999999999,5.895973154362416,74500,20.5825,359.16,91.09357142857142,16.75,0.097611,1
2023-03-01,2023,3,CIBIRU,4.0647,4.3925,4.458,12.209,16.9781,6.281049999999999,5.455973154362416,74500,21.701290322580647,334.8,90.1258064516129,15.5,0.090326,1
2023-04-01,2023,4,CIBIRU,3.7762,4.0647,4.3925,4.458,17.0925,4.1728499999999995,5.068724832214764,74500,22.06566666666667,272.96,89.87733333333334,14.4,0.083916,0
2023-05-01,2023,5,CIBIRU,4.1302,3.7762,4.0647,4.3925,16.7873,4.0908999999999995,5.543892617449664,74500,22.14774193548387,215.54000000000002,89.70709677419354,15.75,0.091783,0
2023-06-01,2023,6,CIBIRU,3.5402,4.1302,3.7762,4.0647,12.209,3.877824999999999,4.751946308724832,74500,21.829,148.52,89.866,13.5,0.078671,0
2023-07-01,2023,7,CIBIRU,2.8846,3.5402,4.1302,3.7762,4.458,3.582799999999999,3.871946308724832,74500,20.978387096774195,76.8,88.14032258064516,11.0,0.064103,0
2023-08-01,2023,8,CIBIRU,3.5402,2.8846,3.5402,4.1302,4.3925,3.523799999999999,4.751946308724832,74500,20.746129032258064,18.96,84.63129032258065,13.5,0.078671,0
2023-09-01,2023,9,CIBIRU,3.4091,3.5402,2.8846,3.5402,4.0647,3.343524999999999,4.575973154362416,74500,21.15533333333333,6.95,81.82133333333333,13.0,0.075758,0
2023-10-01,2023,10,CIBIRU,3.2517,3.4091,3.5402,2.8846,3.7762,3.271399999999999,4.364697986577181,74500,22.83225806451613,56.58,79.87290322580645,12.4,0.072261,1
2023-11-01,2023,11,CIBIRU,3.9336,3.2517,3.4091,3.5402,4.1302,3.5336499999999993,5.28,74500,23.137999999999998,379.14,84.75633333333333,15.0,0.087413,1
2023-12-01,2023,12,CIBIRU,3.6189,3.9336,3.2517,3.4091,3.5402,3.553324999999999,4.857583892617449,74500,22.862903225806452,231.32,86.83161290322582,13.8,0.08042,1
2024-01-01,2024,1,CIBIRU,23.3378,3.6189,3.9336,3.2517,2.8846,8.535499999999999,31.325906040268457,74500,22.437419354838713,598.42,89.78064516129032,18.25,0.089417,1
2024-02-01,2024,2,CIBIRU,25.5757,23.3378,3.6189,3.9336,3.5402,14.116499999999998,34.32979865771812,74500,22.73793103448276,474.35,89.5803448275862,20.0,0.097991,1
2024-03-01,2024,3,CIBIRU,33.5042,25.5757,23.3378,3.6189,3.4091,21.509149999999998,44.97208053691275,74500,22.405483870967743,391.27,90.65516129032258,26.2,0.128368,1
2024-04-01,2024,4,CIBIRU,30.6908,33.5042,25.5757,23.3378,3.2517,28.277124999999998,41.19570469798658,74500,23.169,323.82,90.12033333333333,24.0,0.117589,0
2024-05-01,2024,5,CIBIRU,30.6908,30.6908,33.5042,25.5757,3.9336,30.115374999999993,41.19570469798658,74500,22.799354838709675,122.81,88.94935483870967,24.0,0.117589,0
2024-06-01,2024,6,CIBIRU,21.2278,30.6908,30.6908,33.5042,3.6189,29.028399999999994,28.493691275167784,74500,22.169666666666668,235.73000000000002,89.03999999999999,16.6,0.081333,0
2024-07-01,2024,7,CIBIRU,17.903,21.2278,30.6908,30.6908,23.3378,25.128099999999996,24.030872483221476,74500,21.01290322580645,291.43,89.00387096774193,14.0,0.068594,0
2024-08-01,2024,8,CIBIRU,14.3863,17.903,21.2278,30.6908,25.5757,21.051974999999995,19.310469798657717,74500,21.080645161290324,79.38,86.01806451612903,11.25,0.05512,0
2024-09-01,2024,9,CIBIRU,13.8109,14.3863,17.903,21.2278,33.5042,16.831999999999997,18.53812080536913,74500,21.895333333333333,329.11,85.34933333333333,10.8,0.052915,0
2024-10-01,2024,10,CIBIRU,15.6651,13.8109,14.3863,17.903,30.6908,15.441324999999996,21.026979865771814,74500,22.643225806451614,85.42999999999999,85.1325806451613,12.25,0.06002,1
2024-11-01,2024,11,CIBIRU,15.0257,15.6651,13.8109,14.3863,30.6908,14.721999999999998,20.168724832214767,74500,22.590333333333334,530.84,88.96533333333333,11.75,0.05757,1
2024-12-01,2024,12,CIBIRU,19.1818,15.0257,15.6651,13.8109,21.2278,15.920874999999995,25.74738255033557,74500,21.753870967741936,329.88,91.23483870967742,15.0,0.073493,1
2016-01-01,2016,1,CICENDO,13.4967,,,,,13.4967,13.986217616580312,96500,22.434516129032257,396.61,88.54548387096774,25.6,0.124969,1
2016-02-01,2016,2,CICENDO,18.0571,13.4967,,,,15.7769,18.712020725388598,96500,22.00206896551724,468.95,90.91551724137932,34.25,0.167196,1
2016-03-01,2016,3,CICENDO,13.7076,18.0571,13.4967,,,15.087133333333332,14.204766839378237,96500,22.740322580645163,477.1,90.77612903225807,26.0,0.126922,1
2016-04-01,2016,4,CICENDO,12.3896,13.7076,18.0571,13.4967,,14.412749999999999,12.838963730569947,96500,22.466,489.21,91.35133333333333,23.5,0.114718,0
2016-05-01,2016,5,CICENDO,8.7518,12.3896,13.7076,18.0571,,13.226524999999999,9.069222797927461,96500,22.4,251.60999999999999,90.83612903225807,16.6,0.081035,0
2016-06-01,2016,6,CICENDO,6.1948,8.7518,12.3896,13.7076,,10.260950000000001,6.419481865284974,96500,21.715333333333334,176.73,88.34833333333333,11.75,0.057359,0
2016-07-01,2016,7,CICENDO,5.7994,6.1948,8.7518,12.3896,13.4967,8.2839,6.009740932642487,96500,21.557419354838707,300.44,89.96677419354839,11.0,0.053698,0
2016-08-01,2016,8,CICENDO,5.9312,5.7994,6.1948,8.7518,18.0571,6.6693,6.146321243523316,96500,21.18967741935484,190.43,88.61,11.25,0.054918,0
2016-09-01,2016,9,CICENDO,5.9312,5.9312,5.7994,6.1948,13.7076,5.96415,6.146321243523316,96500,21.71033333333333,438.58,89.848,11.25,0.054918,0
2016-10-01,2016,10,CICENDO,6.0103,5.9312,5.9312,5.7994,12.3896,5.918025,6.228290155440414,96500,21.464193548387097,440.99,91.19935483870967,11.4,0.05565,1
2016-11-01,2016,11,CICENDO,6.063,6.0103,5.9312,5.9312,8.7518,5.983924999999999,6.2829015544041455,96500,21.88,430.71999999999997,90.57866666666668,11.5,0.056139,1
2016-12-01,2016,12,CICENDO,5.6676,6.063,6.0103,5.9312,6.1948,5.918025,5.8731606217616585,96500,21.13935483870968,188.26,90.15129032258065,10.75,0.052477,1
2017-01-01,2017,1,CICENDO,4.1647,5.6676,6.063,6.0103,5.7994,5.4764,4.315751295336788,96500,21.030645161290323,295.58,90.34,11.6,0.122492,1
2017-02-01,2017,2,CICENDO,3.5005,4.1647,5.6676,6.063,5.9312,4.84895,3.627461139896373,96500,21.141428571428573,478.78000000000003,91.32892857142858,9.75,0.102957,1
2017-03-01,2017,3,CICENDO,3.321,3.5005,4.1647,5.6676,5.9312,4.16345,3.4414507772020726,96500,21.510967741935485,336.51,89.8583870967742,9.25,0.097677,1
2017-04-01,2017,4,CICENDO,2.8004,3.321,3.5005,4.1647,6.0103,3.44665,2.9019689119170984,96500,21.872666666666664,371.34,90.94333333333334,7.8,0.082365,0
2017-05-01,2017,5,CICENDO,2.5132,2.8004,3.321,3.5005,6.063,3.0337750000000003,2.6043523316062176,96500,21.852903225806454,209.88,90.35548387096775,7.0,0.073918,0
2017-06-01,2017,6,CICENDO,1.9747,2.5132,2.8004,3.321,5.6676,2.6523250000000003,2.046321243523316,96500,21.282666666666668,155.11,90.05266666666667,5.5,0.058078,0
2017-07-01,2017,7,CICENDO,2.0824,1.9747,2.5132,2.8004,4.1647,2.342675,2.1579274611398964,96500,20.681612903225805,89.05,89.09967741935485,5.8,0.061246,0
2017-08-01,2017,8,CICENDO,2.2439,2.0824,1.9747,2.5132,3.5005,2.20355,2.3252849740932646,96500,20.58225806451613,29.75,86.16129032258064,6.25,0.065998,0
2017-09-01,2017,9,CICENDO,2.4234,2.2439,2.0824,1.9747,3.321,2.1811,2.511295336787565,96500,21.449666666666666,108.77000000000001,84.02466666666668,6.75,0.071278,0
2017-10-01,2017,10,CICENDO,3.0876,2.4234,2.2439,2.0824,2.8004,2.4593249999999998,3.1995854922279796,96500,22.156451612903226,516.17,87.77129032258064,8.6,0.090813,1
2017-11-01,2017,11,CICENDO,3.2313,3.0876,2.4234,2.2439,2.5132,2.74655,3.348497409326425,96500,21.842666666666666,451.08,89.273,9.0,0.095037,1
2017-12-01,2017,12,CICENDO,2.6568,3.2313,3.0876,2.4234,1.9747,2.849775,2.753160621761658,96500,21.30516129032258,259.67,89.88935483870968,7.4,0.078141,1
2018-01-01,2018,1,CICENDO,7.4421,2.6568,3.2313,3.0876,2.0824,4.10445,7.712020725388601,96500,20.889032258064514,262.41,91.22258064516129,7.25,0.080022,1
2018-02-01,2018,2,CICENDO,7.1854,7.4421,2.6568,3.2313,2.2439,5.1289,7.446010362694301,96500,21.117142857142856,517.61,91.1925,7.0,0.077263,1
2018-03-01,2018,3,CICENDO,7.1854,7.1854,7.4421,2.6568,2.4234,6.117425,7.446010362694301,96500,21.65741935483871,387.92,89.85741935483871,7.0,0.077263,1
2018-04-01,2018,4,CICENDO,7.1854,7.1854,7.1854,7.4421,3.0876,7.249575,7.446010362694301,96500,21.947,262.95,89.76933333333334,7.0,0.077263,0
2018-05-01,2018,5,CICENDO,6.9288,7.1854,7.1854,7.1854,3.2313,7.12125,7.180103626943004,96500,21.772903225806452,120.22,88.87645161290322,6.75,0.074503,0
2018-06-01,2018,6,CICENDO,5.6457,6.9288,7.1854,7.1854,2.6568,6.736324999999999,5.850466321243522,96500,21.314333333333334,91.12,88.38766666666668,5.5,0.060706,0
2018-07-01,2018,7,CICENDO,6.1589,5.6457,6.9288,7.1854,7.4421,6.479699999999999,6.382279792746114,96500,19.885161290322582,5.63,85.66225806451614,6.0,0.066225,0
2018-08-01,2018,8,CICENDO,6.6722,6.1589,5.6457,6.9288,7.1854,6.3514,6.914196891191709,96500,20.21161290322581,32.75,84.21451612903226,6.5,0.071744,0
2018-09-01,2018,9,CICENDO,7.1854,6.6722,6.1589,5.6457,7.1854,6.41555,7.446010362694301,96500,21.037,96.61,83.175,7.0,0.077263,0
2018-10-01,2018,10,CICENDO,8.4685,7.1854,6.6722,6.1589,7.1854,7.12125,8.775647668393782,96500,22.358709677419355,189.07,82.22838709677418,8.25,0.09106,1
2018-11-01,2018,11,CICENDO,10.0083,8.4685,7.1854,6.6722,6.9288,8.0836,10.371295336787565,96500,22.28033333333333,425.59000000000003,87.10799999999999,9.75,0.107616,1
2018-12-01,2018,12,CICENDO,12.9338,10.0083,8.4685,7.1854,5.6457,9.649000000000001,13.402901554404146,96500,21.870645161290323,411.58,90.10225806451614,12.6,0.139073,1
2019-01-01,2019,1,CICENDO,19.1334,12.9338,10.0083,8.4685,6.1589,12.636000000000001,19.82735751295337,96500,21.614516129032257,413.94,90.2341935483871,28.5,0.17394,1
2019-02-01,2019,2,CICENDO,23.1614,19.1334,12.9338,10.0083,6.6722,16.309225,24.001450777202074,96500,22.12642857142857,488.76,90.59357142857142,34.5,0.210558,1
2019-03-01,2019,3,CICENDO,12.8898,23.1614,19.1334,12.9338,7.1854,17.0296,13.357305699481865,96500,21.675483870967742,289.9,89.77451612903226,19.2,0.11718,1
2019-04-01,2019,4,CICENDO,9.231,12.8898,23.1614,19.1334,8.4685,16.1039,9.56580310880829,96500,22.535333333333334,455.36,90.312,13.75,0.083918,0
2019-05-01,2019,5,CICENDO,7.5526,9.231,12.8898,23.1614,10.0083,13.2087,7.826528497409327,96500,21.986451612903227,228.52,89.65741935483871,11.25,0.06866,0
2019-06-01,2019,6,CICENDO,5.7736,7.5526,9.231,12.8898,12.9338,8.86175,5.98300518134715,96500,20.71066666666667,44.2,86.69033333333333,8.6,0.052487,0
2019-07-01,2019,7,CICENDO,4.3637,5.7736,7.5526,9.231,19.1334,6.730224999999999,4.5219689119170985,96500,20.04064516129032,28.17,86.75548387096775,6.5,0.03967,0
2019-08-01,2019,8,CICENDO,4.8673,4.3637,5.7736,7.5526,23.1614,5.6393,5.043834196891193,96500,19.98225806451613,19.74,84.07290322580646,7.25,0.044248,0
2019-09-01,2019,9,CICENDO,4.5652,4.8673,4.3637,5.7736,12.8898,4.89245,4.730777202072539,96500,20.884333333333334,9.68,80.54033333333334,6.8,0.041501,0
2019-10-01,2019,10,CICENDO,5.2029,4.5652,4.8673,4.3637,9.231,4.749775,5.391606217616579,96500,22.31451612903226,80.15,78.2658064516129,7.75,0.047299,1
2019-11-01,2019,11,CICENDO,5.8743,5.2029,4.5652,4.8673,7.5526,5.127425,6.087357512953368,96500,22.717333333333332,209.04,81.00466666666667,8.75,0.053403,1
2019-12-01,2019,12,CICENDO,7.3848,5.8743,5.2029,4.5652,5.7736,5.7568,7.6526424870466325,96500,22.92322580645161,493.07,85.07225806451612,11.0,0.067135,1
2020-01-01,2020,1,CICENDO,8.6501,7.3848,5.8743,5.2029,4.3637,6.7780249999999995,8.963834196891192,96500,22.35483870967742,401.12,89.05290322580645,27.0,0.105489,1
2020-02-01,2020,2,CICENDO,8.57,8.6501,7.3848,5.8743,4.8673,7.6198,8.880829015544041,96500,21.99103448275862,629.82,91.53275862068965,26.75,0.104513,1
2020-03-01,2020,3,CICENDO,11.7898,8.57,8.6501,7.3848,4.5652,9.098675,12.217409326424871,96500,22.194193548387098,613.86,91.3616129032258,36.8,0.143778,1
2020-04-01,2020,4,CICENDO,8.7302,11.7898,8.57,8.6501,5.2029,9.435025,9.046839378238342,96500,22.423,359.35,90.376,27.25,0.106466,0
2020-05-01,2020,5,CICENDO,7.4327,8.7302,11.7898,8.57,5.8743,9.130675,7.702279792746113,96500,22.330322580645163,486.90999999999997,91.91612903225807,23.2,0.090643,0
2020-06-01,2020,6,CICENDO,5.9269,7.4327,8.7302,11.7898,7.3848,8.469899999999999,6.141865284974093,96500,21.551,159.0,90.95,18.5,0.07228,0
2020-07-01,2020,7,CICENDO,3.7644,5.9269,7.4327,8.7302,8.6501,6.46355,3.900932642487047,96500,20.79548387096774,102.75,89.11064516129032,11.75,0.045907,0
2020-08-01,2020,8,CICENDO,5.1901,3.7644,5.9269,7.4327,8.57,5.578525,5.378341968911918,96500,21.360967741935486,57.29,87.45516129032258,16.2,0.063294,0
2020-09-01,2020,9,CICENDO,4.8056,5.1901,3.7644,5.9269,11.7898,4.921749999999999,4.979896373056995,96500,21.523333333333333,195.74,86.688,15.0,0.058605,0
2020-10-01,2020,10,CICENDO,4.5653,4.8056,5.1901,3.7644,8.7302,4.58135,4.730880829015544,96500,21.92290322580645,471.4,89.15064516129033,14.25,0.055675,1
2020-11-01,2020,11,CICENDO,7.3686,4.5653,4.8056,5.1901,7.4327,5.4824,7.635854922279793,96500,21.974333333333334,334.45,90.29199999999999,23.0,0.089861,1
2020-12-01,2020,12,CICENDO,5.2061,7.3686,4.5653,4.8056,5.9269,5.4864,5.3949222797927465,96500,21.280645161290323,315.84000000000003,91.29451612903226,16.25,0.063489,1
2021-01-01,2021,1,CICENDO,7.9579,5.2061,7.3686,4.5653,3.7644,6.274475000000001,8.246528497409326,96500,21.016129032258064,342.89,91.80645161290323,14.6,0.069806,1
2021-02-01,2021,2,CICENDO,8.5847,7.9579,5.2061,7.3686,5.1901,7.279325,8.896062176165803,96500,21.04357142857143,454.85,92.93928571428572,15.75,0.075305,1
2021-03-01,2021,3,CICENDO,10.9013,8.5847,7.9579,5.2061,4.8056,8.1625,11.296683937823834,96500,21.4741935483871,611.72,89.84774193548388,20.0,0.095625,1
2021-04-01,2021,4,CICENDO,10.3562,10.9013,8.5847,7.9579,4.5653,9.450025,10.731813471502589,96500,21.441333333333333,210.6,90.00566666666667,19.0,0.090844,0
2021-05-01,2021,5,CICENDO,10.2472,10.3562,10.9013,8.5847,7.3686,10.02235,10.618860103626943,96500,22.094838709677422,206.06,90.47516129032257,18.8,0.089888,0
2021-06-01,2021,6,CICENDO,11.7189,10.2472,10.3562,10.9013,5.2061,10.8059,12.143937823834197,96500,21.572,260.94,89.66933333333333,21.5,0.102797,0
2021-07-01,2021,7,CICENDO,7.9034,11.7189,10.2472,10.3562,7.9579,10.056425,8.190051813471504,96500,20.67064516129032,72.52,88.60129032258064,14.5,0.069328,0
2021-08-01,2021,8,CICENDO,7.8489,7.9034,11.7189,10.2472,8.5847,9.4296,8.13357512953368,96500,21.206129032258065,111.66,88.73290322580644,14.4,0.06885,0
2021-09-01,2021,9,CICENDO,7.3584,7.8489,7.9034,11.7189,10.9013,8.7074,7.625284974093264,96500,21.584666666666667,178.93,87.54133333333333,13.5,0.064547,0
2021-10-01,2021,10,CICENDO,7.4129,7.3584,7.8489,7.9034,10.3562,7.6309000000000005,7.681761658031087,96500,22.29774193548387,291.15,86.82225806451612,13.6,0.065025,1
2021-11-01,2021,11,CICENDO,11.8551,7.4129,7.3584,7.8489,10.2472,8.618825000000001,12.285077720207253,96500,21.753666666666668,452.44,90.89566666666666,21.75,0.103992,1
2021-12-01,2021,12,CICENDO,11.8551,11.8551,7.4129,7.3584,11.7189,9.620375,12.285077720207253,96500,21.716129032258067,366.65000000000003,90.05903225806452,21.75,0.103992,1
2022-01-01,2022,1,CICENDO,20.1996,11.8551,11.8551,7.4129,7.9034,12.830675,20.93222797927461,96500,21.427419354838708,218.29,90.04,29.0,0.113481,1
2022-02-01,2022,2,CICENDO,18.8065,20.1996,11.8551,11.8551,7.8489,15.679075000000001,19.48860103626943,96500,21.202499999999997,251.17000000000002,90.17285714285715,27.0,0.105654,1
2022-03-01,2022,3,CICENDO,14.9755,18.8065,20.1996,11.8551,7.3584,16.459175000000002,15.518652849740933,96500,21.671290322580646,303.35,89.7316129032258,21.5,0.084132,1
2022-04-01,2022,4,CICENDO,12.5377,14.9755,18.8065,20.1996,7.4129,16.629825,12.99243523316062,96500,22.020333333333333,361.55,89.954,18.0,0.070436,0
2022-05-01,2022,5,CICENDO,12.8163,12.5377,14.9755,18.8065,11.8551,14.783999999999999,13.281139896373059,96500,22.018064516129034,249.94,90.39709677419354,18.4,0.072002,0
2022-06-01,2022,6,CICENDO,12.8859,12.8163,12.5377,14.9755,11.8551,13.303849999999999,13.353264248704662,96500,21.217,211.8,90.89233333333333,18.5,0.072393,0
2022-07-01,2022,7,CICENDO,12.5377,12.8859,12.8163,12.5377,20.1996,12.6944,12.99243523316062,96500,21.188064516129035,200.27,89.83903225806452,18.0,0.070436,0
2022-08-01,2022,8,CICENDO,15.6721,12.5377,12.8859,12.8163,18.8065,13.478,16.240518134715025,96500,21.362903225806452,138.33,88.19354838709677,22.5,0.088045,0
2022-09-01,2022,9,CICENDO,15.4979,15.6721,12.5377,12.8859,14.9755,14.148399999999999,16.06,96500,21.667333333333332,301.34999999999997,89.089,22.25,0.087067,0
2022-10-01,2022,10,CICENDO,15.6024,15.4979,15.6721,12.5377,12.5377,14.827525,16.168290155440413,96500,21.640967741935484,426.72,90.4658064516129,22.4,0.087654,1
2022-11-01,2022,11,CICENDO,15.3238,15.6024,15.4979,15.6721,12.8163,15.524049999999999,15.87958549222798,96500,21.424,413.78,91.02466666666668,22.0,0.086089,1
2022-12-01,2022,12,CICENDO,11.1446,15.3238,15.6024,15.4979,12.8859,14.392175,11.548808290155442,96500,21.384516129032257,353.8,90.81741935483872,16.0,0.06261,1
2023-01-01,2023,1,CICENDO,4.2599,11.1446,15.3238,15.6024,12.5377,11.582675000000002,4.41440414507772,96500,21.17322580645161,158.04,90.5667741935484,17.0,0.099068,1
2023-02-01,2023,2,CICENDO,4.1973,4.2599,11.1446,15.3238,15.6721,8.7314,4.349533678756477,96500,20.5825,359.16,91.09357142857142,16.75,0.097611,1
2023-03-01,2023,3,CICENDO,3.884,4.1973,4.2599,11.1446,15.4979,5.87145,4.024870466321244,96500,21.701290322580647,334.8,90.1258064516129,15.5,0.090326,1
2023-04-01,2023,4,CICENDO,3.6084,3.884,4.1973,4.2599,15.6024,3.9874,3.739274611398964,96500,22.06566666666667,272.96,89.87733333333334,14.4,0.083916,0
2023-05-01,2023,5,CICENDO,3.9467,3.6084,3.884,4.1973,15.3238,3.9091,4.089844559585492,96500,22.14774193548387,215.54000000000002,89.70709677419354,15.75,0.091783,0
2023-06-01,2023,6,CICENDO,3.3829,3.9467,3.6084,3.884,11.1446,3.7055,3.505595854922279,96500,21.829,148.52,89.866,13.5,0.078671,0
2023-07-01,2023,7,CICENDO,2.7564,3.3829,3.9467,3.6084,4.2599,3.4236,2.856373056994819,96500,20.978387096774195,76.8,88.14032258064516,11.0,0.064103,0
2023-08-01,2023,8,CICENDO,3.3829,2.7564,3.3829,3.9467,4.1973,3.367225,3.505595854922279,96500,20.746129032258064,18.96,84.63129032258065,13.5,0.078671,0
2023-09-01,2023,9,CICENDO,3.2576,3.3829,2.7564,3.3829,3.884,3.19495,3.375751295336787,96500,21.15533333333333,6.95,81.82133333333333,13.0,0.075758,0
2023-10-01,2023,10,CICENDO,3.1072,3.2576,3.3829,2.7564,3.6084,3.1260250000000003,3.219896373056995,96500,22.83225806451613,56.58,79.87290322580645,12.4,0.072261,1
2023-11-01,2023,11,CICENDO,3.7587,3.1072,3.2576,3.3829,3.9467,3.3766,3.8950259067357518,96500,23.137999999999998,379.14,84.75633333333333,15.0,0.087413,1
2023-12-01,2023,12,CICENDO,3.458,3.7587,3.1072,3.2576,3.3829,3.395375,3.5834196891191716,96500,22.862903225806452,231.32,86.83161290322582,13.8,0.08042,1
2024-01-01,2024,1,CICENDO,17.4363,3.458,3.7587,3.1072,2.7564,6.940049999999999,18.068704663212433,96500,22.437419354838713,598.42,89.78064516129032,18.25,0.089417,1
2024-02-01,2024,2,CICENDO,19.1083,17.4363,3.458,3.7587,3.3829,10.940325000000001,19.801347150259065,96500,22.73793103448276,474.35,89.5803448275862,20.0,0.097991,1
2024-03-01,2024,3,CICENDO,25.0318,19.1083,17.4363,3.458,3.2576,16.2586,25.939689119170986,96500,22.405483870967743,391.27,90.65516129032258,26.2,0.128368,1
2024-04-01,2024,4,CICENDO,22.9299,25.0318,19.1083,17.4363,3.1072,21.126575,23.761554404145077,96500,23.169,323.82,90.12033333333333,24.0,0.117589,0
2024-05-01,2024,5,CICENDO,22.9299,22.9299,25.0318,19.1083,3.7587,22.499975,23.761554404145077,96500,22.799354838709675,122.81,88.94935483870967,24.0,0.117589,0
2024-06-01,2024,6,CICENDO,15.8599,22.9299,22.9299,25.0318,3.458,21.687875,16.435129533678754,96500,22.169666666666668,235.73000000000002,89.03999999999999,16.6,0.081333,0
2024-07-01,2024,7,CICENDO,13.3758,15.8599,22.9299,22.9299,17.4363,18.773875,13.860932642487047,96500,21.01290322580645,291.43,89.00387096774193,14.0,0.068594,0
2024-08-01,2024,8,CICENDO,10.7484,13.3758,15.8599,22.9299,19.1083,15.728499999999999,11.138238341968911,96500,21.080645161290324,79.38,86.01806451612903,11.25,0.05512,0
2024-09-01,2024,9,CICENDO,10.3185,10.7484,13.3758,15.8599,25.0318,12.57565,10.692746113989637,96500,21.895333333333333,329.11,85.34933333333333,10.8,0.052915,0
2024-10-01,2024,10,CICENDO,11.7038,10.3185,10.7484,13.3758,22.9299,11.536625,12.128290155440414,96500,22.643225806451614,85.42999999999999,85.1325806451613,12.25,0.06002,1
2024-11-01,2024,11,CICENDO,11.2261,11.7038,10.3185,10.7484,22.9299,10.9992,11.633264248704663,96500,22.590333333333334,530.84,88.96533333333333,11.75,0.05757,1
2024-12-01,2024,12,CICENDO,14.3312,11.2261,11.7038,10.3185,15.8599,11.8949,14.85098445595855,96500,21.753870967741936,329.88,91.23483870967742,15.0,0.073493,1
2016-01-01,2016,1,CIDADAP,8.4979,,,,,8.4979,15.422686025408348,55100,22.434516129032257,396.61,88.54548387096774,25.6,0.124969,1
2016-02-01,2016,2,CIDADAP,11.3693,8.4979,,,,9.9336,20.633938294010893,55100,22.00206896551724,468.95,90.91551724137932,34.25,0.167196,1
2016-03-01,2016,3,CIDADAP,8.6307,11.3693,8.4979,,,9.4993,15.66370235934664,55100,22.740322580645163,477.1,90.77612903225807,26.0,0.126922,1
2016-04-01,2016,4,CIDADAP,7.8008,8.6307,11.3693,8.4979,,9.074675,14.157531760435573,55100,22.466,489.21,91.35133333333333,23.5,0.114718,0
2016-05-01,2016,5,CIDADAP,5.5104,7.8008,8.6307,11.3693,,8.3278,10.000725952813067,55100,22.4,251.60999999999999,90.83612903225807,16.6,0.081035,0
2016-06-01,2016,6,CIDADAP,3.9004,5.5104,7.8008,8.6307,,6.4605749999999995,7.078765880217786,55100,21.715333333333334,176.73,88.34833333333333,11.75,0.057359,0
2016-07-01,2016,7,CIDADAP,3.6515,3.9004,5.5104,7.8008,8.4979,5.215774999999999,6.627041742286751,55100,21.557419354838707,300.44,89.96677419354839,11.0,0.053698,0
2016-08-01,2016,8,CIDADAP,3.7344,3.6515,3.9004,5.5104,11.3693,4.199174999999999,6.777495462794918,55100,21.18967741935484,190.43,88.61,11.25,0.054918,0
2016-09-01,2016,9,CIDADAP,3.7344,3.7344,3.6515,3.9004,8.6307,3.755175,6.777495462794918,55100,21.71033333333333,438.58,89.848,11.25,0.054918,0
2016-10-01,2016,10,CIDADAP,3.7842,3.7344,3.7344,3.6515,7.8008,3.726125,6.867876588021779,55100,21.464193548387097,440.99,91.19935483870967,11.4,0.05565,1
2016-11-01,2016,11,CIDADAP,3.8174,3.7842,3.7344,3.7344,5.5104,3.7676,6.928130671506352,55100,21.88,430.71999999999997,90.57866666666668,11.5,0.056139,1
2016-12-01,2016,12,CIDADAP,3.5685,3.8174,3.7842,3.7344,3.9004,3.7261249999999997,6.476406533575317,55100,21.13935483870968,188.26,90.15129032258065,10.75,0.052477,1
2017-01-01,2017,1,CIDADAP,1.4699,3.5685,3.8174,3.7842,3.6515,3.16,2.667695099818512,55100,21.030645161290323,295.58,90.34,11.6,0.122492,1
2017-02-01,2017,2,CIDADAP,1.2355,1.4699,3.5685,3.8174,3.7344,2.522825,2.2422867513611617,55100,21.141428571428573,478.78000000000003,91.32892857142858,9.75,0.102957,1
2017-03-01,2017,3,CIDADAP,1.1721,1.2355,1.4699,3.5685,3.7344,1.8615,2.127223230490018,55100,21.510967741935485,336.51,89.8583870967742,9.25,0.097677,1
2017-04-01,2017,4,CIDADAP,0.9884,1.1721,1.2355,1.4699,3.7842,1.216475,1.793829401088929,55100,21.872666666666664,371.34,90.94333333333334,7.8,0.082365,0
2017-05-01,2017,5,CIDADAP,0.887,0.9884,1.1721,1.2355,3.8174,1.0707499999999999,1.6098003629764066,55100,21.852903225806454,209.88,90.35548387096775,7.0,0.073918,0
2017-06-01,2017,6,CIDADAP,0.6969,0.887,0.9884,1.1721,3.5685,0.9360999999999999,1.2647912885662431,55100,21.282666666666668,155.11,90.05266666666667,5.5,0.058078,0
2017-07-01,2017,7,CIDADAP,0.735,0.6969,0.887,0.9884,1.4699,0.8268249999999999,1.3339382940108893,55100,20.681612903225805,89.05,89.09967741935485,5.8,0.061246,0
2017-08-01,2017,8,CIDADAP,0.792,0.735,0.6969,0.887,1.2355,0.777725,1.4373865698729582,55100,20.58225806451613,29.75,86.16129032258064,6.25,0.065998,0
2017-09-01,2017,9,CIDADAP,0.8553,0.792,0.735,0.6969,1.1721,0.7698,1.5522686025408348,55100,21.449666666666666,108.77000000000001,84.02466666666668,6.75,0.071278,0
2017-10-01,2017,10,CIDADAP,1.0898,0.8553,0.792,0.735,0.9884,0.868025,1.9778584392014522,55100,22.156451612903226,516.17,87.77129032258064,8.6,0.090813,1
2017-11-01,2017,11,CIDADAP,1.1404,1.0898,0.8553,0.792,0.887,0.969375,2.0696914700544466,55100,21.842666666666666,451.08,89.273,9.0,0.095037,1
2017-12-01,2017,12,CIDADAP,0.9377,1.1404,1.0898,0.8553,0.6969,1.0058,1.701814882032668,55100,21.30516129032258,259.67,89.88935483870968,7.4,0.078141,1
2018-01-01,2018,1,CIDADAP,3.601,0.9377,1.1404,1.0898,0.735,1.692225,6.535390199637024,55100,20.889032258064514,262.41,91.22258064516129,7.25,0.080022,1
2018-02-01,2018,2,CIDADAP,3.4768,3.601,0.9377,1.1404,0.792,2.2889749999999998,6.309981851179672,55100,21.117142857142856,517.61,91.1925,7.0,0.077263,1
2018-03-01,2018,3,CIDADAP,3.4768,3.4768,3.601,0.9377,0.8553,2.873075,6.309981851179672,55100,21.65741935483871,387.92,89.85741935483871,7.0,0.077263,1
2018-04-01,2018,4,CIDADAP,3.4768,3.4768,3.4768,3.601,1.0898,3.5078500000000004,6.309981851179672,55100,21.947,262.95,89.76933333333334,7.0,0.077263,0
2018-05-01,2018,5,CIDADAP,3.3526,3.4768,3.4768,3.4768,1.1404,3.44575,6.084573502722323,55100,21.772903225806452,120.22,88.87645161290322,6.75,0.074503,0
2018-06-01,2018,6,CIDADAP,2.7318,3.3526,3.4768,3.4768,0.9377,3.2595,4.957894736842105,55100,21.314333333333334,91.12,88.38766666666668,5.5,0.060706,0
2018-07-01,2018,7,CIDADAP,2.9801,2.7318,3.3526,3.4768,3.601,3.135325,5.408529945553539,55100,19.885161290322582,5.63,85.66225806451614,6.0,0.066225,0
2018-08-01,2018,8,CIDADAP,3.2285,2.9801,2.7318,3.3526,3.4768,3.07325,5.859346642468239,55100,20.21161290322581,32.75,84.21451612903226,6.5,0.071744,0
2018-09-01,2018,9,CIDADAP,3.4768,3.2285,2.9801,2.7318,3.4768,3.1043,6.309981851179672,55100,21.037,96.61,83.175,7.0,0.077263,0
2018-10-01,2018,10,CIDADAP,4.0977,3.4768,3.2285,2.9801,3.4768,3.445775,7.436842105263157,55100,22.358709677419355,189.07,82.22838709677418,8.25,0.09106,1
2018-11-01,2018,11,CIDADAP,4.8427,4.0977,3.4768,3.2285,3.3526,3.9114249999999995,8.788929219600726,55100,22.28033333333333,425.59000000000003,87.10799999999999,9.75,0.107616,1
2018-12-01,2018,12,CIDADAP,6.2583,4.8427,4.0977,3.4768,2.7318,4.668875,11.358076225045373,55100,21.870645161290323,411.58,90.10225806451614,12.6,0.139073,1
2019-01-01,2019,1,CIDADAP,20.3509,6.2583,4.8427,4.0977,2.9801,8.8874,36.93448275862069,55100,21.614516129032257,413.94,90.2341935483871,28.5,0.17394,1
2019-02-01,2019,2,CIDADAP,24.6353,20.3509,6.2583,4.8427,3.2285,14.0218,44.71016333938294,55100,22.12642857142857,488.76,90.59357142857142,34.5,0.210558,1
2019-03-01,2019,3,CIDADAP,13.7101,24.6353,20.3509,6.2583,3.4768,16.23865,24.882214156079858,55100,21.675483870967742,289.9,89.77451612903226,19.2,0.11718,1
2019-04-01,2019,4,CIDADAP,9.8184,13.7101,24.6353,20.3509,4.0977,17.128675,17.81923774954628,55100,22.535333333333334,455.36,90.312,13.75,0.083918,0
2019-05-01,2019,5,CIDADAP,8.0333,9.8184,13.7101,24.6353,4.8427,14.049275000000002,14.579491833030854,55100,21.986451612903227,228.52,89.65741935483871,11.25,0.06866,0
2019-06-01,2019,6,CIDADAP,6.141,8.0333,9.8184,13.7101,6.2583,9.4257,11.14519056261343,55100,20.71066666666667,44.2,86.69033333333333,8.6,0.052487,0
2019-07-01,2019,7,CIDADAP,4.6414,6.141,8.0333,9.8184,20.3509,7.158525000000001,8.423593466424682,55100,20.04064516129032,28.17,86.75548387096775,6.5,0.03967,0
2019-08-01,2019,8,CIDADAP,5.177,4.6414,6.141,8.0333,24.6353,5.998175000000001,9.395644283121596,55100,19.98225806451613,19.74,84.07290322580646,7.25,0.044248,0
2019-09-01,2019,9,CIDADAP,4.8557,5.177,4.6414,6.141,13.7101,5.203775,8.812522686025408,55100,20.884333333333334,9.68,80.54033333333334,6.8,0.041501,0
2019-10-01,2019,10,CIDADAP,5.534,4.8557,5.177,4.6414,9.8184,5.052025,10.04355716878403,55100,22.31451612903226,80.15,78.2658064516129,7.75,0.047299,1
2019-11-01,2019,11,CIDADAP,6.2481,5.534,4.8557,5.177,8.0333,5.4537,11.33956442831216,55100,22.717333333333332,209.04,81.00466666666667,8.75,0.053403,1
2019-12-01,2019,12,CIDADAP,7.8547,6.2481,5.534,4.8557,6.141,6.123125000000001,14.255353901996372,55100,22.92322580645161,493.07,85.07225806451612,11.0,0.067135,1
2020-01-01,2020,1,CIDADAP,6.3294,7.8547,6.2481,5.534,4.6414,6.491550000000001,11.487114337568057,55100,22.35483870967742,401.12,89.05290322580645,27.0,0.105489,1
2020-02-01,2020,2,CIDADAP,6.2708,6.3294,7.8547,6.2481,5.177,6.675750000000001,11.38076225045372,55100,21.99103448275862,629.82,91.53275862068965,26.75,0.104513,1
2020-03-01,2020,3,CIDADAP,8.6267,6.2708,6.3294,7.8547,4.8557,7.2704,15.656442831215971,55100,22.194193548387098,613.86,91.3616129032258,36.8,0.143778,1
2020-04-01,2020,4,CIDADAP,6.388,8.6267,6.2708,6.3294,5.534,6.9037250000000006,11.593466424682395,55100,22.423,359.35,90.376,27.25,0.106466,0
2020-05-01,2020,5,CIDADAP,5.4386,6.388,8.6267,6.2708,6.2481,6.681025000000001,9.870417422867515,55100,22.330322580645163,486.90999999999997,91.91612903225807,23.2,0.090643,0
2020-06-01,2020,6,CIDADAP,4.3368,5.4386,6.388,8.6267,7.8547,6.1975250000000015,7.870780399274047,55100,21.551,159.0,90.95,18.5,0.07228,0
2020-07-01,2020,7,CIDADAP,2.7544,4.3368,5.4386,6.388,6.3294,4.729450000000001,4.998911070780399,55100,20.79548387096774,102.75,89.11064516129032,11.75,0.045907,0
2020-08-01,2020,8,CIDADAP,3.7976,2.7544,4.3368,5.4386,6.2708,4.081850000000001,6.892196007259527,55100,21.360967741935486,57.29,87.45516129032258,16.2,0.063294,0
2020-09-01,2020,9,CIDADAP,3.5163,3.7976,2.7544,4.3368,8.6267,3.6012750000000007,6.381669691470055,55100,21.523333333333333,195.74,86.688,15.0,0.058605,0
2020-10-01,2020,10,CIDADAP,3.3405,3.5163,3.7976,2.7544,6.388,3.352200000000001,6.062613430127042,55100,21.92290322580645,471.4,89.15064516129033,14.25,0.055675,1
2020-11-01,2020,11,CIDADAP,5.3917,3.3405,3.5163,3.7976,5.4386,4.011525000000001,9.785299455535391,55100,21.974333333333334,334.45,90.29199999999999,23.0,0.089861,1
2020-12-01,2020,12,CIDADAP,3.8093,5.3917,3.3405,3.5163,4.3368,4.014450000000001,6.9134301270417415,55100,21.280645161290323,315.84000000000003,91.29451612903226,16.25,0.063489,1
2021-01-01,2021,1,CIDADAP,5.1657,3.8093,5.3917,3.3405,2.7544,4.426800000000001,9.37513611615245,55100,21.016129032258064,342.89,91.80645161290323,14.6,0.069806,1
2021-02-01,2021,2,CIDADAP,5.5726,5.1657,3.8093,5.3917,3.7976,4.984825000000001,10.11361161524501,55100,21.04357142857143,454.85,92.93928571428572,15.75,0.075305,1
2021-03-01,2021,3,CIDADAP,7.0763,5.5726,5.1657,3.8093,3.5163,5.405975000000001,12.842649727767695,55100,21.4741935483871,611.72,89.84774193548388,20.0,0.095625,1
2021-04-01,2021,4,CIDADAP,6.7224,7.0763,5.5726,5.1657,3.3405,6.134250000000001,12.200362976406534,55100,21.441333333333333,210.6,90.00566666666667,19.0,0.090844,0
2021-05-01,2021,5,CIDADAP,6.6517,6.7224,7.0763,5.5726,5.3917,6.505750000000002,12.072050816696914,55100,22.094838709677422,206.06,90.47516129032257,18.8,0.089888,0
2021-06-01,2021,6,CIDADAP,7.607,6.6517,6.7224,7.0763,3.8093,7.014350000000001,13.805807622504538,55100,21.572,260.94,89.66933333333333,21.5,0.102797,0
2021-07-01,2021,7,CIDADAP,5.1303,7.607,6.6517,6.7224,5.1657,6.527850000000001,9.310889292196007,55100,20.67064516129032,72.52,88.60129032258064,14.5,0.069328,0
2021-08-01,2021,8,CIDADAP,5.0949,5.1303,7.607,6.6517,5.5726,6.120975000000001,9.246642468239564,55100,21.206129032258065,111.66,88.73290322580644,14.4,0.06885,0
2021-09-01,2021,9,CIDADAP,4.7765,5.0949,5.1303,7.607,7.0763,5.652175000000001,8.668784029038113,55100,21.584666666666667,178.93,87.54133333333333,13.5,0.064547,0
2021-10-01,2021,10,CIDADAP,4.8119,4.7765,5.0949,5.1303,6.7224,4.953400000000001,8.733030852994554,55100,22.29774193548387,291.15,86.82225806451612,13.6,0.065025,1
2021-11-01,2021,11,CIDADAP,7.6954,4.8119,4.7765,5.0949,6.6517,5.5946750000000005,13.966243194192378,55100,21.753666666666668,452.44,90.89566666666666,21.75,0.103992,1
2021-12-01,2021,12,CIDADAP,7.6954,7.6954,4.8119,4.7765,7.607,6.2448000000000015,13.966243194192378,55100,21.716129032258067,366.65000000000003,90.05903225806452,21.75,0.103992,1
2022-01-01,2022,1,CIDADAP,14.4121,7.6954,7.6954,4.8119,5.1303,8.6537,26.15626134301271,55100,21.427419354838708,218.29,90.04,29.0,0.113481,1
2022-02-01,2022,2,CIDADAP,13.4181,14.4121,7.6954,7.6954,5.0949,10.805250000000001,24.352268602540835,55100,21.202499999999997,251.17000000000002,90.17285714285715,27.0,0.105654,1
2022-03-01,2022,3,CIDADAP,10.6848,13.4181,14.4121,7.6954,4.7765,11.552600000000002,19.391651542649726,55100,21.671290322580646,303.35,89.7316129032258,21.5,0.084132,1
2022-04-01,2022,4,CIDADAP,8.9454,10.6848,13.4181,14.4121,4.8119,11.865100000000002,16.23484573502722,55100,22.020333333333333,361.55,89.954,18.0,0.070436,0
2022-05-01,2022,5,CIDADAP,9.1442,8.9454,10.6848,13.4181,7.6954,10.548125,16.595644283121597,55100,22.018064516129034,249.94,90.39709677419354,18.4,0.072002,0
2022-06-01,2022,6,CIDADAP,9.1939,9.1442,8.9454,10.6848,7.6954,9.492075,16.68584392014519,55100,21.217,211.8,90.89233333333333,18.5,0.072393,0
2022-07-01,2022,7,CIDADAP,8.9454,9.1939,9.1442,8.9454,14.4121,9.057225,16.23484573502722,55100,21.188064516129035,200.27,89.83903225806452,18.0,0.070436,0
2022-08-01,2022,8,CIDADAP,11.1818,8.9454,9.1939,9.1442,13.4181,9.616325000000002,20.293647912885664,55100,21.362903225806452,138.33,88.19354838709677,22.5,0.088045,0
2022-09-01,2022,9,CIDADAP,11.0575,11.1818,8.9454,9.1939,10.6848,10.094650000000001,20.068058076225046,55100,21.667333333333332,301.34999999999997,89.089,22.25,0.087067,0
2022-10-01,2022,10,CIDADAP,11.1321,11.0575,11.1818,8.9454,8.9454,10.5792,20.20344827586207,55100,21.640967741935484,426.72,90.4658064516129,22.4,0.087654,1
2022-11-01,2022,11,CIDADAP,10.9333,11.1321,11.0575,11.1818,9.1442,11.076175000000001,19.842649727767693,55100,21.424,413.78,91.02466666666668,22.0,0.086089,1
2022-12-01,2022,12,CIDADAP,7.9515,10.9333,11.1321,11.0575,9.1939,10.2686,14.431034482758623,55100,21.384516129032257,353.8,90.81741935483872,16.0,0.06261,1
2023-01-01,2023,1,CIDADAP,3.9627,7.9515,10.9333,11.1321,8.9454,8.494900000000001,7.191833030852994,55100,21.17322580645161,158.04,90.5667741935484,17.0,0.099068,1
2023-02-01,2023,2,CIDADAP,3.9044,3.9627,7.9515,10.9333,11.1818,6.687975,7.086025408348457,55100,20.5825,359.16,91.09357142857142,16.75,0.097611,1
2023-03-01,2023,3,CIDADAP,3.6131,3.9044,3.9627,7.9515,11.0575,4.857925000000001,6.557350272232306,55100,21.701290322580647,334.8,90.1258064516129,15.5,0.090326,1
2023-04-01,2023,4,CIDADAP,3.3566,3.6131,3.9044,3.9627,11.1321,3.709200000000001,6.091833030852994,55100,22.06566666666667,272.96,89.87733333333334,14.4,0.083916,0
2023-05-01,2023,5,CIDADAP,3.6713,3.3566,3.6131,3.9044,10.9333,3.6363500000000006,6.662976406533575,55100,22.14774193548387,215.54000000000002,89.70709677419354,15.75,0.091783,0
2023-06-01,2023,6,CIDADAP,3.1469,3.6713,3.3566,3.6131,7.9515,3.446975000000001,5.711252268602541,55100,21.829,148.52,89.866,13.5,0.078671,0
2023-07-01,2023,7,CIDADAP,2.5641,3.1469,3.6713,3.3566,3.9627,3.184725000000001,4.653539019963702,55100,20.978387096774195,76.8,88.14032258064516,11.0,0.064103,0
2023-08-01,2023,8,CIDADAP,3.1469,2.5641,3.1469,3.6713,3.9044,3.1323000000000008,5.711252268602541,55100,20.746129032258064,18.96,84.63129032258065,13.5,0.078671,0
2023-09-01,2023,9,CIDADAP,3.0303,3.1469,2.5641,3.1469,3.6131,2.9720500000000007,5.499637023593467,55100,21.15533333333333,6.95,81.82133333333333,13.0,0.075758,0
2023-10-01,2023,10,CIDADAP,2.8904,3.0303,3.1469,2.5641,3.3566,2.9079250000000005,5.245735027223231,55100,22.83225806451613,56.58,79.87290322580645,12.4,0.072261,1
2023-11-01,2023,11,CIDADAP,3.4965,2.8904,3.0303,3.1469,3.6713,3.141025000000001,6.34573502722323,55100,23.137999999999998,379.14,84.75633333333333,15.0,0.087413,1
2023-12-01,2023,12,CIDADAP,3.2168,3.4965,2.8904,3.0303,3.1469,3.158500000000001,5.838112522686026,55100,22.862903225806452,231.32,86.83161290322582,13.8,0.08042,1
2024-01-01,2024,1,CIDADAP,19.4929,3.2168,3.4965,2.8904,2.5641,7.274150000000001,35.37731397459165,55100,22.437419354838713,598.42,89.78064516129032,18.25,0.089417,1
2024-02-01,2024,2,CIDADAP,21.3621,19.4929,3.2168,3.4965,3.1469,11.892075000000002,38.769691470054454,55100,22.73793103448276,474.35,89.5803448275862,20.0,0.097991,1
2024-03-01,2024,3,CIDADAP,27.9843,21.3621,19.4929,3.2168,3.0303,18.014025000000004,50.78820326678766,55100,22.405483870967743,391.27,90.65516129032258,26.2,0.128368,1
2024-04-01,2024,4,CIDADAP,25.6345,27.9843,21.3621,19.4929,2.8904,23.61845,46.52359346642468,55100,23.169,323.82,90.12033333333333,24.0,0.117589,0
2024-05-01,2024,5,CIDADAP,25.6345,25.6345,27.9843,21.3621,3.4965,25.153850000000002,46.52359346642468,55100,22.799354838709675,122.81,88.94935483870967,24.0,0.117589,0
2024-06-01,2024,6,CIDADAP,17.7305,25.6345,25.6345,27.9843,3.2168,24.24595,32.17876588021778,55100,22.169666666666668,235.73000000000002,89.03999999999999,16.6,0.081333,0
2024-07-01,2024,7,CIDADAP,14.9535,17.7305,25.6345,25.6345,19.4929,20.98825,27.13883847549909,55100,21.01290322580645,291.43,89.00387096774193,14.0,0.068594,0
2024-08-01,2024,8,CIDADAP,12.0162,14.9535,17.7305,25.6345,21.3621,17.583675,21.80798548094374,55100,21.080645161290324,79.38,86.01806451612903,11.25,0.05512,0
2024-09-01,2024,9,CIDADAP,11.5355,12.0162,14.9535,17.7305,27.9843,14.058925,20.935571687840294,55100,21.895333333333333,329.11,85.34933333333333,10.8,0.052915,0
2024-10-01,2024,10,CIDADAP,13.0843,11.5355,12.0162,14.9535,25.6345,12.897375,23.7464609800363,55100,22.643225806451614,85.42999999999999,85.1325806451613,12.25,0.06002,1
2024-11-01,2024,11,CIDADAP,12.5502,13.0843,11.5355,12.0162,25.6345,12.29655,22.777132486388386,55100,22.590333333333334,530.84,88.96533333333333,11.75,0.05757,1
2024-12-01,2024,12,CIDADAP,16.0216,12.5502,13.0843,11.5355,17.7305,13.297900000000002,29.077313974591654,55100,21.753870967741936,329.88,91.23483870967742,15.0,0.073493,1
2016-01-01,2016,1,CINAMBO,4.4989,,,,,4.4989,17.712204724409446,25400,22.434516129032257,396.61,88.54548387096774,25.6,0.124969,1
2016-02-01,2016,2,CINAMBO,6.019,4.4989,,,,5.2589500000000005,23.69685039370079,25400,22.00206896551724,468.95,90.91551724137932,34.25,0.167196,1
2016-03-01,2016,3,CINAMBO,4.5692,6.019,4.4989,,,5.0290333333333335,17.988976377952756,25400,22.740322580645163,477.1,90.77612903225807,26.0,0.126922,1
2016-04-01,2016,4,CINAMBO,4.1299,4.5692,6.019,4.4989,,4.80425,16.25944881889764,25400,22.466,489.21,91.35133333333333,23.5,0.114718,0
2016-05-01,2016,5,CINAMBO,2.9173,4.1299,4.5692,6.019,,4.40885,11.485433070866142,25400,22.4,251.60999999999999,90.83612903225807,16.6,0.081035,0
2016-06-01,2016,6,CINAMBO,2.0649,2.9173,4.1299,4.5692,,3.420325,8.12952755905512,25400,21.715333333333334,176.73,88.34833333333333,11.75,0.057359,0
2016-07-01,2016,7,CINAMBO,1.9331,2.0649,2.9173,4.1299,4.4989,2.7613000000000003,7.610629921259843,25400,21.557419354838707,300.44,89.96677419354839,11.0,0.053698,0
2016-08-01,2016,8,CINAMBO,1.9771,1.9331,2.0649,2.9173,6.019,2.2231,7.7838582677165356,25400,21.18967741935484,190.43,88.61,11.25,0.054918,0
2016-09-01,2016,9,CINAMBO,1.9771,1.9771,1.9331,2.0649,4.5692,1.98805,7.7838582677165356,25400,21.71033333333333,438.58,89.848,11.25,0.054918,0
2016-10-01,2016,10,CINAMBO,2.0034,1.9771,1.9771,1.9331,4.1299,1.972675,7.8874015748031505,25400,21.464193548387097,440.99,91.19935483870967,11.4,0.05565,1
2016-11-01,2016,11,CINAMBO,2.021,2.0034,1.9771,1.9771,2.9173,1.99465,7.956692913385826,25400,21.88,430.71999999999997,90.57866666666668,11.5,0.056139,1
2016-12-01,2016,12,CINAMBO,1.8892,2.021,2.0034,1.9771,2.0649,1.972675,7.437795275590551,25400,21.13935483870968,188.26,90.15129032258065,10.75,0.052477,1
2017-01-01,2017,1,CINAMBO,3.1848,1.8892,2.021,2.0034,1.9331,2.2746,12.538582677165355,25400,21.030645161290323,295.58,90.34,11.6,0.122492,1
2017-02-01,2017,2,CINAMBO,2.6769,3.1848,1.8892,2.021,1.9771,2.4429749999999997,10.538976377952755,25400,21.141428571428573,478.78000000000003,91.32892857142858,9.75,0.102957,1
2017-03-01,2017,3,CINAMBO,2.5396,2.6769,3.1848,1.8892,1.9771,2.572625,9.998425196850395,25400,21.510967741935485,336.51,89.8583870967742,9.25,0.097677,1
2017-04-01,2017,4,CINAMBO,2.1415,2.5396,2.6769,3.1848,2.0034,2.6357,8.431102362204726,25400,21.872666666666664,371.34,90.94333333333334,7.8,0.082365,0
2017-05-01,2017,5,CINAMBO,1.9219,2.1415,2.5396,2.6769,2.021,2.319975,7.566535433070865,25400,21.852903225806454,209.88,90.35548387096775,7.0,0.073918,0
2017-06-01,2017,6,CINAMBO,1.51,1.9219,2.1415,2.5396,1.8892,2.02825,5.94488188976378,25400,21.282666666666668,155.11,90.05266666666667,5.5,0.058078,0
2017-07-01,2017,7,CINAMBO,1.5924,1.51,1.9219,2.1415,3.1848,1.79145,6.269291338582677,25400,20.681612903225805,89.05,89.09967741935485,5.8,0.061246,0
2017-08-01,2017,8,CINAMBO,1.7159,1.5924,1.51,1.9219,2.6769,1.6850500000000002,6.755511811023622,25400,20.58225806451613,29.75,86.16129032258064,6.25,0.065998,0
2017-09-01,2017,9,CINAMBO,1.8532,1.7159,1.5924,1.51,2.5396,1.667875,7.296062992125984,25400,21.449666666666666,108.77000000000001,84.02466666666668,6.75,0.071278,0
2017-10-01,2017,10,CINAMBO,2.3611,1.8532,1.7159,1.5924,2.1415,1.88065,9.295669291338584,25400,22.156451612903226,516.17,87.77129032258064,8.6,0.090813,1
2017-11-01,2017,11,CINAMBO,2.471,2.3611,1.8532,1.7159,1.9219,2.1003,9.728346456692915,25400,21.842666666666666,451.08,89.273,9.0,0.095037,1
2017-12-01,2017,12,CINAMBO,2.0317,2.471,2.3611,1.8532,1.51,2.1792499999999997,7.998818897637794,25400,21.30516129032258,259.67,89.88935483870968,7.4,0.078141,1
2018-01-01,2018,1,CINAMBO,1.9205,2.0317,2.471,2.3611,1.5924,2.196075,7.5610236220472435,25400,20.889032258064514,262.41,91.22258064516129,7.25,0.080022,1
2018-02-01,2018,2,CINAMBO,1.8543,1.9205,2.0317,2.471,1.7159,2.069375,7.300393700787402,25400,21.117142857142856,517.61,91.1925,7.0,0.077263,1
2018-03-01,2018,3,CINAMBO,1.8543,1.8543,1.9205,2.0317,1.8532,1.9152,7.300393700787402,25400,21.65741935483871,387.92,89.85741935483871,7.0,0.077263,1
2018-04-01,2018,4,CINAMBO,1.8543,1.8543,1.8543,1.9205,2.3611,1.8708500000000001,7.300393700787402,25400,21.947,262.95,89.76933333333334,7.0,0.077263,0
2018-05-01,2018,5,CINAMBO,1.7881,1.8543,1.8543,1.8543,2.471,1.8377500000000002,7.039763779527559,25400,21.772903225806452,120.22,88.87645161290322,6.75,0.074503,0
2018-06-01,2018,6,CINAMBO,1.457,1.7881,1.8543,1.8543,2.0317,1.738425,5.736220472440945,25400,21.314333333333334,91.12,88.38766666666668,5.5,0.060706,0
2018-07-01,2018,7,CINAMBO,1.5894,1.457,1.7881,1.8543,1.9205,1.6722000000000001,6.25748031496063,25400,19.885161290322582,5.63,85.66225806451614,6.0,0.066225,0
2018-08-01,2018,8,CINAMBO,1.7219,1.5894,1.457,1.7881,1.8543,1.6391,6.779133858267717,25400,20.21161290322581,32.75,84.21451612903226,6.5,0.071744,0
2018-09-01,2018,9,CINAMBO,1.8543,1.7219,1.5894,1.457,1.8543,1.65565,7.300393700787402,25400,21.037,96.61,83.175,7.0,0.077263,0
2018-10-01,2018,10,CINAMBO,2.1854,1.8543,1.7219,1.5894,1.8543,1.83775,8.603937007874016,25400,22.358709677419355,189.07,82.22838709677418,8.25,0.09106,1
2018-11-01,2018,11,CINAMBO,2.5828,2.1854,1.8543,1.7219,1.7881,2.0861,10.168503937007875,25400,22.28033333333333,425.59000000000003,87.10799999999999,9.75,0.107616,1
2018-12-01,2018,12,CINAMBO,3.3377,2.5828,2.1854,1.8543,1.457,2.49005,13.140551181102362,25400,21.870645161290323,411.58,90.10225806451614,12.6,0.139073,1
2019-01-01,2019,1,CINAMBO,12.1758,3.3377,2.5828,2.1854,1.5894,5.070425,47.936220472440944,25400,21.614516129032257,413.94,90.2341935483871,28.5,0.17394,1
2019-02-01,2019,2,CINAMBO,14.7391,12.1758,3.3377,2.5828,1.7219,8.20885,58.02795275590551,25400,22.12642857142857,488.76,90.59357142857142,34.5,0.210558,1
2019-03-01,2019,3,CINAMBO,8.2026,14.7391,12.1758,3.3377,1.8543,9.613800000000001,32.293700787401576,25400,21.675483870967742,289.9,89.77451612903226,19.2,0.11718,1
2019-04-01,2019,4,CINAMBO,5.8743,8.2026,14.7391,12.1758,2.1854,10.247950000000001,23.127165354330707,25400,22.535333333333334,455.36,90.312,13.75,0.083918,0
2019-05-01,2019,5,CINAMBO,4.8062,5.8743,8.2026,14.7391,2.5828,8.40555,18.922047244094486,25400,21.986451612903227,228.52,89.65741935483871,11.25,0.06866,0
2019-06-01,2019,6,CINAMBO,3.6741,4.8062,5.8743,8.2026,3.3377,5.6393,14.464960629921261,25400,20.71066666666667,44.2,86.69033333333333,8.6,0.052487,0
2019-07-01,2019,7,CINAMBO,2.7769,3.6741,4.8062,5.8743,12.1758,4.282875,10.93267716535433,25400,20.04064516129032,28.17,86.75548387096775,6.5,0.03967,0
2019-08-01,2019,8,CINAMBO,3.0973,2.7769,3.6741,4.8062,14.7391,3.588625,12.194094488188977,25400,19.98225806451613,19.74,84.07290322580646,7.25,0.044248,0
2019-09-01,2019,9,CINAMBO,2.9051,3.0973,2.7769,3.6741,8.2026,3.1133500000000005,11.43740157480315,25400,20.884333333333334,9.68,80.54033333333334,6.8,0.041501,0
2019-10-01,2019,10,CINAMBO,3.311,2.9051,3.0973,2.7769,5.8743,3.022575,13.03543307086614,25400,22.31451612903226,80.15,78.2658064516129,7.75,0.047299,1
2019-11-01,2019,11,CINAMBO,3.7382,3.311,2.9051,3.0973,4.8062,3.2629,14.71732283464567,25400,22.717333333333332,209.04,81.00466666666667,8.75,0.053403,1
2019-12-01,2019,12,CINAMBO,4.6994,3.7382,3.311,2.9051,3.6741,3.663425,18.501574803149605,25400,22.92322580645161,493.07,85.07225806451612,11.0,0.067135,1
2020-01-01,2020,1,CINAMBO,3.7976,4.6994,3.7382,3.311,2.7769,3.8865499999999997,14.951181102362206,25400,22.35483870967742,401.12,89.05290322580645,27.0,0.105489,1
2020-02-01,2020,2,CINAMBO,3.7625,3.7976,4.6994,3.7382,3.0973,3.9994249999999996,14.812992125984252,25400,21.99103448275862,629.82,91.53275862068965,26.75,0.104513,1
2020-03-01,2020,3,CINAMBO,5.176,3.7625,3.7976,4.6994,2.9051,4.358875,20.377952755905515,25400,22.194193548387098,613.86,91.3616129032258,36.8,0.143778,1
2020-04-01,2020,4,CINAMBO,3.8328,5.176,3.7625,3.7976,3.311,4.142225,15.089763779527559,25400,22.423,359.35,90.376,27.25,0.106466,0
2020-05-01,2020,5,CINAMBO,3.2631,3.8328,5.176,3.7625,3.7382,4.0086,12.84685039370079,25400,22.330322580645163,486.90999999999997,91.91612903225807,23.2,0.090643,0
2020-06-01,2020,6,CINAMBO,2.6021,3.2631,3.8328,5.176,4.6994,3.7185000000000006,10.244488188976378,25400,21.551,159.0,90.95,18.5,0.07228,0
2020-07-01,2020,7,CINAMBO,1.6527,2.6021,3.2631,3.8328,3.7976,2.837675,6.506692913385828,25400,20.79548387096774,102.75,89.11064516129032,11.75,0.045907,0
2020-08-01,2020,8,CINAMBO,2.2786,1.6527,2.6021,3.2631,3.7625,2.4491250000000004,8.970866141732284,25400,21.360967741935486,57.29,87.45516129032258,16.2,0.063294,0
2020-09-01,2020,9,CINAMBO,2.1098,2.2786,1.6527,2.6021,5.176,2.1608,8.306299212598425,25400,21.523333333333333,195.74,86.688,15.0,0.058605,0
2020-10-01,2020,10,CINAMBO,2.0043,2.1098,2.2786,1.6527,3.8328,2.01135,7.890944881889764,25400,21.92290322580645,471.4,89.15064516129033,14.25,0.055675,1
2020-11-01,2020,11,CINAMBO,3.235,2.0043,2.1098,2.2786,3.2631,2.406925,12.736220472440944,25400,21.974333333333334,334.45,90.29199999999999,23.0,0.089861,1
2020-12-01,2020,12,CINAMBO,2.2856,3.235,2.0043,2.1098,2.6021,2.408675,8.998425196850393,25400,21.280645161290323,315.84000000000003,91.29451612903226,16.25,0.063489,1
2021-01-01,2021,1,CINAMBO,2.4432,2.2856,3.235,2.0043,1.6527,2.492025,9.618897637795275,25400,21.016129032258064,342.89,91.80645161290323,14.6,0.069806,1
2021-02-01,2021,2,CINAMBO,2.6357,2.4432,2.2856,3.235,2.2786,2.6498749999999998,10.376771653543306,25400,21.04357142857143,454.85,92.93928571428572,15.75,0.075305,1
2021-03-01,2021,3,CINAMBO,3.3469,2.6357,2.4432,2.2856,2.1098,2.6778500000000003,13.176771653543307,25400,21.4741935483871,611.72,89.84774193548388,20.0,0.095625,1
2021-04-01,2021,4,CINAMBO,3.1795,3.3469,2.6357,2.4432,2.0043,2.901325,12.51771653543307,25400,21.441333333333333,210.6,90.00566666666667,19.0,0.090844,0
2021-05-01,2021,5,CINAMBO,3.1461,3.1795,3.3469,2.6357,3.235,3.0770500000000003,12.386220472440947,25400,22.094838709677422,206.06,90.47516129032257,18.8,0.089888,0
2021-06-01,2021,6,CINAMBO,3.5979,3.1461,3.1795,3.3469,2.2856,3.3176,14.164960629921259,25400,21.572,260.94,89.66933333333333,21.5,0.102797,0
2021-07-01,2021,7,CINAMBO,2.4265,3.5979,3.1461,3.1795,2.4432,3.0875000000000004,9.553149606299211,25400,20.67064516129032,72.52,88.60129032258064,14.5,0.069328,0
2021-08-01,2021,8,CINAMBO,2.4098,2.4265,3.5979,3.1461,2.6357,2.8950750000000003,9.48740157480315,25400,21.206129032258065,111.66,88.73290322580644,14.4,0.06885,0
2021-09-01,2021,9,CINAMBO,2.2591,2.4098,2.4265,3.5979,3.3469,2.673325,8.894094488188976,25400,21.584666666666667,178.93,87.54133333333333,13.5,0.064547,0
2021-10-01,2021,10,CINAMBO,2.2759,2.2591,2.4098,2.4265,3.1795,2.3428250000000004,8.96023622047244,25400,22.29774193548387,291.15,86.82225806451612,13.6,0.065025,1
2021-11-01,2021,11,CINAMBO,3.6397,2.2759,2.2591,2.4098,3.1461,2.646125,14.329527559055117,25400,21.753666666666668,452.44,90.89566666666666,21.75,0.103992,1
2021-12-01,2021,12,CINAMBO,3.6397,3.6397,2.2759,2.2591,3.5979,2.9536000000000002,14.329527559055117,25400,21.716129032258067,366.65000000000003,90.05903225806452,21.75,0.103992,1
2022-01-01,2022,1,CINAMBO,7.7167,3.6397,3.6397,2.2759,2.4265,4.318,30.380708661417327,25400,21.427419354838708,218.29,90.04,29.0,0.113481,1
2022-02-01,2022,2,CINAMBO,7.1845,7.7167,3.6397,3.6397,2.4098,5.54515,28.285433070866144,25400,21.202499999999997,251.17000000000002,90.17285714285715,27.0,0.105654,1
2022-03-01,2022,3,CINAMBO,5.721,7.1845,7.7167,3.6397,2.2591,6.065475,22.523622047244096,25400,21.671290322580646,303.35,89.7316129032258,21.5,0.084132,1
2022-04-01,2022,4,CINAMBO,4.7897,5.721,7.1845,7.7167,2.2759,6.352975,18.857086614173227,25400,22.020333333333333,361.55,89.954,18.0,0.070436,0
2022-05-01,2022,5,CINAMBO,4.8961,4.7897,5.721,7.1845,3.6397,5.647825,19.275984251968502,25400,22.018064516129034,249.94,90.39709677419354,18.4,0.072002,0
2022-06-01,2022,6,CINAMBO,4.9227,4.8961,4.7897,5.721,3.6397,5.082375,19.380708661417323,25400,21.217,211.8,90.89233333333333,18.5,0.072393,0
2022-07-01,2022,7,CINAMBO,4.7897,4.9227,4.8961,4.7897,7.7167,4.84955,18.857086614173227,25400,21.188064516129035,200.27,89.83903225806452,18.0,0.070436,0
2022-08-01,2022,8,CINAMBO,5.9871,4.7897,4.9227,4.8961,7.1845,5.1489,23.571259842519687,25400,21.362903225806452,138.33,88.19354838709677,22.5,0.088045,0
2022-09-01,2022,9,CINAMBO,5.9206,5.9871,4.7897,4.9227,5.721,5.405025,23.30944881889764,25400,21.667333333333332,301.34999999999997,89.089,22.25,0.087067,0
2022-10-01,2022,10,CINAMBO,5.9605,5.9206,5.9871,4.7897,4.7897,5.664475,23.466535433070867,25400,21.640967741935484,426.72,90.4658064516129,22.4,0.087654,1
2022-11-01,2022,11,CINAMBO,5.854,5.9605,5.9206,5.9871,4.8961,5.93055,23.04724409448819,25400,21.424,413.78,91.02466666666668,22.0,0.086089,1
2022-12-01,2022,12,CINAMBO,4.2575,5.854,5.9605,5.9206,4.9227,5.49815,16.761811023622048,25400,21.384516129032257,353.8,90.81741935483872,16.0,0.06261,1
2023-01-01,2023,1,CINAMBO,2.6748,4.2575,5.854,5.9605,4.7897,4.6867,10.530708661417322,25400,21.17322580645161,158.04,90.5667741935484,17.0,0.099068,1
2023-02-01,2023,2,CINAMBO,2.6355,2.6748,4.2575,5.854,5.9871,3.85545,10.375984251968504,25400,20.5825,359.16,91.09357142857142,16.75,0.097611,1
2023-03-01,2023,3,CINAMBO,2.4388,2.6355,2.6748,4.2575,5.9206,3.00165,9.601574803149607,25400,21.701290322580647,334.8,90.1258064516129,15.5,0.090326,1
2023-04-01,2023,4,CINAMBO,2.2657,2.4388,2.6355,2.6748,5.9605,2.5037,8.92007874015748,25400,22.06566666666667,272.96,89.87733333333334,14.4,0.083916,0
2023-05-01,2023,5,CINAMBO,2.4781,2.2657,2.4388,2.6355,5.854,2.4545250000000003,9.756299212598426,25400,22.14774193548387,215.54000000000002,89.70709677419354,15.75,0.091783,0
2023-06-01,2023,6,CINAMBO,2.1241,2.4781,2.2657,2.4388,4.2575,2.326675,8.36259842519685,25400,21.829,148.52,89.866,13.5,0.078671,0
2023-07-01,2023,7,CINAMBO,1.7308,2.1241,2.4781,2.2657,2.6748,2.149675,6.814173228346457,25400,20.978387096774195,76.8,88.14032258064516,11.0,0.064103,0
2023-08-01,2023,8,CINAMBO,2.1241,1.7308,2.1241,2.4781,2.6355,2.114275,8.36259842519685,25400,20.746129032258064,18.96,84.63129032258065,13.5,0.078671,0
2023-09-01,2023,9,CINAMBO,2.0455,2.1241,1.7308,2.1241,2.4388,2.006125,8.053149606299213,25400,21.15533333333333,6.95,81.82133333333333,13.0,0.075758,0
2023-10-01,2023,10,CINAMBO,1.951,2.0455,2.1241,1.7308,2.2657,1.96285,7.681102362204725,25400,22.83225806451613,56.58,79.87290322580645,12.4,0.072261,1
2023-11-01,2023,11,CINAMBO,2.3601,1.951,2.0455,2.1241,2.4781,2.120175,9.291732283464567,25400,23.137999999999998,379.14,84.75633333333333,15.0,0.087413,1
2023-12-01,2023,12,CINAMBO,2.1713,2.3601,1.951,2.0455,2.1241,2.1319749999999997,8.548425196850394,25400,22.862903225806452,231.32,86.83161290322582,13.8,0.08042,1
2024-01-01,2024,1,CINAMBO,9.4782,2.1713,2.3601,1.951,1.7308,3.99015,37.31574803149606,25400,22.437419354838713,598.42,89.78064516129032,18.25,0.089417,1
2024-02-01,2024,2,CINAMBO,10.3871,9.4782,2.1713,2.3601,2.1241,6.099175,40.894094488188976,25400,22.73793103448276,474.35,89.5803448275862,20.0,0.097991,1
2024-03-01,2024,3,CINAMBO,13.6071,10.3871,9.4782,2.1713,2.0455,8.910925,53.571259842519694,25400,22.405483870967743,391.27,90.65516129032258,26.2,0.128368,1
2024-04-01,2024,4,CINAMBO,12.4645,13.6071,10.3871,9.4782,1.951,11.484224999999999,49.072834645669296,25400,23.169,323.82,90.12033333333333,24.0,0.117589,0
2024-05-01,2024,5,CINAMBO,12.4645,12.4645,13.6071,10.3871,2.3601,12.230799999999999,49.072834645669296,25400,22.799354838709675,122.81,88.94935483870967,24.0,0.117589,0
2024-06-01,2024,6,CINAMBO,8.6213,12.4645,12.4645,13.6071,2.1713,11.789349999999999,33.942125984251966,25400,22.169666666666668,235.73000000000002,89.03999999999999,16.6,0.081333,0
2024-07-01,2024,7,CINAMBO,7.2709,8.6213,12.4645,12.4645,9.4782,10.2053,28.6255905511811,25400,21.01290322580645,291.43,89.00387096774193,14.0,0.068594,0
2024-08-01,2024,8,CINAMBO,5.8427,7.2709,8.6213,12.4645,10.3871,8.54985,23.00275590551181,25400,21.080645161290324,79.38,86.01806451612903,11.25,0.05512,0
2024-09-01,2024,9,CINAMBO,5.609,5.8427,7.2709,8.6213,13.6071,6.8359749999999995,22.08267716535433,25400,21.895333333333333,329.11,85.34933333333333,10.8,0.052915,0
2024-10-01,2024,10,CINAMBO,6.3621,5.609,5.8427,7.2709,12.4645,6.2711749999999995,25.04763779527559,25400,22.643225806451614,85.42999999999999,85.1325806451613,12.25,0.06002,1
2024-11-01,2024,11,CINAMBO,6.1024,6.3621,5.609,5.8427,12.4645,5.97905,24.0251968503937,25400,22.590333333333334,530.84,88.96533333333333,11.75,0.05757,1
2024-12-01,2024,12,CINAMBO,7.7903,6.1024,6.3621,5.609,8.6213,6.46595,30.67047244094488,25400,21.753870967741936,329.88,91.23483870967742,15.0,0.073493,1
2016-01-01,2016,1,COBLONG,36.4911,,,,,36.4911,34.23180112570356,106600,22.434516129032257,396.61,88.54548387096774,25.6,0.124969,1
2016-02-01,2016,2,COBLONG,48.8211,36.4911,,,,42.6561,45.798405253283306,106600,22.00206896551724,468.95,90.91551724137932,34.25,0.167196,1
2016-03-01,2016,3,COBLONG,37.0613,48.8211,36.4911,,,40.79116666666667,34.766697936210136,106600,22.740322580645163,477.1,90.77612903225807,26.0,0.126922,1
2016-04-01,2016,4,COBLONG,33.4977,37.0613,48.8211,36.4911,,38.967800000000004,31.423733583489682,106600,22.466,489.21,91.35133333333333,23.5,0.114718,0
2016-05-01,2016,5,COBLONG,23.6622,33.4977,37.0613,48.8211,,35.760575,22.197185741088177,106600,22.4,251.60999999999999,90.83612903225807,16.6,0.081035,0
2016-06-01,2016,6,COBLONG,16.7488,23.6622,33.4977,37.0613,,27.7425,15.711819887429643,106600,21.715333333333334,176.73,88.34833333333333,11.75,0.057359,0
2016-07-01,2016,7,COBLONG,15.6798,16.7488,23.6622,33.4977,36.4911,22.397125,14.709005628517824,106600,21.557419354838707,300.44,89.96677419354839,11.0,0.053698,0
2016-08-01,2016,8,COBLONG,16.0361,15.6798,16.7488,23.6622,48.8211,18.031725,15.043245778611634,106600,21.18967741935484,190.43,88.61,11.25,0.054918,0
2016-09-01,2016,9,COBLONG,16.0361,16.0361,15.6798,16.7488,37.0613,16.1252,15.043245778611634,106600,21.71033333333333,438.58,89.848,11.25,0.054918,0
2016-10-01,2016,10,COBLONG,16.2499,16.0361,16.0361,15.6798,33.4977,16.000475,15.243808630393996,106600,21.464193548387097,440.99,91.19935483870967,11.4,0.05565,1
2016-11-01,2016,11,COBLONG,16.3925,16.2499,16.0361,16.0361,23.6622,16.178649999999998,15.377579737335832,106600,21.88,430.71999999999997,90.57866666666668,11.5,0.056139,1
2016-12-01,2016,12,COBLONG,15.3234,16.3925,16.2499,16.0361,16.7488,16.000475,14.37467166979362,106600,21.13935483870968,188.26,90.15129032258065,10.75,0.052477,1
2017-01-01,2017,1,COBLONG,15.5565,15.3234,16.3925,16.2499,15.6798,15.880574999999999,14.593339587242026,106600,21.030645161290323,295.58,90.34,11.6,0.122492,1
2017-02-01,2017,2,COBLONG,13.0755,15.5565,15.3234,16.3925,16.0361,15.086974999999999,12.26594746716698,106600,21.141428571428573,478.78000000000003,91.32892857142858,9.75,0.102957,1
2017-03-01,2017,3,COBLONG,12.405,13.0755,15.5565,15.3234,16.0361,14.0901,11.636960600375234,106600,21.510967741935485,336.51,89.8583870967742,9.25,0.097677,1
2017-04-01,2017,4,COBLONG,10.4604,12.405,13.0755,15.5565,16.2499,12.87435,9.812757973733584,106600,21.872666666666664,371.34,90.94333333333334,7.8,0.082365,0
2017-05-01,2017,5,COBLONG,9.3875,10.4604,12.405,13.0755,16.3925,11.3321,8.806285178236397,106600,21.852903225806454,209.88,90.35548387096775,7.0,0.073918,0
2017-06-01,2017,6,COBLONG,7.3759,9.3875,10.4604,12.405,15.3234,9.9072,6.9192307692307695,106600,21.282666666666668,155.11,90.05266666666667,5.5,0.058078,0
2017-07-01,2017,7,COBLONG,7.7782,7.3759,9.3875,10.4604,15.5565,8.750499999999999,7.296622889305816,106600,20.681612903225805,89.05,89.09967741935485,5.8,0.061246,0
2017-08-01,2017,8,COBLONG,8.3817,7.7782,7.3759,9.3875,13.0755,8.230825,7.862757973733583,106600,20.58225806451613,29.75,86.16129032258064,6.25,0.065998,0
2017-09-01,2017,9,COBLONG,9.0523,8.3817,7.7782,7.3759,12.405,8.147025,8.491838649155723,106600,21.449666666666666,108.77000000000001,84.02466666666668,6.75,0.071278,0
2017-10-01,2017,10,COBLONG,11.5333,9.0523,8.3817,7.7782,10.4604,9.186375,10.819230769230769,106600,22.156451612903226,516.17,87.77129032258064,8.6,0.090813,1
2017-11-01,2017,11,COBLONG,12.0697,11.5333,9.0523,8.3817,9.3875,10.25925,11.322420262664165,106600,21.842666666666666,451.08,89.273,9.0,0.095037,1
2017-12-01,2017,12,COBLONG,9.924,12.0697,11.5333,9.0523,7.3759,10.644824999999999,9.309568480300188,106600,21.30516129032258,259.67,89.88935483870968,7.4,0.078141,1
2018-01-01,2018,1,COBLONG,14.9641,9.924,12.0697,11.5333,7.7782,12.122775,14.037617260787991,106600,20.889032258064514,262.41,91.22258064516129,7.25,0.080022,1
2018-02-01,2018,2,COBLONG,14.4481,14.9641,9.924,12.0697,8.3817,12.851475,13.553564727954972,106600,21.117142857142856,517.61,91.1925,7.0,0.077263,1
2018-03-01,2018,3,COBLONG,14.4481,14.4481,14.9641,9.924,9.0523,13.446075,13.553564727954972,106600,21.65741935483871,387.92,89.85741935483871,7.0,0.077263,1
2018-04-01,2018,4,COBLONG,14.4481,14.4481,14.4481,14.9641,11.5333,14.577100000000002,13.553564727954972,106600,21.947,262.95,89.76933333333334,7.0,0.077263,0
2018-05-01,2018,5,COBLONG,13.9321,14.4481,14.4481,14.4481,12.0697,14.3191,13.06951219512195,106600,21.772903225806452,120.22,88.87645161290322,6.75,0.074503,0
2018-06-01,2018,6,COBLONG,11.3521,13.9321,14.4481,14.4481,9.924,13.5451,10.649249530956848,106600,21.314333333333334,91.12,88.38766666666668,5.5,0.060706,0
2018-07-01,2018,7,COBLONG,12.3841,11.3521,13.9321,14.4481,14.9641,13.0291,11.617354596622889,106600,19.885161290322582,5.63,85.66225806451614,6.0,0.066225,0
2018-08-01,2018,8,COBLONG,13.4161,12.3841,11.3521,13.9321,14.4481,12.7711,12.585459662288931,106600,20.21161290322581,32.75,84.21451612903226,6.5,0.071744,0
2018-09-01,2018,9,COBLONG,14.4481,13.4161,12.3841,11.3521,14.4481,12.9001,13.553564727954972,106600,21.037,96.61,83.175,7.0,0.077263,0
2018-10-01,2018,10,COBLONG,17.0281,14.4481,13.4161,12.3841,14.4481,14.319099999999999,15.973827392120073,106600,22.358709677419355,189.07,82.22838709677418,8.25,0.09106,1
2018-11-01,2018,11,COBLONG,20.1242,17.0281,14.4481,13.4161,13.9321,16.254125,18.87823639774859,106600,22.28033333333333,425.59000000000003,87.10799999999999,9.75,0.107616,1
2018-12-01,2018,12,COBLONG,26.0066,20.1242,17.0281,14.4481,11.3521,19.40175,24.39643527204503,106600,21.870645161290323,411.58,90.10225806451614,12.6,0.139073,1
2019-01-01,2019,1,COBLONG,45.7461,26.0066,20.1242,17.0281,12.3841,27.22625,42.91378986866792,106600,21.614516129032257,413.94,90.2341935483871,28.5,0.17394,1
2019-02-01,2019,2,COBLONG,55.3769,45.7461,26.0066,20.1242,13.4161,36.81345,51.9483114446529,106600,22.12642857142857,488.76,90.59357142857142,34.5,0.210558,1
2019-03-01,2019,3,COBLONG,30.8184,55.3769,45.7461,26.0066,14.4481,39.487,28.91031894934334,106600,21.675483870967742,289.9,89.77451612903226,19.2,0.11718,1
2019-04-01,2019,4,COBLONG,22.0705,30.8184,55.3769,45.7461,17.0281,38.502975,20.704033771106943,106600,22.535333333333334,455.36,90.312,13.75,0.083918,0
2019-05-01,2019,5,COBLONG,18.0577,22.0705,30.8184,55.3769,20.1242,31.580875000000002,16.93968105065666,106600,21.986451612903227,228.52,89.65741935483871,11.25,0.06866,0
2019-06-01,2019,6,COBLONG,13.8041,18.0577,22.0705,30.8184,26.0066,21.187675000000002,12.949437148217637,106600,20.71066666666667,44.2,86.69033333333333,8.6,0.052487,0
2019-07-01,2019,7,COBLONG,10.4333,13.8041,18.0577,22.0705,45.7461,16.0914,9.78733583489681,106600,20.04064516129032,28.17,86.75548387096775,6.5,0.03967,0
2019-08-01,2019,8,COBLONG,11.6372,10.4333,13.8041,18.0577,55.3769,13.483075000000001,10.91669793621013,106600,19.98225806451613,19.74,84.07290322580646,7.25,0.044248,0
2019-09-01,2019,9,COBLONG,10.9149,11.6372,10.4333,13.8041,30.8184,11.697375000000001,10.239118198874296,106600,20.884333333333334,9.68,80.54033333333334,6.8,0.041501,0
2019-10-01,2019,10,COBLONG,12.4397,10.9149,11.6372,10.4333,22.0705,11.356275,11.669512195121952,106600,22.31451612903226,80.15,78.2658064516129,7.75,0.047299,1
2019-11-01,2019,11,COBLONG,14.0449,12.4397,10.9149,11.6372,18.0577,12.259175000000003,13.17532833020638,106600,22.717333333333332,209.04,81.00466666666667,8.75,0.053403,1
2019-12-01,2019,12,COBLONG,17.6564,14.0449,12.4397,10.9149,13.8041,13.763975000000002,16.563227016885556,106600,22.92322580645161,493.07,85.07225806451612,11.0,0.067135,1
2020-01-01,2020,1,COBLONG,19.9375,17.6564,14.0449,12.4397,10.4333,16.019625,18.703095684803,106600,22.35483870967742,401.12,89.05290322580645,27.0,0.105489,1
2020-02-01,2020,2,COBLONG,19.7529,19.9375,17.6564,14.0449,11.6372,17.847925,18.529924953095684,106600,21.99103448275862,629.82,91.53275862068965,26.75,0.104513,1
2020-03-01,2020,3,COBLONG,27.1741,19.7529,19.9375,17.6564,10.9149,21.130225000000003,25.491651031894932,106600,22.194193548387098,613.86,91.3616129032258,36.8,0.143778,1
2020-04-01,2020,4,COBLONG,20.1221,27.1741,19.7529,19.9375,12.4397,21.746650000000002,18.87626641651032,106600,22.423,359.35,90.376,27.25,0.106466,0
2020-05-01,2020,5,COBLONG,17.1315,20.1221,27.1741,19.7529,14.0449,21.045150000000003,16.070825515947465,106600,22.330322580645163,486.90999999999997,91.91612903225807,23.2,0.090643,0
2020-06-01,2020,6,COBLONG,13.6609,17.1315,20.1221,27.1741,17.6564,19.52215,12.815103189493433,106600,21.551,159.0,90.95,18.5,0.07228,0
2020-07-01,2020,7,COBLONG,8.6765,13.6609,17.1315,20.1221,19.9375,14.897750000000002,8.139305816135085,106600,20.79548387096774,102.75,89.11064516129032,11.75,0.045907,0
2020-08-01,2020,8,COBLONG,11.9625,8.6765,13.6609,17.1315,19.7529,12.857850000000001,11.221857410881801,106600,21.360967741935486,57.29,87.45516129032258,16.2,0.063294,0
2020-09-01,2020,9,COBLONG,11.0764,11.9625,8.6765,13.6609,27.1741,11.344075000000002,10.3906191369606,106600,21.523333333333333,195.74,86.688,15.0,0.058605,0
2020-10-01,2020,10,COBLONG,10.5226,11.0764,11.9625,8.6765,20.1221,10.559500000000003,9.871106941838649,106600,21.92290322580645,471.4,89.15064516129033,14.25,0.055675,1
2020-11-01,2020,11,COBLONG,16.9838,10.5226,11.0764,11.9625,17.1315,12.636325000000001,15.932270168855535,106600,21.974333333333334,334.45,90.29199999999999,23.0,0.089861,1
2020-12-01,2020,12,COBLONG,11.9994,16.9838,10.5226,11.0764,13.6609,12.645550000000002,11.256472795497185,106600,21.280645161290323,315.84000000000003,91.29451612903226,16.25,0.063489,1
2021-01-01,2021,1,COBLONG,12.0765,11.9994,16.9838,10.5226,8.6765,12.895575000000001,11.328799249530956,106600,21.016129032258064,342.89,91.80645161290323,14.6,0.069806,1
2021-02-01,2021,2,COBLONG,13.0277,12.0765,11.9994,16.9838,11.9625,13.521850000000002,12.221106941838649,106600,21.04357142857143,454.85,92.93928571428572,15.75,0.075305,1
2021-03-01,2021,3,COBLONG,16.5432,13.0277,12.0765,11.9994,11.0764,13.411700000000002,15.518949343339587,106600,21.4741935483871,611.72,89.84774193548388,20.0,0.095625,1
2021-04-01,2021,4,COBLONG,15.716,16.5432,13.0277,12.0765,10.5226,14.340850000000001,14.74296435272045,106600,21.441333333333333,210.6,90.00566666666667,19.0,0.090844,0
2021-05-01,2021,5,COBLONG,15.5506,15.716,16.5432,13.0277,16.9838,15.209375000000001,14.587804878048779,106600,22.094838709677422,206.06,90.47516129032257,18.8,0.089888,0
2021-06-01,2021,6,COBLONG,17.7839,15.5506,15.716,16.5432,11.9994,16.398425000000003,16.682833020637897,106600,21.572,260.94,89.66933333333333,21.5,0.102797,0
2021-07-01,2021,7,COBLONG,11.9938,17.7839,15.5506,15.716,12.0765,15.261075000000002,11.251219512195123,106600,20.67064516129032,72.52,88.60129032258064,14.5,0.069328,0
2021-08-01,2021,8,COBLONG,11.9111,11.9938,17.7839,15.5506,13.0277,14.30985,11.173639774859287,106600,21.206129032258065,111.66,88.73290322580644,14.4,0.06885,0
2021-09-01,2021,9,COBLONG,11.1666,11.9111,11.9938,17.7839,16.5432,13.213850000000003,10.475234521575986,106600,21.584666666666667,178.93,87.54133333333333,13.5,0.064547,0
2021-10-01,2021,10,COBLONG,11.2493,11.1666,11.9111,11.9938,15.716,11.580200000000001,10.55281425891182,106600,22.29774193548387,291.15,86.82225806451612,13.6,0.065025,1
2021-11-01,2021,11,COBLONG,17.9907,11.2493,11.1666,11.9111,15.5506,13.079425000000002,16.87682926829268,106600,21.753666666666668,452.44,90.89566666666666,21.75,0.103992,1
2021-12-01,2021,12,COBLONG,17.9907,17.9907,11.2493,11.1666,17.7839,14.599325000000004,16.87682926829268,106600,21.716129032258067,366.65000000000003,90.05903225806452,21.75,0.103992,1
2022-01-01,2022,1,COBLONG,32.4555,17.9907,17.9907,11.2493,11.9938,19.921550000000003,30.446060037523456,106600,21.427419354838708,218.29,90.04,29.0,0.113481,1
2022-02-01,2022,2,COBLONG,30.2172,32.4555,17.9907,17.9907,11.9111,24.663525,28.346341463414632,106600,21.202499999999997,251.17000000000002,90.17285714285715,27.0,0.105654,1
2022-03-01,2022,3,COBLONG,24.0618,30.2172,32.4555,17.9907,11.1666,26.1813,22.572045028142593,106600,21.671290322580646,303.35,89.7316129032258,21.5,0.084132,1
2022-04-01,2022,4,COBLONG,20.1448,24.0618,30.2172,32.4555,11.2493,26.719825000000004,18.897560975609757,106600,22.020333333333333,361.55,89.954,18.0,0.070436,0
2022-05-01,2022,5,COBLONG,20.5924,20.1448,24.0618,30.2172,17.9907,23.754050000000003,19.317448405253284,106600,22.018064516129034,249.94,90.39709677419354,18.4,0.072002,0
2022-06-01,2022,6,COBLONG,20.7044,20.5924,20.1448,24.0618,17.9907,21.375850000000003,19.42251407129456,106600,21.217,211.8,90.89233333333333,18.5,0.072393,0
2022-07-01,2022,7,COBLONG,20.1448,20.7044,20.5924,20.1448,32.4555,20.396600000000007,18.897560975609757,106600,21.188064516129035,200.27,89.83903225806452,18.0,0.070436,0
2022-08-01,2022,8,COBLONG,25.181,20.1448,20.7044,20.5924,30.2172,21.655650000000005,23.621951219512194,106600,21.362903225806452,138.33,88.19354838709677,22.5,0.088045,0
2022-09-01,2022,9,COBLONG,24.9012,25.181,20.1448,20.7044,24.0618,22.732850000000006,23.359474671669794,106600,21.667333333333332,301.34999999999997,89.089,22.25,0.087067,0
2022-10-01,2022,10,COBLONG,25.0691,24.9012,25.181,20.1448,20.1448,23.824025000000002,23.51697936210131,106600,21.640967741935484,426.72,90.4658064516129,22.4,0.087654,1
2022-11-01,2022,11,COBLONG,24.6214,25.0691,24.9012,25.181,20.5924,24.943175000000004,23.096998123827394,106600,21.424,413.78,91.02466666666668,22.0,0.086089,1
2022-12-01,2022,12,COBLONG,17.9065,24.6214,25.0691,24.9012,20.7044,23.124550000000003,16.797842401500937,106600,21.384516129032257,353.8,90.81741935483872,16.0,0.06261,1
2023-01-01,2023,1,COBLONG,9.6096,17.9065,24.6214,25.0691,20.1448,19.301650000000002,9.014634146341463,106600,21.17322580645161,158.04,90.5667741935484,17.0,0.099068,1
2023-02-01,2023,2,COBLONG,9.4682,9.6096,17.9065,24.6214,25.181,15.401425000000003,8.881988742964353,106600,20.5825,359.16,91.09357142857142,16.75,0.097611,1
2023-03-01,2023,3,COBLONG,8.7617,9.4682,9.6096,17.9065,24.9012,11.436500000000004,8.219230769230768,106600,21.701290322580647,334.8,90.1258064516129,15.5,0.090326,1
2023-04-01,2023,4,COBLONG,8.1399,8.7617,9.4682,9.6096,25.0691,8.994850000000003,7.635928705440902,106600,22.06566666666667,272.96,89.87733333333334,14.4,0.083916,0
2023-05-01,2023,5,COBLONG,8.903,8.1399,8.7617,9.4682,24.6214,8.818200000000004,8.351782363977486,106600,22.14774193548387,215.54000000000002,89.70709677419354,15.75,0.091783,0
2023-06-01,2023,6,COBLONG,7.6311,8.903,8.1399,8.7617,17.9065,8.358925000000003,7.158630393996248,106600,21.829,148.52,89.866,13.5,0.078671,0
2023-07-01,2023,7,COBLONG,6.2179,7.6311,8.903,8.1399,9.6096,7.722975000000004,5.832926829268293,106600,20.978387096774195,76.8,88.14032258064516,11.0,0.064103,0
2023-08-01,2023,8,COBLONG,7.6311,6.2179,7.6311,8.903,9.4682,7.595775000000004,7.158630393996248,106600,20.746129032258064,18.96,84.63129032258065,13.5,0.078671,0
2023-09-01,2023,9,COBLONG,7.3485,7.6311,6.2179,7.6311,8.7617,7.207150000000004,6.8935272045028135,106600,21.15533333333333,6.95,81.82133333333333,13.0,0.075758,0
2023-10-01,2023,10,COBLONG,7.0093,7.3485,7.6311,6.2179,8.1399,7.051700000000004,6.575328330206378,106600,22.83225806451613,56.58,79.87290322580645,12.4,0.072261,1
2023-11-01,2023,11,COBLONG,8.479,7.0093,7.3485,7.6311,8.903,7.616975000000004,7.954033771106941,106600,23.137999999999998,379.14,84.75633333333333,15.0,0.087413,1
2023-12-01,2023,12,COBLONG,7.8007,8.479,7.0093,7.3485,7.6311,7.659375000000003,7.317729831144464,106600,22.862903225806452,231.32,86.83161290322582,13.8,0.08042,1
2024-01-01,2024,1,COBLONG,33.2631,7.8007,8.479,7.0093,6.2179,14.138025000000004,31.20365853658537,106600,22.437419354838713,598.42,89.78064516129032,18.25,0.089417,1
2024-02-01,2024,2,COBLONG,36.4527,33.2631,7.8007,8.479,7.6311,21.498875000000005,34.19577861163227,106600,22.73793103448276,474.35,89.5803448275862,20.0,0.097991,1
2024-03-01,2024,3,COBLONG,47.7531,36.4527,33.2631,7.8007,7.3485,31.317400000000006,44.79652908067543,106600,22.405483870967743,391.27,90.65516129032258,26.2,0.128368,1
2024-04-01,2024,4,COBLONG,43.7433,47.7531,36.4527,33.2631,7.0093,40.303050000000006,41.034990619136956,106600,23.169,323.82,90.12033333333333,24.0,0.117589,0
2024-05-01,2024,5,COBLONG,43.7433,43.7433,47.7531,36.4527,8.479,42.923100000000005,41.034990619136956,106600,22.799354838709675,122.81,88.94935483870967,24.0,0.117589,0
2024-06-01,2024,6,COBLONG,30.2558,43.7433,43.7433,47.7531,7.8007,41.373875000000005,28.38255159474672,106600,22.169666666666668,235.73000000000002,89.03999999999999,16.6,0.081333,0
2024-07-01,2024,7,COBLONG,25.5169,30.2558,43.7433,43.7433,33.2631,35.814825,23.937054409005626,106600,21.01290322580645,291.43,89.00387096774193,14.0,0.068594,0
2024-08-01,2024,8,COBLONG,20.5047,25.5169,30.2558,43.7433,36.4527,30.005175,19.235178236397747,106600,21.080645161290324,79.38,86.01806451612903,11.25,0.05512,0
2024-09-01,2024,9,COBLONG,19.6845,20.5047,25.5169,30.2558,47.7531,23.990475000000004,18.465759849906192,106600,21.895333333333333,329.11,85.34933333333333,10.8,0.052915,0
2024-10-01,2024,10,COBLONG,22.3273,19.6845,20.5047,25.5169,43.7433,22.008350000000004,20.944934333958727,106600,22.643225806451614,85.42999999999999,85.1325806451613,12.25,0.06002,1
2024-11-01,2024,11,COBLONG,21.416,22.3273,19.6845,20.5047,43.7433,20.983125000000005,20.090056285178235,106600,22.590333333333334,530.84,88.96533333333333,11.75,0.05757,1
2024-12-01,2024,12,COBLONG,27.3395,21.416,22.3273,19.6845,30.2558,22.691825000000005,25.646810506566606,106600,21.753870967741936,329.88,91.23483870967742,15.0,0.073493,1
2016-01-01,2016,1,GEDEBAGE,11.6222,,,,,11.6222,28.20922330097087,41200,22.434516129032257,396.61,88.54548387096774,25.6,0.124969,1
2016-02-01,2016,2,GEDEBAGE,15.5492,11.6222,,,,13.5857,37.74077669902913,41200,22.00206896551724,468.95,90.91551724137932,34.25,0.167196,1
2016-03-01,2016,3,GEDEBAGE,11.8038,15.5492,11.6222,,,12.991733333333334,28.650000000000002,41200,22.740322580645163,477.1,90.77612903225807,26.0,0.126922,1
2016-04-01,2016,4,GEDEBAGE,10.6688,11.8038,15.5492,11.6222,,12.411,25.89514563106796,41200,22.466,489.21,91.35133333333333,23.5,0.114718,0
2016-05-01,2016,5,GEDEBAGE,7.5362,10.6688,11.8038,15.5492,,11.3895,18.291747572815535,41200,22.4,251.60999999999999,90.83612903225807,16.6,0.081035,0
2016-06-01,2016,6,GEDEBAGE,5.3344,7.5362,10.6688,11.8038,,8.8358,12.94757281553398,41200,21.715333333333334,176.73,88.34833333333333,11.75,0.057359,0
2016-07-01,2016,7,GEDEBAGE,4.9939,5.3344,7.5362,10.6688,11.6222,7.133324999999999,12.121116504854369,41200,21.557419354838707,300.44,89.96677419354839,11.0,0.053698,0
2016-08-01,2016,8,GEDEBAGE,5.1074,4.9939,5.3344,7.5362,15.5492,5.742975,12.396601941747573,41200,21.18967741935484,190.43,88.61,11.25,0.054918,0
2016-09-01,2016,9,GEDEBAGE,5.1074,5.1074,4.9939,5.3344,11.8038,5.135775000000001,12.396601941747573,41200,21.71033333333333,438.58,89.848,11.25,0.054918,0
2016-10-01,2016,10,GEDEBAGE,5.1755,5.1074,5.1074,4.9939,10.6688,5.09605,12.561893203883498,41200,21.464193548387097,440.99,91.19935483870967,11.4,0.05565,1
2016-11-01,2016,11,GEDEBAGE,5.2209,5.1755,5.1074,5.1074,7.5362,5.1528,12.672087378640777,41200,21.88,430.71999999999997,90.57866666666668,11.5,0.056139,1
2016-12-01,2016,12,GEDEBAGE,4.8804,5.2209,5.1755,5.1074,5.3344,5.09605,11.845631067961165,41200,21.13935483870968,188.26,90.15129032258065,10.75,0.052477,1
2017-01-01,2017,1,GEDEBAGE,3.5523,4.8804,5.2209,5.1755,4.9939,4.707275,8.622087378640776,41200,21.030645161290323,295.58,90.34,11.6,0.122492,1
2017-02-01,2017,2,GEDEBAGE,2.9857,3.5523,4.8804,5.2209,5.1074,4.1598250000000005,7.246844660194174,41200,21.141428571428573,478.78000000000003,91.32892857142858,9.75,0.102957,1
2017-03-01,2017,3,GEDEBAGE,2.8326,2.9857,3.5523,4.8804,5.1074,3.5627500000000003,6.875242718446602,41200,21.510967741935485,336.51,89.8583870967742,9.25,0.097677,1
2017-04-01,2017,4,GEDEBAGE,2.3886,2.8326,2.9857,3.5523,5.1755,2.9397999999999995,5.7975728155339805,41200,21.872666666666664,371.34,90.94333333333334,7.8,0.082365,0
2017-05-01,2017,5,GEDEBAGE,2.1436,2.3886,2.8326,2.9857,5.2209,2.587625,5.202912621359224,41200,21.852903225806454,209.88,90.35548387096775,7.0,0.073918,0
2017-06-01,2017,6,GEDEBAGE,1.6843,2.1436,2.3886,2.8326,4.8804,2.262275,4.088106796116505,41200,21.282666666666668,155.11,90.05266666666667,5.5,0.058078,0
2017-07-01,2017,7,GEDEBAGE,1.7761,1.6843,2.1436,2.3886,3.5523,1.9981499999999999,4.310922330097087,41200,20.681612903225805,89.05,89.09967741935485,5.8,0.061246,0
2017-08-01,2017,8,GEDEBAGE,1.9139,1.7761,1.6843,2.1436,2.9857,1.8794749999999998,4.645388349514563,41200,20.58225806451613,29.75,86.16129032258064,6.25,0.065998,0
2017-09-01,2017,9,GEDEBAGE,2.0671,1.9139,1.7761,1.6843,2.8326,1.86035,5.017233009708738,41200,21.449666666666666,108.77000000000001,84.02466666666668,6.75,0.071278,0
2017-10-01,2017,10,GEDEBAGE,2.6336,2.0671,1.9139,1.7761,2.3886,2.0976749999999997,6.392233009708738,41200,22.156451612903226,516.17,87.77129032258064,8.6,0.090813,1
2017-11-01,2017,11,GEDEBAGE,2.7561,2.6336,2.0671,1.9139,2.1436,2.342675,6.6895631067961165,41200,21.842666666666666,451.08,89.273,9.0,0.095037,1
2017-12-01,2017,12,GEDEBAGE,2.2661,2.7561,2.6336,2.0671,1.6843,2.430725,5.500242718446602,41200,21.30516129032258,259.67,89.88935483870968,7.4,0.078141,1
2018-01-01,2018,1,GEDEBAGE,4.4812,2.2661,2.7561,2.6336,1.7761,3.03425,10.876699029126215,41200,20.889032258064514,262.41,91.22258064516129,7.25,0.080022,1
2018-02-01,2018,2,GEDEBAGE,4.3267,4.4812,2.2661,2.7561,1.9139,3.4575249999999995,10.501699029126213,41200,21.117142857142856,517.61,91.1925,7.0,0.077263,1
2018-03-01,2018,3,GEDEBAGE,4.3267,4.3267,4.4812,2.2661,2.0671,3.8501749999999997,10.501699029126213,41200,21.65741935483871,387.92,89.85741935483871,7.0,0.077263,1
2018-04-01,2018,4,GEDEBAGE,4.3267,4.3267,4.3267,4.4812,2.6336,4.3653249999999995,10.501699029126213,41200,21.947,262.95,89.76933333333334,7.0,0.077263,0
2018-05-01,2018,5,GEDEBAGE,4.1722,4.3267,4.3267,4.3267,2.7561,4.288075,10.126699029126213,41200,21.772903225806452,120.22,88.87645161290322,6.75,0.074503,0
2018-06-01,2018,6,GEDEBAGE,3.3996,4.1722,4.3267,4.3267,2.2661,4.0563,8.251456310679611,41200,21.314333333333334,91.12,88.38766666666668,5.5,0.060706,0
2018-07-01,2018,7,GEDEBAGE,3.7086,3.3996,4.1722,4.3267,4.4812,3.9017749999999998,9.001456310679611,41200,19.885161290322582,5.63,85.66225806451614,6.0,0.066225,0
2018-08-01,2018,8,GEDEBAGE,4.0177,3.7086,3.3996,4.1722,4.3267,3.8245250000000004,9.751699029126213,41200,20.21161290322581,32.75,84.21451612903226,6.5,0.071744,0
2018-09-01,2018,9,GEDEBAGE,4.3267,4.0177,3.7086,3.3996,4.3267,3.86315,10.501699029126213,41200,21.037,96.61,83.175,7.0,0.077263,0
2018-10-01,2018,10,GEDEBAGE,5.0993,4.3267,4.0177,3.7086,4.3267,4.288075,12.376941747572817,41200,22.358709677419355,189.07,82.22838709677418,8.25,0.09106,1
2018-11-01,2018,11,GEDEBAGE,6.0265,5.0993,4.3267,4.0177,4.1722,4.86755,14.62742718446602,41200,22.28033333333333,425.59000000000003,87.10799999999999,9.75,0.107616,1
2018-12-01,2018,12,GEDEBAGE,7.7881,6.0265,5.0993,4.3267,3.3996,5.81015,18.903155339805824,41200,21.870645161290323,411.58,90.10225806451614,12.6,0.139073,1
2019-01-01,2019,1,GEDEBAGE,18.0897,7.7881,6.0265,5.0993,3.7086,9.2509,43.90703883495146,41200,21.614516129032257,413.94,90.2341935483871,28.5,0.17394,1
2019-02-01,2019,2,GEDEBAGE,21.8981,18.0897,7.7881,6.0265,4.0177,13.4506,53.150728155339806,41200,22.12642857142857,488.76,90.59357142857142,34.5,0.210558,1
2019-03-01,2019,3,GEDEBAGE,12.1868,21.8981,18.0897,7.7881,4.3267,14.990675,29.579611650485436,41200,21.675483870967742,289.9,89.77451612903226,19.2,0.11718,1
2019-04-01,2019,4,GEDEBAGE,8.7275,12.1868,21.8981,18.0897,5.0993,15.225525,21.183252427184463,41200,22.535333333333334,455.36,90.312,13.75,0.083918,0
2019-05-01,2019,5,GEDEBAGE,7.1407,8.7275,12.1868,21.8981,6.0265,12.488275,17.331796116504854,41200,21.986451612903227,228.52,89.65741935483871,11.25,0.06866,0
2019-06-01,2019,6,GEDEBAGE,5.4587,7.1407,8.7275,12.1868,7.7881,8.378425,13.249271844660194,41200,20.71066666666667,44.2,86.69033333333333,8.6,0.052487,0
2019-07-01,2019,7,GEDEBAGE,4.1257,5.4587,7.1407,8.7275,18.0897,6.36315,10.01383495145631,41200,20.04064516129032,28.17,86.75548387096775,6.5,0.03967,0
2019-08-01,2019,8,GEDEBAGE,4.6018,4.1257,5.4587,7.1407,21.8981,5.331725,11.169417475728155,41200,19.98225806451613,19.74,84.07290322580646,7.25,0.044248,0
2019-09-01,2019,9,GEDEBAGE,4.3161,4.6018,4.1257,5.4587,12.1868,4.6255749999999995,10.475970873786407,41200,20.884333333333334,9.68,80.54033333333334,6.8,0.041501,0
2019-10-01,2019,10,GEDEBAGE,4.9191,4.3161,4.6018,4.1257,8.7275,4.4906749999999995,11.939563106796117,41200,22.31451612903226,80.15,78.2658064516129,7.75,0.047299,1
2019-11-01,2019,11,GEDEBAGE,5.5539,4.9191,4.3161,4.6018,7.1407,4.8477250000000005,13.480339805825242,41200,22.717333333333332,209.04,81.00466666666667,8.75,0.053403,1
2019-12-01,2019,12,GEDEBAGE,6.982,5.5539,4.9191,4.3161,5.4587,5.442775,16.946601941747574,41200,22.92322580645161,493.07,85.07225806451612,11.0,0.067135,1
2020-01-01,2020,1,GEDEBAGE,6.7513,6.982,5.5539,4.9191,4.1257,6.051575,16.386650485436892,41200,22.35483870967742,401.12,89.05290322580645,27.0,0.105489,1
2020-02-01,2020,2,GEDEBAGE,6.6888,6.7513,6.982,5.5539,4.6018,6.494,16.23495145631068,41200,21.99103448275862,629.82,91.53275862068965,26.75,0.104513,1
2020-03-01,2020,3,GEDEBAGE,9.2018,6.6888,6.7513,6.982,4.3161,7.405975000000001,22.334466019417476,41200,22.194193548387098,613.86,91.3616129032258,36.8,0.143778,1
2020-04-01,2020,4,GEDEBAGE,6.8138,9.2018,6.6888,6.7513,4.9191,7.363925,16.538349514563105,41200,22.423,359.35,90.376,27.25,0.106466,0
2020-05-01,2020,5,GEDEBAGE,5.8011,6.8138,9.2018,6.6888,5.5539,7.1263749999999995,14.080339805825243,41200,22.330322580645163,486.90999999999997,91.91612903225807,23.2,0.090643,0
2020-06-01,2020,6,GEDEBAGE,4.6259,5.8011,6.8138,9.2018,6.982,6.610650000000001,11.227912621359224,41200,21.551,159.0,90.95,18.5,0.07228,0
2020-07-01,2020,7,GEDEBAGE,2.9381,4.6259,5.8011,6.8138,6.7513,5.044725,7.1313106796116505,41200,20.79548387096774,102.75,89.11064516129032,11.75,0.045907,0
2020-08-01,2020,8,GEDEBAGE,4.0508,2.9381,4.6259,5.8011,6.6888,4.353975,9.832038834951456,41200,21.360967741935486,57.29,87.45516129032258,16.2,0.063294,0
2020-09-01,2020,9,GEDEBAGE,3.7507,4.0508,2.9381,4.6259,9.2018,3.841375,9.10364077669903,41200,21.523333333333333,195.74,86.688,15.0,0.058605,0
2020-10-01,2020,10,GEDEBAGE,3.5632,3.7507,4.0508,2.9381,6.8138,3.5757,8.64854368932039,41200,21.92290322580645,471.4,89.15064516129033,14.25,0.055675,1
2020-11-01,2020,11,GEDEBAGE,5.7511,3.5632,3.7507,4.0508,5.8011,4.27895,13.958980582524271,41200,21.974333333333334,334.45,90.29199999999999,23.0,0.089861,1
2020-12-01,2020,12,GEDEBAGE,4.0633,5.7511,3.5632,3.7507,4.6259,4.282075,9.862378640776699,41200,21.280645161290323,315.84000000000003,91.29451612903226,16.25,0.063489,1
2021-01-01,2021,1,GEDEBAGE,5.9335,4.0633,5.7511,3.5632,2.9381,4.827775,14.401699029126215,41200,21.016129032258064,342.89,91.80645161290323,14.6,0.069806,1
2021-02-01,2021,2,GEDEBAGE,6.4009,5.9335,4.0633,5.7511,4.0508,5.5372,15.536165048543689,41200,21.04357142857143,454.85,92.93928571428572,15.75,0.075305,1
2021-03-01,2021,3,GEDEBAGE,8.1281,6.4009,5.9335,4.0633,3.7507,6.13145,19.728398058252427,41200,21.4741935483871,611.72,89.84774193548388,20.0,0.095625,1
2021-04-01,2021,4,GEDEBAGE,7.7217,8.1281,6.4009,5.9335,3.5632,7.046050000000001,18.741990291262134,41200,21.441333333333333,210.6,90.00566666666667,19.0,0.090844,0
2021-05-01,2021,5,GEDEBAGE,7.6404,7.7217,8.1281,6.4009,5.7511,7.472775,18.544660194174757,41200,22.094838709677422,206.06,90.47516129032257,18.8,0.089888,0
2021-06-01,2021,6,GEDEBAGE,8.7377,7.6404,7.7217,8.1281,4.0633,8.056975,21.208009708737865,41200,21.572,260.94,89.66933333333333,21.5,0.102797,0
2021-07-01,2021,7,GEDEBAGE,5.8929,8.7377,7.6404,7.7217,5.9335,7.498175,14.303155339805826,41200,20.67064516129032,72.52,88.60129032258064,14.5,0.069328,0
2021-08-01,2021,8,GEDEBAGE,5.8523,5.8929,8.7377,7.6404,6.4009,7.030825,14.204611650485434,41200,21.206129032258065,111.66,88.73290322580644,14.4,0.06885,0
2021-09-01,2021,9,GEDEBAGE,5.4865,5.8523,5.8929,8.7377,8.1281,6.49235,13.316747572815533,41200,21.584666666666667,178.93,87.54133333333333,13.5,0.064547,0
2021-10-01,2021,10,GEDEBAGE,5.5271,5.4865,5.8523,5.8929,7.7217,5.689699999999999,13.415291262135922,41200,22.29774193548387,291.15,86.82225806451612,13.6,0.065025,1
2021-11-01,2021,11,GEDEBAGE,8.8393,5.5271,5.4865,5.8523,7.6404,6.4263,21.454611650485436,41200,21.753666666666668,452.44,90.89566666666666,21.75,0.103992,1
2021-12-01,2021,12,GEDEBAGE,8.8393,8.8393,5.5271,5.4865,8.7377,7.17305,21.454611650485436,41200,21.716129032258067,366.65000000000003,90.05903225806452,21.75,0.103992,1
2022-01-01,2022,1,GEDEBAGE,18.6108,8.8393,8.8393,5.5271,5.8929,10.454125000000001,45.171844660194175,41200,21.427419354838708,218.29,90.04,29.0,0.113481,1
2022-02-01,2022,2,GEDEBAGE,17.3273,18.6108,8.8393,8.8393,5.8523,13.404175,42.056553398058256,41200,21.202499999999997,251.17000000000002,90.17285714285715,27.0,0.105654,1
2022-03-01,2022,3,GEDEBAGE,13.7977,17.3273,18.6108,8.8393,5.4865,14.643775,33.48956310679612,41200,21.671290322580646,303.35,89.7316129032258,21.5,0.084132,1
2022-04-01,2022,4,GEDEBAGE,11.5516,13.7977,17.3273,18.6108,5.5271,15.321850000000001,28.0378640776699,41200,22.020333333333333,361.55,89.954,18.0,0.070436,0
2022-05-01,2022,5,GEDEBAGE,11.8083,11.5516,13.7977,17.3273,8.8393,13.621225,28.660922330097087,41200,22.018064516129034,249.94,90.39709677419354,18.4,0.072002,0
2022-06-01,2022,6,GEDEBAGE,11.8724,11.8083,11.5516,13.7977,8.8393,12.2575,28.816504854368937,41200,21.217,211.8,90.89233333333333,18.5,0.072393,0
2022-07-01,2022,7,GEDEBAGE,11.5516,11.8724,11.8083,11.5516,18.6108,11.695975,28.0378640776699,41200,21.188064516129035,200.27,89.83903225806452,18.0,0.070436,0
2022-08-01,2022,8,GEDEBAGE,14.4394,11.5516,11.8724,11.8083,17.3273,12.417925,35.047087378640775,41200,21.362903225806452,138.33,88.19354838709677,22.5,0.088045,0
2022-09-01,2022,9,GEDEBAGE,14.279,14.4394,11.5516,11.8724,13.7977,13.035599999999999,34.657766990291265,41200,21.667333333333332,301.34999999999997,89.089,22.25,0.087067,0
2022-10-01,2022,10,GEDEBAGE,14.3753,14.279,14.4394,11.5516,11.5516,13.661325,34.89150485436893,41200,21.640967741935484,426.72,90.4658064516129,22.4,0.087654,1
2022-11-01,2022,11,GEDEBAGE,14.1186,14.3753,14.279,14.4394,11.8083,14.303075,34.26844660194175,41200,21.424,413.78,91.02466666666668,22.0,0.086089,1
2022-12-01,2022,12,GEDEBAGE,10.268,14.1186,14.3753,14.279,11.8724,13.260225,24.92233009708738,41200,21.384516129032257,353.8,90.81741935483872,16.0,0.06261,1
2023-01-01,2023,1,GEDEBAGE,2.7739,10.268,14.1186,14.3753,11.5516,10.383949999999999,6.732766990291261,41200,21.17322580645161,158.04,90.5667741935484,17.0,0.099068,1
2023-02-01,2023,2,GEDEBAGE,2.7331,2.7739,10.268,14.1186,14.4394,7.4734,6.633737864077669,41200,20.5825,359.16,91.09357142857142,16.75,0.097611,1
2023-03-01,2023,3,GEDEBAGE,2.5291,2.7331,2.7739,10.268,14.279,4.5760250000000005,6.1385922330097085,41200,21.701290322580647,334.8,90.1258064516129,15.5,0.090326,1
2023-04-01,2023,4,GEDEBAGE,2.3497,2.5291,2.7331,2.7739,14.3753,2.59645,5.703155339805825,41200,22.06566666666667,272.96,89.87733333333334,14.4,0.083916,0
2023-05-01,2023,5,GEDEBAGE,2.5699,2.3497,2.5291,2.7331,14.1186,2.54545,6.237621359223302,41200,22.14774193548387,215.54000000000002,89.70709677419354,15.75,0.091783,0
2023-06-01,2023,6,GEDEBAGE,2.2028,2.5699,2.3497,2.5291,10.268,2.412875,5.346601941747572,41200,21.829,148.52,89.866,13.5,0.078671,0
2023-07-01,2023,7,GEDEBAGE,1.7949,2.2028,2.5699,2.3497,2.7739,2.2293250000000002,4.356553398058252,41200,20.978387096774195,76.8,88.14032258064516,11.0,0.064103,0
2023-08-01,2023,8,GEDEBAGE,2.2028,1.7949,2.2028,2.5699,2.7331,2.1925999999999997,5.346601941747572,41200,20.746129032258064,18.96,84.63129032258065,13.5,0.078671,0
2023-09-01,2023,9,GEDEBAGE,2.1212,2.2028,1.7949,2.2028,2.5291,2.080425,5.148543689320388,41200,21.15533333333333,6.95,81.82133333333333,13.0,0.075758,0
2023-10-01,2023,10,GEDEBAGE,2.0233,2.1212,2.2028,1.7949,2.3497,2.0355499999999997,4.910922330097087,41200,22.83225806451613,56.58,79.87290322580645,12.4,0.072261,1
2023-11-01,2023,11,GEDEBAGE,2.4476,2.0233,2.1212,2.2028,2.5699,2.198725,5.940776699029126,41200,23.137999999999998,379.14,84.75633333333333,15.0,0.087413,1
2023-12-01,2023,12,GEDEBAGE,2.2517,2.4476,2.0233,2.1212,2.2028,2.21095,5.465291262135922,41200,22.862903225806452,231.32,86.83161290322582,13.8,0.08042,1
2024-01-01,2024,1,GEDEBAGE,24.8579,2.2517,2.4476,2.0233,1.7949,7.895125,60.334708737864084,41200,22.437419354838713,598.42,89.78064516129032,18.25,0.089417,1
2024-02-01,2024,2,GEDEBAGE,27.2415,24.8579,2.2517,2.4476,2.2028,14.199675,66.12014563106796,41200,22.73793103448276,474.35,89.5803448275862,20.0,0.097991,1
2024-03-01,2024,3,GEDEBAGE,35.6864,27.2415,24.8579,2.2517,2.1212,22.509375,86.61747572815534,41200,22.405483870967743,391.27,90.65516129032258,26.2,0.128368,1
2024-04-01,2024,4,GEDEBAGE,32.6899,35.6864,27.2415,24.8579,2.0233,30.118925,79.34441747572816,41200,23.169,323.82,90.12033333333333,24.0,0.117589,0
2024-05-01,2024,5,GEDEBAGE,32.6899,32.6899,35.6864,27.2415,2.4476,32.076925,79.34441747572816,41200,22.799354838709675,122.81,88.94935483870967,24.0,0.117589,0
2024-06-01,2024,6,GEDEBAGE,22.6105,32.6899,32.6899,35.6864,2.2517,30.919175,54.87985436893203,41200,22.169666666666668,235.73000000000002,89.03999999999999,16.6,0.081333,0
2024-07-01,2024,7,GEDEBAGE,19.0691,22.6105,32.6899,32.6899,24.8579,26.764850000000003,46.28422330097087,41200,21.01290322580645,291.43,89.00387096774193,14.0,0.068594,0
2024-08-01,2024,8,GEDEBAGE,15.3234,19.0691,22.6105,32.6899,27.2415,22.423225000000002,37.192718446601944,41200,21.080645161290324,79.38,86.01806451612903,11.25,0.05512,0
2024-09-01,2024,9,GEDEBAGE,14.7104,15.3234,19.0691,22.6105,35.6864,17.928350000000002,35.70485436893204,41200,21.895333333333333,329.11,85.34933333333333,10.8,0.052915,0
2024-10-01,2024,10,GEDEBAGE,16.6854,14.7104,15.3234,19.0691,32.6899,16.447075,40.49854368932039,41200,22.643225806451614,85.42999999999999,85.1325806451613,12.25,0.06002,1
2024-11-01,2024,11,GEDEBAGE,16.0044,16.6854,14.7104,15.3234,32.6899,15.680900000000003,38.845631067961165,41200,22.590333333333334,530.84,88.96533333333333,11.75,0.05757,1
2024-12-01,2024,12,GEDEBAGE,20.4312,16.0044,16.6854,14.7104,22.6105,16.957850000000004,49.59029126213592,41200,21.753870967741936,329.88,91.23483870967742,15.0,0.073493,1
2016-01-01,2016,1,KIARACONDONG,25.3688,,,,,25.3688,19.865935787000783,127700,22.434516129032257,396.61,88.54548387096774,25.6,0.124969,1
2016-02-01,2016,2,KIARACONDONG,33.9407,25.3688,,,,29.65475,26.578465152701646,127700,22.00206896551724,468.95,90.91551724137932,34.25,0.167196,1
2016-03-01,2016,3,KIARACONDONG,25.7652,33.9407,25.3688,,,28.358233333333335,20.176350822239627,127700,22.740322580645163,477.1,90.77612903225807,26.0,0.126922,1
2016-04-01,2016,4,KIARACONDONG,23.2878,25.7652,33.9407,25.3688,,27.090625,18.236335160532498,127700,22.466,489.21,91.35133333333333,23.5,0.114718,0
2016-05-01,2016,5,KIARACONDONG,16.4501,23.2878,25.7652,33.9407,,24.86095,12.881832419733751,127700,22.4,251.60999999999999,90.83612903225807,16.6,0.081035,0
2016-06-01,2016,6,KIARACONDONG,11.6439,16.4501,23.2878,25.7652,,19.28675,9.118167580266249,127700,21.715333333333334,176.73,88.34833333333333,11.75,0.057359,0
2016-07-01,2016,7,KIARACONDONG,10.9007,11.6439,16.4501,23.2878,25.3688,15.570625,8.536178543461238,127700,21.557419354838707,300.44,89.96677419354839,11.0,0.053698,0
2016-08-01,2016,8,KIARACONDONG,11.1484,10.9007,11.6439,16.4501,33.9407,12.535775,8.730148786217697,127700,21.18967741935484,190.43,88.61,11.25,0.054918,0
2016-09-01,2016,9,KIARACONDONG,11.1484,11.1484,10.9007,11.6439,25.7652,11.21035,8.730148786217697,127700,21.71033333333333,438.58,89.848,11.25,0.054918,0
2016-10-01,2016,10,KIARACONDONG,11.297,11.1484,11.1484,10.9007,23.2878,11.123625,8.84651527016445,127700,21.464193548387097,440.99,91.19935483870967,11.4,0.05565,1
2016-11-01,2016,11,KIARACONDONG,11.3961,11.297,11.1484,11.1484,16.4501,11.247475000000001,8.92411902897416,127700,21.88,430.71999999999997,90.57866666666668,11.5,0.056139,1
2016-12-01,2016,12,KIARACONDONG,10.6529,11.3961,11.297,11.1484,11.6439,11.1236,8.342129992169147,127700,21.13935483870968,188.26,90.15129032258065,10.75,0.052477,1
2017-01-01,2017,1,KIARACONDONG,13.9641,10.6529,11.3961,11.297,10.9007,11.827525,10.935082223962413,127700,21.030645161290323,295.58,90.34,11.6,0.122492,1
2017-02-01,2017,2,KIARACONDONG,11.7371,13.9641,10.6529,11.3961,11.1484,11.937550000000002,9.191151135473767,127700,21.141428571428573,478.78000000000003,91.32892857142858,9.75,0.102957,1
2017-03-01,2017,3,KIARACONDONG,11.1352,11.7371,13.9641,10.6529,11.1484,11.872325,8.719812059514487,127700,21.510967741935485,336.51,89.8583870967742,9.25,0.097677,1
2017-04-01,2017,4,KIARACONDONG,9.3897,11.1352,11.7371,13.9641,11.297,11.556524999999999,7.352936570086139,127700,21.872666666666664,371.34,90.94333333333334,7.8,0.082365,0
2017-05-01,2017,5,KIARACONDONG,8.4266,9.3897,11.1352,11.7371,11.3961,10.17215,6.598747063429914,127700,21.852903225806454,209.88,90.35548387096775,7.0,0.073918,0
2017-06-01,2017,6,KIARACONDONG,6.6209,8.4266,9.3897,11.1352,10.6529,8.8931,5.184729835552075,127700,21.282666666666668,155.11,90.05266666666667,5.5,0.058078,0
2017-07-01,2017,7,KIARACONDONG,6.982,6.6209,8.4266,9.3897,13.9641,7.854800000000001,5.467501957713391,127700,20.681612903225805,89.05,89.09967741935485,5.8,0.061246,0
2017-08-01,2017,8,KIARACONDONG,7.5238,6.982,6.6209,8.4266,11.7371,7.388325,5.891777603758809,127700,20.58225806451613,29.75,86.16129032258064,6.25,0.065998,0
2017-09-01,2017,9,KIARACONDONG,8.1257,7.5238,6.982,6.6209,11.1352,7.3131,6.36311667971809,127700,21.449666666666666,108.77000000000001,84.02466666666668,6.75,0.071278,0
2017-10-01,2017,10,KIARACONDONG,10.3527,8.1257,7.5238,6.982,9.3897,8.24605,8.107047768206735,127700,22.156451612903226,516.17,87.77129032258064,8.6,0.090813,1
2017-11-01,2017,11,KIARACONDONG,10.8342,10.3527,8.1257,7.5238,8.4266,9.2091,8.484103367267032,127700,21.842666666666666,451.08,89.273,9.0,0.095037,1
2017-12-01,2017,12,KIARACONDONG,8.9081,10.8342,10.3527,8.1257,6.6209,9.555175,6.97580266249021,127700,21.30516129032258,259.67,89.88935483870968,7.4,0.078141,1
2018-01-01,2018,1,KIARACONDONG,14.0039,8.9081,10.8342,10.3527,6.982,11.024725,10.966249021143305,127700,20.889032258064514,262.41,91.22258064516129,7.25,0.080022,1
2018-02-01,2018,2,KIARACONDONG,13.521,14.0039,8.9081,10.8342,7.5238,11.8168,10.588097102584182,127700,21.117142857142856,517.61,91.1925,7.0,0.077263,1
2018-03-01,2018,3,KIARACONDONG,13.521,13.521,14.0039,8.9081,8.1257,12.488500000000002,10.588097102584182,127700,21.65741935483871,387.92,89.85741935483871,7.0,0.077263,1
2018-04-01,2018,4,KIARACONDONG,13.521,13.521,13.521,14.0039,10.3527,13.641725000000001,10.588097102584182,127700,21.947,262.95,89.76933333333334,7.0,0.077263,0
2018-05-01,2018,5,KIARACONDONG,13.0381,13.521,13.521,13.521,10.8342,13.400275,10.209945184025058,127700,21.772903225806452,120.22,88.87645161290322,6.75,0.074503,0
2018-06-01,2018,6,KIARACONDONG,10.6236,13.0381,13.521,13.521,8.9081,12.675925,8.319185591229443,127700,21.314333333333334,91.12,88.38766666666668,5.5,0.060706,0
2018-07-01,2018,7,KIARACONDONG,11.5894,10.6236,13.0381,13.521,14.0039,12.193024999999999,9.075489428347689,127700,19.885161290322582,5.63,85.66225806451614,6.0,0.066225,0
2018-08-01,2018,8,KIARACONDONG,12.5552,11.5894,10.6236,13.0381,13.521,11.951574999999998,9.831793265465935,127700,20.21161290322581,32.75,84.21451612903226,6.5,0.071744,0
2018-09-01,2018,9,KIARACONDONG,13.521,12.5552,11.5894,10.6236,13.521,12.072299999999998,10.588097102584182,127700,21.037,96.61,83.175,7.0,0.077263,0
2018-10-01,2018,10,KIARACONDONG,15.9354,13.521,12.5552,11.5894,13.521,13.40025,12.478778386844166,127700,22.358709677419355,189.07,82.22838709677418,8.25,0.09106,1
2018-11-01,2018,11,KIARACONDONG,18.8328,15.9354,13.521,12.5552,13.0381,15.2111,14.747689898198903,127700,22.28033333333333,425.59000000000003,87.10799999999999,9.75,0.107616,1
2018-12-01,2018,12,KIARACONDONG,24.3377,18.8328,15.9354,13.521,10.6236,18.156725,19.0584964761159,127700,21.870645161290323,411.58,90.10225806451614,12.6,0.139073,1
2019-01-01,2019,1,KIARACONDONG,53.5734,24.3377,18.8328,15.9354,11.5894,28.169825,41.952545027407986,127700,21.614516129032257,413.94,90.2341935483871,28.5,0.17394,1
2019-02-01,2019,2,KIARACONDONG,64.852,53.5734,24.3377,18.8328,12.5552,40.398975,50.78465152701645,127700,22.12642857142857,488.76,90.59357142857142,34.5,0.210558,1
2019-03-01,2019,3,KIARACONDONG,36.0915,64.852,53.5734,24.3377,13.521,44.71365,28.26272513703994,127700,21.675483870967742,289.9,89.77451612903226,19.2,0.11718,1
2019-04-01,2019,4,KIARACONDONG,25.8468,36.0915,64.852,53.5734,15.9354,45.090925,20.24025058731402,127700,22.535333333333334,455.36,90.312,13.75,0.083918,0
2019-05-01,2019,5,KIARACONDONG,21.1474,25.8468,36.0915,64.852,18.8328,36.984425,16.560219263899764,127700,21.986451612903227,228.52,89.65741935483871,11.25,0.06866,0
2019-06-01,2019,6,KIARACONDONG,16.166,21.1474,25.8468,36.0915,24.3377,24.812925,12.659357870007833,127700,20.71066666666667,44.2,86.69033333333333,8.6,0.052487,0
2019-07-01,2019,7,KIARACONDONG,12.2185,16.166,21.1474,25.8468,53.5734,18.844675000000002,9.568128425998434,127700,20.04064516129032,28.17,86.75548387096775,6.5,0.03967,0
2019-08-01,2019,8,KIARACONDONG,13.6283,12.2185,16.166,21.1474,64.852,15.79005,10.672122161315583,127700,19.98225806451613,19.74,84.07290322580646,7.25,0.044248,0
2019-09-01,2019,9,KIARACONDONG,12.7824,13.6283,12.2185,16.166,36.0915,13.698799999999999,10.009710258418169,127700,20.884333333333334,9.68,80.54033333333334,6.8,0.041501,0
2019-10-01,2019,10,KIARACONDONG,14.5682,12.7824,13.6283,12.2185,25.8468,13.29935,11.408144087705558,127700,22.31451612903226,80.15,78.2658064516129,7.75,0.047299,1
2019-11-01,2019,11,KIARACONDONG,16.448,14.5682,12.7824,13.6283,21.1474,14.356725,12.880187940485515,127700,22.717333333333332,209.04,81.00466666666667,8.75,0.053403,1
2019-12-01,2019,12,KIARACONDONG,20.6774,16.448,14.5682,12.7824,16.166,16.119,16.19216914643696,127700,22.92322580645161,493.07,85.07225806451612,11.0,0.067135,1
2020-01-01,2020,1,KIARACONDONG,11.7093,20.6774,16.448,14.5682,12.2185,15.850725,9.16938136256852,127700,22.35483870967742,401.12,89.05290322580645,27.0,0.105489,1
2020-02-01,2020,2,KIARACONDONG,11.6009,11.7093,20.6774,16.448,13.6283,15.1089,9.084494909945183,127700,21.99103448275862,629.82,91.53275862068965,26.75,0.104513,1
2020-03-01,2020,3,KIARACONDONG,15.9594,11.6009,11.7093,20.6774,12.7824,14.98675,12.497572435395456,127700,22.194193548387098,613.86,91.3616129032258,36.8,0.143778,1
2020-04-01,2020,4,KIARACONDONG,11.8177,15.9594,11.6009,11.7093,14.5682,12.771825,9.254267815191858,127700,22.423,359.35,90.376,27.25,0.106466,0
2020-05-01,2020,5,KIARACONDONG,10.0613,11.8177,15.9594,11.6009,16.448,12.359825,7.878856695379796,127700,22.330322580645163,486.90999999999997,91.91612903225807,23.2,0.090643,0
2020-06-01,2020,6,KIARACONDONG,8.0231,10.0613,11.8177,15.9594,20.6774,11.465375,6.282772122161315,127700,21.551,159.0,90.95,18.5,0.07228,0
2020-07-01,2020,7,KIARACONDONG,5.0957,8.0231,10.0613,11.8177,11.7093,8.74945,3.990368050117463,127700,20.79548387096774,102.75,89.11064516129032,11.75,0.045907,0
2020-08-01,2020,8,KIARACONDONG,7.0256,5.0957,8.0231,10.0613,11.6009,7.551424999999999,5.501644479248237,127700,21.360967741935486,57.29,87.45516129032258,16.2,0.063294,0
2020-09-01,2020,9,KIARACONDONG,6.5052,7.0256,5.0957,8.0231,15.9594,6.6624,5.094126859827721,127700,21.523333333333333,195.74,86.688,15.0,0.058605,0
2020-10-01,2020,10,KIARACONDONG,6.1799,6.5052,7.0256,5.0957,11.8177,6.201599999999999,4.8393891934220825,127700,21.92290322580645,471.4,89.15064516129033,14.25,0.055675,1
2020-11-01,2020,11,KIARACONDONG,9.9746,6.1799,6.5052,7.0256,10.0613,7.421325,7.810963194988254,127700,21.974333333333334,334.45,90.29199999999999,23.0,0.089861,1
2020-12-01,2020,12,KIARACONDONG,7.0473,9.9746,6.1799,6.5052,8.0231,7.42675,5.518637431480031,127700,21.280645161290323,315.84000000000003,91.29451612903226,16.25,0.063489,1
2021-01-01,2021,1,KIARACONDONG,14.1009,7.0473,9.9746,6.1799,5.0957,9.325675,11.042208300704777,127700,21.016129032258064,342.89,91.80645161290323,14.6,0.069806,1
2021-02-01,2021,2,KIARACONDONG,15.2116,14.1009,7.0473,9.9746,7.0256,11.5836,11.911981205951449,127700,21.04357142857143,454.85,92.93928571428572,15.75,0.075305,1
2021-03-01,2021,3,KIARACONDONG,19.3163,15.2116,14.1009,7.0473,6.5052,13.919025,15.126311667971809,127700,21.4741935483871,611.72,89.84774193548388,20.0,0.095625,1
2021-04-01,2021,4,KIARACONDONG,18.3505,19.3163,15.2116,14.1009,6.1799,16.744825,14.370007830853563,127700,21.441333333333333,210.6,90.00566666666667,19.0,0.090844,0
2021-05-01,2021,5,KIARACONDONG,18.1573,18.3505,19.3163,15.2116,9.9746,17.758925,14.21871574001566,127700,22.094838709677422,206.06,90.47516129032257,18.8,0.089888,0
2021-06-01,2021,6,KIARACONDONG,20.765,18.1573,18.3505,19.3163,7.0473,19.147275,16.260767423649177,127700,21.572,260.94,89.66933333333333,21.5,0.102797,0
2021-07-01,2021,7,KIARACONDONG,14.0043,20.765,18.1573,18.3505,14.1009,17.819275,10.966562255285826,127700,20.67064516129032,72.52,88.60129032258064,14.5,0.069328,0
2021-08-01,2021,8,KIARACONDONG,13.9077,14.0043,20.765,18.1573,15.2116,16.708575,10.890916209866875,127700,21.206129032258065,111.66,88.73290322580644,14.4,0.06885,0
2021-09-01,2021,9,KIARACONDONG,13.0385,13.9077,14.0043,20.765,19.3163,15.428875,10.21025841816758,127700,21.584666666666667,178.93,87.54133333333333,13.5,0.064547,0
2021-10-01,2021,10,KIARACONDONG,13.1351,13.0385,13.9077,14.0043,18.3505,13.521400000000002,10.28590446358653,127700,22.29774193548387,291.15,86.82225806451612,13.6,0.065025,1
2021-11-01,2021,11,KIARACONDONG,21.0065,13.1351,13.0385,13.9077,18.1573,15.271949999999999,16.44988253719655,127700,21.753666666666668,452.44,90.89566666666666,21.75,0.103992,1
2021-12-01,2021,12,KIARACONDONG,21.0065,21.0065,13.1351,13.0385,20.765,17.04665,16.44988253719655,127700,21.716129032258067,366.65000000000003,90.05903225806452,21.75,0.103992,1
2022-01-01,2022,1,KIARACONDONG,28.3702,21.0065,21.0065,13.1351,14.0043,20.879575,22.21628817541112,127700,21.427419354838708,218.29,90.04,29.0,0.113481,1
2022-02-01,2022,2,KIARACONDONG,26.4136,28.3702,21.0065,21.0065,13.9077,24.1992,20.68410336726703,127700,21.202499999999997,251.17000000000002,90.17285714285715,27.0,0.105654,1
2022-03-01,2022,3,KIARACONDONG,21.0331,26.4136,28.3702,21.0065,13.0385,24.205849999999998,16.470712607674237,127700,21.671290322580646,303.35,89.7316129032258,21.5,0.084132,1
2022-04-01,2022,4,KIARACONDONG,17.6091,21.0331,26.4136,28.3702,13.1351,23.3565,13.7894283476899,127700,22.020333333333333,361.55,89.954,18.0,0.070436,0
2022-05-01,2022,5,KIARACONDONG,18.0004,17.6091,21.0331,26.4136,21.0065,20.76405,14.095849647611589,127700,22.018064516129034,249.94,90.39709677419354,18.4,0.072002,0
2022-06-01,2022,6,KIARACONDONG,18.0982,18.0004,17.6091,21.0331,21.0065,18.6852,14.172435395458104,127700,21.217,211.8,90.89233333333333,18.5,0.072393,0
2022-07-01,2022,7,KIARACONDONG,17.6091,18.0982,18.0004,17.6091,28.3702,17.8292,13.7894283476899,127700,21.188064516129035,200.27,89.83903225806452,18.0,0.070436,0
2022-08-01,2022,8,KIARACONDONG,22.0113,17.6091,18.0982,18.0004,26.4136,18.92975,17.23672670321065,127700,21.362903225806452,138.33,88.19354838709677,22.5,0.088045,0
2022-09-01,2022,9,KIARACONDONG,21.7668,22.0113,17.6091,18.0982,21.0331,19.87135,17.045262333594362,127700,21.667333333333332,301.34999999999997,89.089,22.25,0.087067,0
2022-10-01,2022,10,KIARACONDONG,21.9135,21.7668,22.0113,17.6091,17.6091,20.825174999999998,17.160140955364135,127700,21.640967741935484,426.72,90.4658064516129,22.4,0.087654,1
2022-11-01,2022,11,KIARACONDONG,21.5222,21.9135,21.7668,22.0113,18.0004,21.803449999999998,16.853719655442443,127700,21.424,413.78,91.02466666666668,22.0,0.086089,1
2022-12-01,2022,12,KIARACONDONG,15.6525,21.5222,21.9135,21.7668,18.0982,20.213749999999997,12.25724353954581,127700,21.384516129032257,353.8,90.81741935483872,16.0,0.06261,1
2023-01-01,2023,1,KIARACONDONG,6.2413,15.6525,21.5222,21.9135,17.6091,16.332375000000003,4.887470634299139,127700,21.17322580645161,158.04,90.5667741935484,17.0,0.099068,1
2023-02-01,2023,2,KIARACONDONG,6.1495,6.2413,15.6525,21.5222,22.0113,12.391375000000002,4.815583398590446,127700,20.5825,359.16,91.09357142857142,16.75,0.097611,1
2023-03-01,2023,3,KIARACONDONG,5.6906,6.1495,6.2413,15.6525,21.7668,8.433475,4.456225528582616,127700,21.701290322580647,334.8,90.1258064516129,15.5,0.090326,1
2023-04-01,2023,4,KIARACONDONG,5.2867,5.6906,6.1495,6.2413,21.9135,5.842025,4.139937353171495,127700,22.06566666666667,272.96,89.87733333333334,14.4,0.083916,0
2023-05-01,2023,5,KIARACONDONG,5.7823,5.2867,5.6906,6.1495,21.5222,5.727275000000001,4.5280344557556775,127700,22.14774193548387,215.54000000000002,89.70709677419354,15.75,0.091783,0
2023-06-01,2023,6,KIARACONDONG,4.9563,5.7823,5.2867,5.6906,15.6525,5.428975,3.8812059514487074,127700,21.829,148.52,89.866,13.5,0.078671,0
2023-07-01,2023,7,KIARACONDONG,4.0385,4.9563,5.7823,5.2867,6.2413,5.01595,3.162490211433046,127700,20.978387096774195,76.8,88.14032258064516,11.0,0.064103,0
2023-08-01,2023,8,KIARACONDONG,4.9563,4.0385,4.9563,5.7823,6.1495,4.93335,3.8812059514487074,127700,20.746129032258064,18.96,84.63129032258065,13.5,0.078671,0
2023-09-01,2023,9,KIARACONDONG,4.7727,4.9563,4.0385,4.9563,5.6906,4.68095,3.7374314800313235,127700,21.15533333333333,6.95,81.82133333333333,13.0,0.075758,0
2023-10-01,2023,10,KIARACONDONG,4.5524,4.7727,4.9563,4.0385,5.2867,4.579975,3.564917776037588,127700,22.83225806451613,56.58,79.87290322580645,12.4,0.072261,1
2023-11-01,2023,11,KIARACONDONG,5.507,4.5524,4.7727,4.9563,5.7823,4.9471,4.312451057165231,127700,23.137999999999998,379.14,84.75633333333333,15.0,0.087413,1
2023-12-01,2023,12,KIARACONDONG,5.0664,5.507,4.5524,4.7727,4.9563,4.974625,3.9674236491777606,127700,22.862903225806452,231.32,86.83161290322582,13.8,0.08042,1
2024-01-01,2024,1,KIARACONDONG,30.4912,5.0664,5.507,4.5524,4.0385,11.40425,23.877212216131557,127700,22.437419354838713,598.42,89.78064516129032,18.25,0.089417,1
2024-02-01,2024,2,KIARACONDONG,33.415,30.4912,5.0664,5.507,4.9563,18.6199,26.166797180892715,127700,22.73793103448276,474.35,89.5803448275862,20.0,0.097991,1
2024-03-01,2024,3,KIARACONDONG,43.7736,33.415,30.4912,5.0664,4.7727,28.186549999999997,34.27846515270165,127700,22.405483870967743,391.27,90.65516129032258,26.2,0.128368,1
2024-04-01,2024,4,KIARACONDONG,40.098,43.7736,33.415,30.4912,4.5524,36.944449999999996,31.400156617071257,127700,23.169,323.82,90.12033333333333,24.0,0.117589,0
2024-05-01,2024,5,KIARACONDONG,40.098,40.098,43.7736,33.415,5.507,39.34615,31.400156617071257,127700,22.799354838709675,122.81,88.94935483870967,24.0,0.117589,0
2024-06-01,2024,6,KIARACONDONG,27.7344,40.098,40.098,43.7736,5.0664,37.926,21.71840250587314,127700,22.169666666666668,235.73000000000002,89.03999999999999,16.6,0.081333,0
2024-07-01,2024,7,KIARACONDONG,23.3905,27.7344,40.098,40.098,30.4912,32.830225,18.3167580266249,127700,21.01290322580645,291.43,89.00387096774193,14.0,0.068594,0
2024-08-01,2024,8,KIARACONDONG,18.7959,23.3905,27.7344,40.098,33.415,27.5047,14.718794048551292,127700,21.080645161290324,79.38,86.01806451612903,11.25,0.05512,0
2024-09-01,2024,9,KIARACONDONG,18.0441,18.7959,23.3905,27.7344,43.7736,21.991225,14.130070477682066,127700,21.895333333333333,329.11,85.34933333333333,10.8,0.052915,0
2024-10-01,2024,10,KIARACONDONG,20.4667,18.0441,18.7959,23.3905,40.098,20.1743,16.027173061863742,127700,22.643225806451614,85.42999999999999,85.1325806451613,12.25,0.06002,1
2024-11-01,2024,11,KIARACONDONG,19.6313,20.4667,18.0441,18.7959,40.098,19.234499999999997,15.372983555207517,127700,22.590333333333334,530.84,88.96533333333333,11.75,0.05757,1
2024-12-01,2024,12,KIARACONDONG,25.0612,19.6313,20.4667,18.0441,27.7344,20.800825,19.625058731401722,127700,21.753870967741936,329.88,91.23483870967742,15.0,0.073493,1
2016-01-01,2016,1,LENGKONG,28.2431,,,,,28.2431,40.754834054834056,69300,22.434516129032257,396.61,88.54548387096774,25.6,0.124969,1
2016-02-01,2016,2,LENGKONG,37.7862,28.2431,,,,33.01465,54.525541125541125,69300,22.00206896551724,468.95,90.91551724137932,34.25,0.167196,1
2016-03-01,2016,3,LENGKONG,28.6844,37.7862,28.2431,,,31.571233333333335,41.391630591630594,69300,22.740322580645163,477.1,90.77612903225807,26.0,0.126922,1
2016-04-01,2016,4,LENGKONG,25.9263,28.6844,37.7862,28.2431,,30.16,37.411688311688316,69300,22.466,489.21,91.35133333333333,23.5,0.114718,0
2016-05-01,2016,5,LENGKONG,18.3139,25.9263,28.6844,37.7862,,27.6777,26.426984126984124,69300,22.4,251.60999999999999,90.83612903225807,16.6,0.081035,0
2016-06-01,2016,6,LENGKONG,12.9631,18.3139,25.9263,28.6844,,21.471925,18.70577200577201,69300,21.715333333333334,176.73,88.34833333333333,11.75,0.057359,0
2016-07-01,2016,7,LENGKONG,12.1357,12.9631,18.3139,25.9263,28.2431,17.33475,17.511832611832613,69300,21.557419354838707,300.44,89.96677419354839,11.0,0.053698,0
2016-08-01,2016,8,LENGKONG,12.4115,12.1357,12.9631,18.3139,37.7862,13.956050000000001,17.90981240981241,69300,21.18967741935484,190.43,88.61,11.25,0.054918,0
2016-09-01,2016,9,LENGKONG,12.4115,12.4115,12.1357,12.9631,28.6844,12.48045,17.90981240981241,69300,21.71033333333333,438.58,89.848,11.25,0.054918,0
2016-10-01,2016,10,LENGKONG,12.577,12.4115,12.4115,12.1357,25.9263,12.383925,18.148629148629148,69300,21.464193548387097,440.99,91.19935483870967,11.4,0.05565,1
2016-11-01,2016,11,LENGKONG,12.6873,12.577,12.4115,12.4115,18.3139,12.521825,18.30779220779221,69300,21.88,430.71999999999997,90.57866666666668,11.5,0.056139,1
2016-12-01,2016,12,LENGKONG,11.8599,12.6873,12.577,12.4115,12.9631,12.383925,17.113852813852812,69300,21.13935483870968,188.26,90.15129032258065,10.75,0.052477,1
2017-01-01,2017,1,LENGKONG,16.9039,11.8599,12.6873,12.577,12.1357,13.507025,24.39235209235209,69300,21.030645161290323,295.58,90.34,11.6,0.122492,1
2017-02-01,2017,2,LENGKONG,14.208,16.9039,11.8599,12.6873,12.4115,13.914775,20.5021645021645,69300,21.141428571428573,478.78000000000003,91.32892857142858,9.75,0.102957,1
2017-03-01,2017,3,LENGKONG,13.4794,14.208,16.9039,11.8599,12.4115,14.1128,19.45079365079365,69300,21.510967741935485,336.51,89.8583870967742,9.25,0.097677,1
2017-04-01,2017,4,LENGKONG,11.3664,13.4794,14.208,16.9039,12.577,13.989425,16.4017316017316,69300,21.872666666666664,371.34,90.94333333333334,7.8,0.082365,0
2017-05-01,2017,5,LENGKONG,10.2006,11.3664,13.4794,14.208,12.6873,12.313600000000001,14.719480519480518,69300,21.852903225806454,209.88,90.35548387096775,7.0,0.073918,0
2017-06-01,2017,6,LENGKONG,8.0148,10.2006,11.3664,13.4794,11.8599,10.7653,11.565367965367965,69300,21.282666666666668,155.11,90.05266666666667,5.5,0.058078,0
2017-07-01,2017,7,LENGKONG,8.452,8.0148,10.2006,11.3664,16.9039,9.50845,12.196248196248197,69300,20.681612903225805,89.05,89.09967741935485,5.8,0.061246,0
2017-08-01,2017,8,LENGKONG,9.1077,8.452,8.0148,10.2006,14.208,8.943775,13.14242424242424,69300,20.58225806451613,29.75,86.16129032258064,6.25,0.065998,0
2017-09-01,2017,9,LENGKONG,9.8363,9.1077,8.452,8.0148,13.4794,8.852699999999999,14.193795093795094,69300,21.449666666666666,108.77000000000001,84.02466666666668,6.75,0.071278,0
2017-10-01,2017,10,LENGKONG,12.5322,9.8363,9.1077,8.452,11.3664,9.98205,18.083982683982683,69300,22.156451612903226,516.17,87.77129032258064,8.6,0.090813,1
2017-11-01,2017,11,LENGKONG,13.1151,12.5322,9.8363,9.1077,10.2006,11.147825,18.925108225108225,69300,21.842666666666666,451.08,89.273,9.0,0.095037,1
2017-12-01,2017,12,LENGKONG,10.7835,13.1151,12.5322,9.8363,8.0148,11.566775,15.560606060606062,69300,21.30516129032258,259.67,89.88935483870968,7.4,0.078141,1
2018-01-01,2018,1,LENGKONG,7.202,10.7835,13.1151,12.5322,8.452,10.9082,10.392496392496392,69300,20.889032258064514,262.41,91.22258064516129,7.25,0.080022,1
2018-02-01,2018,2,LENGKONG,6.9536,7.202,10.7835,13.1151,9.1077,9.51355,10.034054834054833,69300,21.117142857142856,517.61,91.1925,7.0,0.077263,1
2018-03-01,2018,3,LENGKONG,6.9536,6.9536,7.202,10.7835,9.8363,7.973175,10.034054834054833,69300,21.65741935483871,387.92,89.85741935483871,7.0,0.077263,1
2018-04-01,2018,4,LENGKONG,6.9536,6.9536,6.9536,7.202,12.5322,7.015700000000001,10.034054834054833,69300,21.947,262.95,89.76933333333334,7.0,0.077263,0
2018-05-01,2018,5,LENGKONG,6.7053,6.9536,6.9536,6.9536,13.1151,6.891525,9.675757575757576,69300,21.772903225806452,120.22,88.87645161290322,6.75,0.074503,0
2018-06-01,2018,6,LENGKONG,5.4636,6.7053,6.9536,6.9536,10.7835,6.519024999999999,7.883982683982684,69300,21.314333333333334,91.12,88.38766666666668,5.5,0.060706,0
2018-07-01,2018,7,LENGKONG,5.9603,5.4636,6.7053,6.9536,7.202,6.2707,8.600721500721502,69300,19.885161290322582,5.63,85.66225806451614,6.0,0.066225,0
2018-08-01,2018,8,LENGKONG,6.457,5.9603,5.4636,6.7053,6.9536,6.1465499999999995,9.317460317460318,69300,20.21161290322581,32.75,84.21451612903226,6.5,0.071744,0
2018-09-01,2018,9,LENGKONG,6.9536,6.457,5.9603,5.4636,6.9536,6.208625,10.034054834054833,69300,21.037,96.61,83.175,7.0,0.077263,0
2018-10-01,2018,10,LENGKONG,8.1954,6.9536,6.457,5.9603,6.9536,6.891575,11.825974025974025,69300,22.358709677419355,189.07,82.22838709677418,8.25,0.09106,1
2018-11-01,2018,11,LENGKONG,9.6854,8.1954,6.9536,6.457,6.7053,7.82285,13.976046176046177,69300,22.28033333333333,425.59000000000003,87.10799999999999,9.75,0.107616,1
2018-12-01,2018,12,LENGKONG,12.5166,9.6854,8.1954,6.9536,5.4636,9.33775,18.061471861471862,69300,21.870645161290323,411.58,90.10225806451614,12.6,0.139073,1
2019-01-01,2019,1,LENGKONG,22.2643,12.5166,9.6854,8.1954,5.9603,13.165424999999999,32.127417027417025,69300,21.614516129032257,413.94,90.2341935483871,28.5,0.17394,1
2019-02-01,2019,2,LENGKONG,26.9515,22.2643,12.5166,9.6854,6.457,17.85445,38.89105339105339,69300,22.12642857142857,488.76,90.59357142857142,34.5,0.210558,1
2019-03-01,2019,3,LENGKONG,14.9991,26.9515,22.2643,12.5166,6.9536,19.182875,21.643722943722942,69300,21.675483870967742,289.9,89.77451612903226,19.2,0.11718,1
2019-04-01,2019,4,LENGKONG,10.7415,14.9991,26.9515,22.2643,8.1954,18.7391,15.5,69300,22.535333333333334,455.36,90.312,13.75,0.083918,0
2019-05-01,2019,5,LENGKONG,8.7885,10.7415,14.9991,26.9515,9.6854,15.37015,12.681818181818183,69300,21.986451612903227,228.52,89.65741935483871,11.25,0.06866,0
2019-06-01,2019,6,LENGKONG,6.7183,8.7885,10.7415,14.9991,12.5166,10.31185,9.694516594516594,69300,20.71066666666667,44.2,86.69033333333333,8.6,0.052487,0
2019-07-01,2019,7,LENGKONG,5.0778,6.7183,8.7885,10.7415,22.2643,7.831525,7.327272727272727,69300,20.04064516129032,28.17,86.75548387096775,6.5,0.03967,0
2019-08-01,2019,8,LENGKONG,5.6637,5.0778,6.7183,8.7885,26.9515,6.562075,8.172727272727274,69300,19.98225806451613,19.74,84.07290322580646,7.25,0.044248,0
2019-09-01,2019,9,LENGKONG,5.3122,5.6637,5.0778,6.7183,14.9991,5.6930000000000005,7.665512265512265,69300,20.884333333333334,9.68,80.54033333333334,6.8,0.041501,0
2019-10-01,2019,10,LENGKONG,6.0543,5.3122,5.6637,5.0778,10.7415,5.526999999999999,8.736363636363636,69300,22.31451612903226,80.15,78.2658064516129,7.75,0.047299,1
2019-11-01,2019,11,LENGKONG,6.8355,6.0543,5.3122,5.6637,8.7885,5.966424999999999,9.863636363636363,69300,22.717333333333332,209.04,81.00466666666667,8.75,0.053403,1
2019-12-01,2019,12,LENGKONG,8.5932,6.8355,6.0543,5.3122,6.7183,6.6988,12.4,69300,22.92322580645161,493.07,85.07225806451612,11.0,0.067135,1
2020-01-01,2020,1,LENGKONG,10.2325,8.5932,6.8355,6.0543,5.0778,7.928875,14.765512265512267,69300,22.35483870967742,401.12,89.05290322580645,27.0,0.105489,1
2020-02-01,2020,2,LENGKONG,10.1377,10.2325,8.5932,6.8355,5.6637,8.949725,14.628715728715731,69300,21.99103448275862,629.82,91.53275862068965,26.75,0.104513,1
2020-03-01,2020,3,LENGKONG,13.9465,10.1377,10.2325,8.5932,5.3122,10.727475,20.124819624819626,69300,22.194193548387098,613.86,91.3616129032258,36.8,0.143778,1
2020-04-01,2020,4,LENGKONG,10.3272,13.9465,10.1377,10.2325,6.0543,11.160975,14.902164502164501,69300,22.423,359.35,90.376,27.25,0.106466,0
2020-05-01,2020,5,LENGKONG,8.7923,10.3272,13.9465,10.1377,6.8355,10.800925,12.687301587301585,69300,22.330322580645163,486.90999999999997,91.91612903225807,23.2,0.090643,0
2020-06-01,2020,6,LENGKONG,7.0111,8.7923,10.3272,13.9465,8.5932,10.019274999999999,10.117027417027417,69300,21.551,159.0,90.95,18.5,0.07228,0
2020-07-01,2020,7,LENGKONG,4.453,7.0111,8.7923,10.3272,10.2325,7.645899999999999,6.425685425685426,69300,20.79548387096774,102.75,89.11064516129032,11.75,0.045907,0
2020-08-01,2020,8,LENGKONG,6.1395,4.453,7.0111,8.7923,10.1377,6.598974999999999,8.85930735930736,69300,21.360967741935486,57.29,87.45516129032258,16.2,0.063294,0
2020-09-01,2020,9,LENGKONG,5.6847,6.1395,4.453,7.0111,13.9465,5.822075000000001,8.203030303030303,69300,21.523333333333333,195.74,86.688,15.0,0.058605,0
2020-10-01,2020,10,LENGKONG,5.4005,5.6847,6.1395,4.453,10.3272,5.419425,7.792929292929293,69300,21.92290322580645,471.4,89.15064516129033,14.25,0.055675,1
2020-11-01,2020,11,LENGKONG,8.7165,5.4005,5.6847,6.1395,8.7923,6.4853000000000005,12.577922077922077,69300,21.974333333333334,334.45,90.29199999999999,23.0,0.089861,1
2020-12-01,2020,12,LENGKONG,6.1584,8.7165,5.4005,5.6847,7.0111,6.490025000000001,8.886580086580086,69300,21.280645161290323,315.84000000000003,91.29451612903226,16.25,0.063489,1
2021-01-01,2021,1,LENGKONG,9.3541,6.1584,8.7165,5.4005,4.453,7.407375,13.497979797979799,69300,21.016129032258064,342.89,91.80645161290323,14.6,0.069806,1
2021-02-01,2021,2,LENGKONG,10.0908,9.3541,6.1584,8.7165,6.1395,8.57995,14.561038961038962,69300,21.04357142857143,454.85,92.93928571428572,15.75,0.075305,1
2021-03-01,2021,3,LENGKONG,12.8138,10.0908,9.3541,6.1584,5.6847,9.604275000000001,18.49033189033189,69300,21.4741935483871,611.72,89.84774193548388,20.0,0.095625,1
2021-04-01,2021,4,LENGKONG,12.1731,12.8138,10.0908,9.3541,5.4005,11.10795,17.565800865800867,69300,21.441333333333333,210.6,90.00566666666667,19.0,0.090844,0
2021-05-01,2021,5,LENGKONG,12.0449,12.1731,12.8138,10.0908,8.7165,11.78065,17.38080808080808,69300,22.094838709677422,206.06,90.47516129032257,18.8,0.089888,0
2021-06-01,2021,6,LENGKONG,13.7748,12.0449,12.1731,12.8138,6.1584,12.70165,19.87705627705628,69300,21.572,260.94,89.66933333333333,21.5,0.102797,0
2021-07-01,2021,7,LENGKONG,9.29,13.7748,12.0449,12.1731,9.3541,11.820699999999999,13.405483405483405,69300,20.67064516129032,72.52,88.60129032258064,14.5,0.069328,0
2021-08-01,2021,8,LENGKONG,9.2259,9.29,13.7748,12.0449,10.0908,11.0839,13.312987012987012,69300,21.206129032258065,111.66,88.73290322580644,14.4,0.06885,0
2021-09-01,2021,9,LENGKONG,8.6493,9.2259,9.29,13.7748,12.8138,10.235,12.480952380952381,69300,21.584666666666667,178.93,87.54133333333333,13.5,0.064547,0
2021-10-01,2021,10,LENGKONG,8.7134,8.6493,9.2259,9.29,12.1731,8.96965,12.573448773448774,69300,22.29774193548387,291.15,86.82225806451612,13.6,0.065025,1
2021-11-01,2021,11,LENGKONG,13.935,8.7134,8.6493,9.2259,12.0449,10.1309,20.10822510822511,69300,21.753666666666668,452.44,90.89566666666666,21.75,0.103992,1
2021-12-01,2021,12,LENGKONG,13.935,13.935,8.7134,8.6493,13.7748,11.308175,20.10822510822511,69300,21.716129032258067,366.65000000000003,90.05903225806452,21.75,0.103992,1
2022-01-01,2022,1,LENGKONG,22.6961,13.935,13.935,8.7134,9.29,14.819875,32.750505050505055,69300,21.427419354838708,218.29,90.04,29.0,0.113481,1
2022-02-01,2022,2,LENGKONG,21.1309,22.6961,13.935,13.935,9.2259,17.92425,30.49191919191919,69300,21.202499999999997,251.17000000000002,90.17285714285715,27.0,0.105654,1
2022-03-01,2022,3,LENGKONG,16.8265,21.1309,22.6961,13.935,8.6493,18.647125000000003,24.28066378066378,69300,21.671290322580646,303.35,89.7316129032258,21.5,0.084132,1
2022-04-01,2022,4,LENGKONG,14.0873,16.8265,21.1309,22.6961,8.7134,18.685200000000002,20.32799422799423,69300,22.020333333333333,361.55,89.954,18.0,0.070436,0
2022-05-01,2022,5,LENGKONG,14.4003,14.0873,16.8265,21.1309,13.935,16.61125,20.77965367965368,69300,22.018064516129034,249.94,90.39709677419354,18.4,0.072002,0
2022-06-01,2022,6,LENGKONG,14.4786,14.4003,14.0873,16.8265,13.935,14.948175,20.892640692640693,69300,21.217,211.8,90.89233333333333,18.5,0.072393,0
2022-07-01,2022,7,LENGKONG,14.0873,14.4786,14.4003,14.0873,22.6961,14.263375,20.32799422799423,69300,21.188064516129035,200.27,89.83903225806452,18.0,0.070436,0
2022-08-01,2022,8,LENGKONG,17.6091,14.0873,14.4786,14.4003,21.1309,15.143825000000001,25.40995670995671,69300,21.362903225806452,138.33,88.19354838709677,22.5,0.088045,0
2022-09-01,2022,9,LENGKONG,17.4134,17.6091,14.0873,14.4786,16.8265,15.897100000000002,25.127561327561327,69300,21.667333333333332,301.34999999999997,89.089,22.25,0.087067,0
2022-10-01,2022,10,LENGKONG,17.5308,17.4134,17.6091,14.0873,14.0873,16.66015,25.296969696969693,69300,21.640967741935484,426.72,90.4658064516129,22.4,0.087654,1
2022-11-01,2022,11,LENGKONG,17.2178,17.5308,17.4134,17.6091,14.4003,17.442775,24.845310245310248,69300,21.424,413.78,91.02466666666668,22.0,0.086089,1
2022-12-01,2022,12,LENGKONG,12.522,17.2178,17.5308,17.4134,14.4786,16.171,18.06926406926407,69300,21.384516129032257,353.8,90.81741935483872,16.0,0.06261,1
2023-01-01,2023,1,LENGKONG,6.4394,12.522,17.2178,17.5308,14.0873,13.4275,9.292063492063491,69300,21.17322580645161,158.04,90.5667741935484,17.0,0.099068,1
2023-02-01,2023,2,LENGKONG,6.3447,6.4394,12.522,17.2178,17.6091,10.630975,9.155411255411256,69300,20.5825,359.16,91.09357142857142,16.75,0.097611,1
2023-03-01,2023,3,LENGKONG,5.8712,6.3447,6.4394,12.522,17.4134,7.794325,8.472150072150072,69300,21.701290322580647,334.8,90.1258064516129,15.5,0.090326,1
2023-04-01,2023,4,LENGKONG,5.4545,5.8712,6.3447,6.4394,17.5308,6.02745,7.870851370851371,69300,22.06566666666667,272.96,89.87733333333334,14.4,0.083916,0
2023-05-01,2023,5,LENGKONG,5.9659,5.4545,5.8712,6.3447,17.2178,5.909075,8.608802308802309,69300,22.14774193548387,215.54000000000002,89.70709677419354,15.75,0.091783,0
2023-06-01,2023,6,LENGKONG,5.1136,5.9659,5.4545,5.8712,12.522,5.6013,7.378932178932178,69300,21.829,148.52,89.866,13.5,0.078671,0
2023-07-01,2023,7,LENGKONG,4.1667,5.1136,5.9659,5.4545,6.4394,5.175175,6.012554112554112,69300,20.978387096774195,76.8,88.14032258064516,11.0,0.064103,0
2023-08-01,2023,8,LENGKONG,5.1136,4.1667,5.1136,5.9659,6.3447,5.08995,7.378932178932178,69300,20.746129032258064,18.96,84.63129032258065,13.5,0.078671,0
2023-09-01,2023,9,LENGKONG,4.9242,5.1136,4.1667,5.1136,5.8712,4.829524999999999,7.105627705627706,69300,21.15533333333333,6.95,81.82133333333333,13.0,0.075758,0
2023-10-01,2023,10,LENGKONG,4.697,4.9242,5.1136,4.1667,5.4545,4.725375,6.777777777777779,69300,22.83225806451613,56.58,79.87290322580645,12.4,0.072261,1
2023-11-01,2023,11,LENGKONG,5.6818,4.697,4.9242,5.1136,5.9659,5.10415,8.1988455988456,69300,23.137999999999998,379.14,84.75633333333333,15.0,0.087413,1
2023-12-01,2023,12,LENGKONG,5.2273,5.6818,4.697,4.9242,5.1136,5.132575,7.543001443001442,69300,22.862903225806452,231.32,86.83161290322582,13.8,0.08042,1
2024-01-01,2024,1,LENGKONG,16.6316,5.2273,5.6818,4.697,4.1667,8.059425000000001,23.9994227994228,69300,22.437419354838713,598.42,89.78064516129032,18.25,0.089417,1
2024-02-01,2024,2,LENGKONG,18.2264,16.6316,5.2273,5.6818,5.1136,11.441775,26.300721500721504,69300,22.73793103448276,474.35,89.5803448275862,20.0,0.097991,1
2024-03-01,2024,3,LENGKONG,23.8765,18.2264,16.6316,5.2273,4.9242,15.990450000000001,34.45382395382396,69300,22.405483870967743,391.27,90.65516129032258,26.2,0.128368,1
2024-04-01,2024,4,LENGKONG,21.8716,23.8765,18.2264,16.6316,4.697,20.151525,31.56075036075036,69300,23.169,323.82,90.12033333333333,24.0,0.117589,0
2024-05-01,2024,5,LENGKONG,21.8716,21.8716,23.8765,18.2264,5.6818,21.461525,31.56075036075036,69300,22.799354838709675,122.81,88.94935483870967,24.0,0.117589,0
2024-06-01,2024,6,LENGKONG,15.1279,21.8716,21.8716,23.8765,5.2273,20.6869,21.82958152958153,69300,22.169666666666668,235.73000000000002,89.03999999999999,16.6,0.081333,0
2024-07-01,2024,7,LENGKONG,12.7585,15.1279,21.8716,21.8716,16.6316,17.9074,18.41053391053391,69300,21.01290322580645,291.43,89.00387096774193,14.0,0.068594,0
2024-08-01,2024,8,LENGKONG,10.2523,12.7585,15.1279,21.8716,18.2264,15.002575,14.794083694083694,69300,21.080645161290324,79.38,86.01806451612903,11.25,0.05512,0
2024-09-01,2024,9,LENGKONG,9.8422,10.2523,12.7585,15.1279,23.8765,11.995225,14.202308802308803,69300,21.895333333333333,329.11,85.34933333333333,10.8,0.052915,0
2024-10-01,2024,10,LENGKONG,11.1636,9.8422,10.2523,12.7585,21.8716,11.00415,16.10909090909091,69300,22.643225806451614,85.42999999999999,85.1325806451613,12.25,0.06002,1
2024-11-01,2024,11,LENGKONG,10.708,11.1636,9.8422,10.2523,21.8716,10.491525,15.45165945165945,69300,22.590333333333334,530.84,88.96533333333333,11.75,0.05757,1
2024-12-01,2024,12,LENGKONG,13.6698,10.708,11.1636,9.8422,15.1279,11.3459,19.725541125541127,69300,21.753870967741936,329.88,91.23483870967742,15.0,0.073493,1
2016-01-01,2016,1,MANDALAJATI,8.8728,,,,,8.8728,12.039077340569879,73700,22.434516129032257,396.61,88.54548387096774,25.6,0.124969,1
2016-02-01,2016,2,MANDALAJATI,11.8709,8.8728,,,,10.37185,16.10705563093623,73700,22.00206896551724,468.95,90.91551724137932,34.25,0.167196,1
2016-03-01,2016,3,MANDALAJATI,9.0115,11.8709,8.8728,,,9.9184,12.227272727272727,73700,22.740322580645163,477.1,90.77612903225807,26.0,0.126922,1
2016-04-01,2016,4,MANDALAJATI,8.145,9.0115,11.8709,8.8728,,9.47505,11.051560379918588,73700,22.466,489.21,91.35133333333333,23.5,0.114718,0
2016-05-01,2016,5,MANDALAJATI,5.7535,8.145,9.0115,11.8709,,8.695225,7.806648575305291,73700,22.4,251.60999999999999,90.83612903225807,16.6,0.081035,0
2016-06-01,2016,6,MANDALAJATI,4.0725,5.7535,8.145,9.0115,,6.7456249999999995,5.525780189959294,73700,21.715333333333334,176.73,88.34833333333333,11.75,0.057359,0
2016-07-01,2016,7,MANDALAJATI,3.8125,4.0725,5.7535,8.145,8.8728,5.445874999999999,5.1729986431478965,73700,21.557419354838707,300.44,89.96677419354839,11.0,0.053698,0
2016-08-01,2016,8,MANDALAJATI,3.8992,3.8125,4.0725,5.7535,11.8709,4.384425,5.2906377204884665,73700,21.18967741935484,190.43,88.61,11.25,0.054918,0
2016-09-01,2016,9,MANDALAJATI,3.8992,3.8992,3.8125,4.0725,9.0115,3.92085,5.2906377204884665,73700,21.71033333333333,438.58,89.848,11.25,0.054918,0
2016-10-01,2016,10,MANDALAJATI,3.9512,3.8992,3.8992,3.8125,8.145,3.8905250000000002,5.361194029850746,73700,21.464193548387097,440.99,91.19935483870967,11.4,0.05565,1
2016-11-01,2016,11,MANDALAJATI,3.9858,3.9512,3.8992,3.8992,5.7535,3.93385,5.408141112618725,73700,21.88,430.71999999999997,90.57866666666668,11.5,0.056139,1
2016-12-01,2016,12,MANDALAJATI,3.7259,3.9858,3.9512,3.8992,4.0725,3.8905250000000002,5.055495251017639,73700,21.13935483870968,188.26,90.15129032258065,10.75,0.052477,1
2017-01-01,2017,1,MANDALAJATI,4.0422,3.7259,3.9858,3.9512,3.8125,3.926275,5.484667571234736,73700,21.030645161290323,295.58,90.34,11.6,0.122492,1
2017-02-01,2017,2,MANDALAJATI,3.3976,4.0422,3.7259,3.9858,3.8992,3.787875,4.610040705563094,73700,21.141428571428573,478.78000000000003,91.32892857142858,9.75,0.102957,1
2017-03-01,2017,3,MANDALAJATI,3.2233,3.3976,4.0422,3.7259,3.8992,3.5972500000000003,4.373541383989146,73700,21.510967741935485,336.51,89.8583870967742,9.25,0.097677,1
2017-04-01,2017,4,MANDALAJATI,2.7181,3.2233,3.3976,4.0422,3.9512,3.3453,3.688059701492538,73700,21.872666666666664,371.34,90.94333333333334,7.8,0.082365,0
2017-05-01,2017,5,MANDALAJATI,2.4393,2.7181,3.2233,3.3976,3.9858,2.944575,3.3097693351424695,73700,21.852903225806454,209.88,90.35548387096775,7.0,0.073918,0
2017-06-01,2017,6,MANDALAJATI,1.9166,2.4393,2.7181,3.2233,3.7259,2.574325,2.6005427408412483,73700,21.282666666666668,155.11,90.05266666666667,5.5,0.058078,0
2017-07-01,2017,7,MANDALAJATI,2.0211,1.9166,2.4393,2.7181,4.0422,2.2737749999999997,2.742333785617368,73700,20.681612903225805,89.05,89.09967741935485,5.8,0.061246,0
2017-08-01,2017,8,MANDALAJATI,2.1779,2.0211,1.9166,2.4393,3.3976,2.138725,2.955088195386703,73700,20.58225806451613,29.75,86.16129032258064,6.25,0.065998,0
2017-09-01,2017,9,MANDALAJATI,2.3522,2.1779,2.0211,1.9166,3.2233,2.11695,3.1915875169606513,73700,21.449666666666666,108.77000000000001,84.02466666666668,6.75,0.071278,0
2017-10-01,2017,10,MANDALAJATI,2.9968,2.3522,2.1779,2.0211,2.7181,2.387,4.0662143826322925,73700,22.156451612903226,516.17,87.77129032258064,8.6,0.090813,1
2017-11-01,2017,11,MANDALAJATI,3.1362,2.9968,2.3522,2.1779,2.4393,2.665775,4.2553595658073275,73700,21.842666666666666,451.08,89.273,9.0,0.095037,1
2017-12-01,2017,12,MANDALAJATI,2.5787,3.1362,2.9968,2.3522,1.9166,2.7659749999999996,3.498914518317503,73700,21.30516129032258,259.67,89.88935483870968,7.4,0.078141,1
2018-01-01,2018,1,MANDALAJATI,7.6021,2.5787,3.1362,2.9968,2.0211,4.07845,10.314925373134328,73700,20.889032258064514,262.41,91.22258064516129,7.25,0.080022,1
2018-02-01,2018,2,MANDALAJATI,7.34,7.6021,2.5787,3.1362,2.1779,5.16425,9.959294436906378,73700,21.117142857142856,517.61,91.1925,7.0,0.077263,1
2018-03-01,2018,3,MANDALAJATI,7.34,7.34,7.6021,2.5787,2.3522,6.2152,9.959294436906378,73700,21.65741935483871,387.92,89.85741935483871,7.0,0.077263,1
2018-04-01,2018,4,MANDALAJATI,7.34,7.34,7.34,7.6021,2.9968,7.405525,9.959294436906378,73700,21.947,262.95,89.76933333333334,7.0,0.077263,0
2018-05-01,2018,5,MANDALAJATI,7.0778,7.34,7.34,7.34,3.1362,7.27445,9.603527815468114,73700,21.772903225806452,120.22,88.87645161290322,6.75,0.074503,0
2018-06-01,2018,6,MANDALAJATI,5.7671,7.0778,7.34,7.34,2.5787,6.881225,7.825101763907734,73700,21.314333333333334,91.12,88.38766666666668,5.5,0.060706,0
2018-07-01,2018,7,MANDALAJATI,6.2914,5.7671,7.0778,7.34,7.6021,6.6190750000000005,8.536499321573949,73700,19.885161290322582,5.63,85.66225806451614,6.0,0.066225,0
2018-08-01,2018,8,MANDALAJATI,6.8157,6.2914,5.7671,7.0778,7.34,6.4879999999999995,9.247896879240162,73700,20.21161290322581,32.75,84.21451612903226,6.5,0.071744,0
2018-09-01,2018,9,MANDALAJATI,7.34,6.8157,6.2914,5.7671,7.34,6.5535499999999995,9.959294436906378,73700,21.037,96.61,83.175,7.0,0.077263,0
2018-10-01,2018,10,MANDALAJATI,8.6507,7.34,6.8157,6.2914,7.34,7.27445,11.737720488466758,73700,22.358709677419355,189.07,82.22838709677418,8.25,0.09106,1
2018-11-01,2018,11,MANDALAJATI,10.2235,8.6507,7.34,6.8157,7.0778,8.257475,13.871777476255089,73700,22.28033333333333,425.59000000000003,87.10799999999999,9.75,0.107616,1
2018-12-01,2018,12,MANDALAJATI,13.2119,10.2235,8.6507,7.34,5.7671,9.856525,17.92659430122117,73700,21.870645161290323,411.58,90.10225806451614,12.6,0.139073,1
2019-01-01,2019,1,MANDALAJATI,24.8734,13.2119,10.2235,8.6507,6.2914,14.239875000000001,33.74952510176391,73700,21.614516129032257,413.94,90.2341935483871,28.5,0.17394,1
2019-02-01,2019,2,MANDALAJATI,30.1099,24.8734,13.2119,10.2235,6.8157,19.604675,40.85468113975577,73700,22.12642857142857,488.76,90.59357142857142,34.5,0.210558,1
2019-03-01,2019,3,MANDALAJATI,16.7568,30.1099,24.8734,13.2119,7.34,21.238,22.736499321573948,73700,21.675483870967742,289.9,89.77451612903226,19.2,0.11718,1
2019-04-01,2019,4,MANDALAJATI,12.0003,16.7568,30.1099,24.8734,8.6507,20.9351,16.282632293080052,73700,22.535333333333334,455.36,90.312,13.75,0.083918,0
2019-05-01,2019,5,MANDALAJATI,9.8184,12.0003,16.7568,30.1099,10.2235,17.171349999999997,13.32211668928087,73700,21.986451612903227,228.52,89.65741935483871,11.25,0.06866,0
2019-06-01,2019,6,MANDALAJATI,7.5056,9.8184,12.0003,16.7568,13.2119,11.520275,10.183989145183176,73700,20.71066666666667,44.2,86.69033333333333,8.6,0.052487,0
2019-07-01,2019,7,MANDALAJATI,5.6729,7.5056,9.8184,12.0003,24.8734,8.7493,7.697286295793759,73700,20.04064516129032,28.17,86.75548387096775,6.5,0.03967,0
2019-08-01,2019,8,MANDALAJATI,6.3274,5.6729,7.5056,9.8184,30.1099,7.331075,8.585345997286296,73700,19.98225806451613,19.74,84.07290322580646,7.25,0.044248,0
2019-09-01,2019,9,MANDALAJATI,5.9347,6.3274,5.6729,7.5056,16.7568,6.36015,8.052510176390774,73700,20.884333333333334,9.68,80.54033333333334,6.8,0.041501,0
2019-10-01,2019,10,MANDALAJATI,6.7638,5.9347,6.3274,5.6729,12.0003,6.1747,9.177476255088196,73700,22.31451612903226,80.15,78.2658064516129,7.75,0.047299,1
2019-11-01,2019,11,MANDALAJATI,7.6366,6.7638,5.9347,6.3274,9.8184,6.665625,10.361736770691994,73700,22.717333333333332,209.04,81.00466666666667,8.75,0.053403,1
2019-12-01,2019,12,MANDALAJATI,9.6002,7.6366,6.7638,5.9347,7.5056,7.4838249999999995,13.026051560379917,73700,22.92322580645161,493.07,85.07225806451612,11.0,0.067135,1
2020-01-01,2020,1,MANDALAJATI,9.1776,9.6002,7.6366,6.7638,5.6729,8.29455,12.452645861601086,73700,22.35483870967742,401.12,89.05290322580645,27.0,0.105489,1
2020-02-01,2020,2,MANDALAJATI,9.0926,9.1776,9.6002,7.6366,6.3274,8.87675,12.33731343283582,73700,21.99103448275862,629.82,91.53275862068965,26.75,0.104513,1
2020-03-01,2020,3,MANDALAJATI,12.5087,9.0926,9.1776,9.6002,5.9347,10.094774999999998,16.97245590230665,73700,22.194193548387098,613.86,91.3616129032258,36.8,0.143778,1
2020-04-01,2020,4,MANDALAJATI,9.2626,12.5087,9.0926,9.1776,6.7638,10.010375,12.567978290366352,73700,22.423,359.35,90.376,27.25,0.106466,0
2020-05-01,2020,5,MANDALAJATI,7.8859,9.2626,12.5087,9.0926,7.6366,9.68745,10.7,73700,22.330322580645163,486.90999999999997,91.91612903225807,23.2,0.090643,0
2020-06-01,2020,6,MANDALAJATI,6.2883,7.8859,9.2626,12.5087,9.6002,8.986375,8.532293080054274,73700,21.551,159.0,90.95,18.5,0.07228,0
2020-07-01,2020,7,MANDALAJATI,3.9939,6.2883,7.8859,9.2626,9.1776,6.857675,5.4191316146540025,73700,20.79548387096774,102.75,89.11064516129032,11.75,0.045907,0
2020-08-01,2020,8,MANDALAJATI,5.5065,3.9939,6.2883,7.8859,9.0926,5.9186499999999995,7.471506105834464,73700,21.360967741935486,57.29,87.45516129032258,16.2,0.063294,0
2020-09-01,2020,9,MANDALAJATI,5.0987,5.5065,3.9939,6.2883,12.5087,5.22185,6.918181818181818,73700,21.523333333333333,195.74,86.688,15.0,0.058605,0
2020-10-01,2020,10,MANDALAJATI,4.8437,5.0987,5.5065,3.9939,9.2626,4.8607000000000005,6.572184531886024,73700,21.92290322580645,471.4,89.15064516129033,14.25,0.055675,1
2020-11-01,2020,11,MANDALAJATI,7.8179,4.8437,5.0987,5.5065,7.8859,5.8167,10.607734056987788,73700,21.974333333333334,334.45,90.29199999999999,23.0,0.089861,1
2020-12-01,2020,12,MANDALAJATI,5.5235,7.8179,4.8437,5.0987,6.2883,5.820950000000001,7.494572591587517,73700,21.280645161290323,315.84000000000003,91.29451612903226,16.25,0.063489,1
2021-01-01,2021,1,MANDALAJATI,7.6089,5.5235,7.8179,4.8437,3.9939,6.4485,10.324151967435549,73700,21.016129032258064,342.89,91.80645161290323,14.6,0.069806,1
2021-02-01,2021,2,MANDALAJATI,8.2082,7.6089,5.5235,7.8179,5.5065,7.289625,11.13731343283582,73700,21.04357142857143,454.85,92.93928571428572,15.75,0.075305,1
2021-03-01,2021,3,MANDALAJATI,10.4231,8.2082,7.6089,5.5235,5.0987,7.940925,14.142605156037991,73700,21.4741935483871,611.72,89.84774193548388,20.0,0.095625,1
2021-04-01,2021,4,MANDALAJATI,9.902,10.4231,8.2082,7.6089,4.8437,9.03555,13.435549525101765,73700,21.441333333333333,210.6,90.00566666666667,19.0,0.090844,0
2021-05-01,2021,5,MANDALAJATI,9.7978,9.902,10.4231,8.2082,7.8179,9.582775,13.294165535956582,73700,22.094838709677422,206.06,90.47516129032257,18.8,0.089888,0
2021-06-01,2021,6,MANDALAJATI,11.2049,9.7978,9.902,10.4231,5.5235,10.331949999999999,15.203392130257802,73700,21.572,260.94,89.66933333333333,21.5,0.102797,0
2021-07-01,2021,7,MANDALAJATI,7.5568,11.2049,9.7978,9.902,7.6089,9.615375,10.253459972862958,73700,20.67064516129032,72.52,88.60129032258064,14.5,0.069328,0
2021-08-01,2021,8,MANDALAJATI,7.5047,7.5568,11.2049,9.7978,8.2082,9.01605,10.182767978290366,73700,21.206129032258065,111.66,88.73290322580644,14.4,0.06885,0
2021-09-01,2021,9,MANDALAJATI,7.0356,7.5047,7.5568,11.2049,10.4231,8.3255,9.546268656716418,73700,21.584666666666667,178.93,87.54133333333333,13.5,0.064547,0
2021-10-01,2021,10,MANDALAJATI,7.0877,7.0356,7.5047,7.5568,9.902,7.2962,9.61696065128901,73700,22.29774193548387,291.15,86.82225806451612,13.6,0.065025,1
2021-11-01,2021,11,MANDALAJATI,11.3352,7.0877,7.0356,7.5047,9.7978,8.2408,15.380189959294437,73700,21.753666666666668,452.44,90.89566666666666,21.75,0.103992,1
2021-12-01,2021,12,MANDALAJATI,11.3352,11.3352,7.0877,7.0356,11.2049,9.198425,15.380189959294437,73700,21.716129032258067,366.65000000000003,90.05903225806452,21.75,0.103992,1
2022-01-01,2022,1,MANDALAJATI,16.4547,11.3352,11.3352,7.0877,7.5568,11.5532,22.326594301221167,73700,21.427419354838708,218.29,90.04,29.0,0.113481,1
2022-02-01,2022,2,MANDALAJATI,15.3199,16.4547,11.3352,11.3352,7.5047,13.61125,20.78683853459973,73700,21.202499999999997,251.17000000000002,90.17285714285715,27.0,0.105654,1
2022-03-01,2022,3,MANDALAJATI,12.1992,15.3199,16.4547,11.3352,7.0356,13.82725,16.552510176390772,73700,21.671290322580646,303.35,89.7316129032258,21.5,0.084132,1
2022-04-01,2022,4,MANDALAJATI,10.2133,12.1992,15.3199,16.4547,7.0877,13.546775,13.857937584803258,73700,22.020333333333333,361.55,89.954,18.0,0.070436,0
2022-05-01,2022,5,MANDALAJATI,10.4402,10.2133,12.1992,15.3199,11.3352,12.043149999999999,14.165807327001358,73700,22.018064516129034,249.94,90.39709677419354,18.4,0.072002,0
2022-06-01,2022,6,MANDALAJATI,10.497,10.4402,10.2133,12.1992,11.3352,10.837425,14.242876526458616,73700,21.217,211.8,90.89233333333333,18.5,0.072393,0
2022-07-01,2022,7,MANDALAJATI,10.2133,10.497,10.4402,10.2133,16.4547,10.340950000000001,13.857937584803258,73700,21.188064516129035,200.27,89.83903225806452,18.0,0.070436,0
2022-08-01,2022,8,MANDALAJATI,12.7666,10.2133,10.497,10.4402,15.3199,10.979275,17.322388059701492,73700,21.362903225806452,138.33,88.19354838709677,22.5,0.088045,0
2022-09-01,2022,9,MANDALAJATI,12.6247,12.7666,10.2133,10.497,12.1992,11.525400000000001,17.12985074626866,73700,21.667333333333332,301.34999999999997,89.089,22.25,0.087067,0
2022-10-01,2022,10,MANDALAJATI,12.7098,12.6247,12.7666,10.2133,10.2133,12.078600000000002,17.245318860244232,73700,21.640967741935484,426.72,90.4658064516129,22.4,0.087654,1
2022-11-01,2022,11,MANDALAJATI,12.4829,12.7098,12.6247,12.7666,10.4402,12.646,16.937449118046136,73700,21.424,413.78,91.02466666666668,22.0,0.086089,1
2022-12-01,2022,12,MANDALAJATI,9.0785,12.4829,12.7098,12.6247,10.497,11.723975000000001,12.318181818181818,73700,21.384516129032257,353.8,90.81741935483872,16.0,0.06261,1
2023-01-01,2023,1,MANDALAJATI,6.1422,9.0785,12.4829,12.7098,10.2133,10.103349999999999,8.334056987788331,73700,21.17322580645161,158.04,90.5667741935484,17.0,0.099068,1
2023-02-01,2023,2,MANDALAJATI,6.0519,6.1422,9.0785,12.4829,12.7666,8.438875,8.211533242876525,73700,20.5825,359.16,91.09357142857142,16.75,0.097611,1
2023-03-01,2023,3,MANDALAJATI,5.6002,6.0519,6.1422,9.0785,12.6247,6.7181999999999995,7.59864314789688,73700,21.701290322580647,334.8,90.1258064516129,15.5,0.090326,1
2023-04-01,2023,4,MANDALAJATI,5.2028,5.6002,6.0519,6.1422,12.7098,5.749275000000001,7.059430122116689,73700,22.06566666666667,272.96,89.87733333333334,14.4,0.083916,0
2023-05-01,2023,5,MANDALAJATI,5.6906,5.2028,5.6002,6.0519,12.4829,5.636374999999999,7.721302578018996,73700,22.14774193548387,215.54000000000002,89.70709677419354,15.75,0.091783,0
2023-06-01,2023,6,MANDALAJATI,4.8776,5.6906,5.2028,5.6002,9.0785,5.3427999999999995,6.618181818181819,73700,21.829,148.52,89.866,13.5,0.078671,0
2023-07-01,2023,7,MANDALAJATI,3.9744,4.8776,5.6906,5.2028,6.1422,4.93635,5.392672998643148,73700,20.978387096774195,76.8,88.14032258064516,11.0,0.064103,0
2023-08-01,2023,8,MANDALAJATI,4.8776,3.9744,4.8776,5.6906,6.0519,4.85505,6.618181818181819,73700,20.746129032258064,18.96,84.63129032258065,13.5,0.078671,0
2023-09-01,2023,9,MANDALAJATI,4.697,4.8776,3.9744,4.8776,5.6002,4.60665,6.373134328358209,73700,21.15533333333333,6.95,81.82133333333333,13.0,0.075758,0
2023-10-01,2023,10,MANDALAJATI,4.4802,4.697,4.8776,3.9744,5.2028,4.5073,6.0789687924016285,73700,22.83225806451613,56.58,79.87290322580645,12.4,0.072261,1
2023-11-01,2023,11,MANDALAJATI,5.4196,4.4802,4.697,4.8776,5.6906,4.8686,7.353595658073269,73700,23.137999999999998,379.14,84.75633333333333,15.0,0.087413,1
2023-12-01,2023,12,MANDALAJATI,4.986,5.4196,4.4802,4.697,4.8776,4.8957,6.765264586160108,73700,22.862903225806452,231.32,86.83161290322582,13.8,0.08042,1
2024-01-01,2024,1,MANDALAJATI,14.7538,4.986,5.4196,4.4802,3.9744,7.4099,20.018724559023067,73700,22.437419354838713,598.42,89.78064516129032,18.25,0.089417,1
2024-02-01,2024,2,MANDALAJATI,16.1685,14.7538,4.986,5.4196,4.8776,10.331975,21.938263229308006,73700,22.73793103448276,474.35,89.5803448275862,20.0,0.097991,1
2024-03-01,2024,3,MANDALAJATI,21.1808,16.1685,14.7538,4.986,4.697,14.272275,28.73921302578019,73700,22.405483870967743,391.27,90.65516129032258,26.2,0.128368,1
2024-04-01,2024,4,MANDALAJATI,19.4023,21.1808,16.1685,14.7538,4.4802,17.876350000000002,26.32605156037992,73700,23.169,323.82,90.12033333333333,24.0,0.117589,0
2024-05-01,2024,5,MANDALAJATI,19.4023,19.4023,21.1808,16.1685,5.4196,19.038475000000002,26.32605156037992,73700,22.799354838709675,122.81,88.94935483870967,24.0,0.117589,0
2024-06-01,2024,6,MANDALAJATI,13.4199,19.4023,19.4023,21.1808,4.986,18.351325000000003,18.208819538670284,73700,22.169666666666668,235.73000000000002,89.03999999999999,16.6,0.081333,0
2024-07-01,2024,7,MANDALAJATI,11.318,13.4199,19.4023,19.4023,14.7538,15.885625000000001,15.35685210312076,73700,21.01290322580645,291.43,89.00387096774193,14.0,0.068594,0
2024-08-01,2024,8,MANDALAJATI,9.0948,11.318,13.4199,19.4023,16.1685,13.30875,12.340298507462684,73700,21.080645161290324,79.38,86.01806451612903,11.25,0.05512,0
2024-09-01,2024,9,MANDALAJATI,8.731,9.0948,11.318,13.4199,21.1808,10.640925000000001,11.846675712347354,73700,21.895333333333333,329.11,85.34933333333333,10.8,0.052915,0
2024-10-01,2024,10,MANDALAJATI,9.9032,8.731,9.0948,11.318,19.4023,9.76175,13.437177747625508,73700,22.643225806451614,85.42999999999999,85.1325806451613,12.25,0.06002,1
2024-11-01,2024,11,MANDALAJATI,9.499,9.9032,8.731,9.0948,19.4023,9.307,12.8887381275441,73700,22.590333333333334,530.84,88.96533333333333,11.75,0.05757,1
2024-12-01,2024,12,MANDALAJATI,12.1264,9.499,9.9032,8.731,13.4199,10.064900000000002,16.453731343283582,73700,21.753870967741936,329.88,91.23483870967742,15.0,0.073493,1
2016-01-01,2016,1,PANYILEUKAN,5.9985,,,,,5.9985,14.958852867830423,40100,22.434516129032257,396.61,88.54548387096774,25.6,0.124969,1
2016-02-01,2016,2,PANYILEUKAN,8.0254,5.9985,,,,7.01195,20.013466334164587,40100,22.00206896551724,468.95,90.91551724137932,34.25,0.167196,1
2016-03-01,2016,3,PANYILEUKAN,6.0923,8.0254,5.9985,,,6.7054,15.1927680798005,40100,22.740322580645163,477.1,90.77612903225807,26.0,0.126922,1
2016-04-01,2016,4,PANYILEUKAN,5.5065,6.0923,8.0254,5.9985,,6.405675,13.731920199501246,40100,22.466,489.21,91.35133333333333,23.5,0.114718,0
2016-05-01,2016,5,PANYILEUKAN,3.8897,5.5065,6.0923,8.0254,,5.878475,9.7,40100,22.4,251.60999999999999,90.83612903225807,16.6,0.081035,0
2016-06-01,2016,6,PANYILEUKAN,2.7532,3.8897,5.5065,6.0923,,4.560425,6.8658354114713225,40100,21.715333333333334,176.73,88.34833333333333,11.75,0.057359,0
2016-07-01,2016,7,PANYILEUKAN,2.5775,2.7532,3.8897,5.5065,5.9985,3.681725,6.427680798004988,40100,21.557419354838707,300.44,89.96677419354839,11.0,0.053698,0
2016-08-01,2016,8,PANYILEUKAN,2.6361,2.5775,2.7532,3.8897,8.0254,2.964125,6.573815461346633,40100,21.18967741935484,190.43,88.61,11.25,0.054918,0
2016-09-01,2016,9,PANYILEUKAN,2.6361,2.6361,2.5775,2.7532,6.0923,2.650725,6.573815461346633,40100,21.71033333333333,438.58,89.848,11.25,0.054918,0
2016-10-01,2016,10,PANYILEUKAN,2.6712,2.6361,2.6361,2.5775,5.5065,2.630225,6.661346633416458,40100,21.464193548387097,440.99,91.19935483870967,11.4,0.05565,1
2016-11-01,2016,11,PANYILEUKAN,2.6947,2.6712,2.6361,2.6361,3.8897,2.659525,6.719950124688279,40100,21.88,430.71999999999997,90.57866666666668,11.5,0.056139,1
2016-12-01,2016,12,PANYILEUKAN,2.5189,2.6947,2.6712,2.6361,2.7532,2.6302250000000003,6.2815461346633406,40100,21.13935483870968,188.26,90.15129032258065,10.75,0.052477,1
2017-01-01,2017,1,PANYILEUKAN,4.1647,2.5189,2.6947,2.6712,2.5775,3.0123749999999996,10.3857855361596,40100,21.030645161290323,295.58,90.34,11.6,0.122492,1
2017-02-01,2017,2,PANYILEUKAN,3.5005,4.1647,2.5189,2.6947,2.6361,3.2197,8.729426433915213,40100,21.141428571428573,478.78000000000003,91.32892857142858,9.75,0.102957,1
2017-03-01,2017,3,PANYILEUKAN,3.321,3.5005,4.1647,2.5189,2.6361,3.3762749999999997,8.281795511221945,40100,21.510967741935485,336.51,89.8583870967742,9.25,0.097677,1
2017-04-01,2017,4,PANYILEUKAN,2.8004,3.321,3.5005,4.1647,2.6712,3.44665,6.983541147132169,40100,21.872666666666664,371.34,90.94333333333334,7.8,0.082365,0
2017-05-01,2017,5,PANYILEUKAN,2.5132,2.8004,3.321,3.5005,2.6947,3.0337750000000003,6.2673316708229425,40100,21.852903225806454,209.88,90.35548387096775,7.0,0.073918,0
2017-06-01,2017,6,PANYILEUKAN,1.9747,2.5132,2.8004,3.321,2.5189,2.6523250000000003,4.924438902743142,40100,21.282666666666668,155.11,90.05266666666667,5.5,0.058078,0
2017-07-01,2017,7,PANYILEUKAN,2.0824,1.9747,2.5132,2.8004,4.1647,2.342675,5.193017456359102,40100,20.681612903225805,89.05,89.09967741935485,5.8,0.061246,0
2017-08-01,2017,8,PANYILEUKAN,2.2439,2.0824,1.9747,2.5132,3.5005,2.20355,5.59576059850374,40100,20.58225806451613,29.75,86.16129032258064,6.25,0.065998,0
2017-09-01,2017,9,PANYILEUKAN,2.4234,2.2439,2.0824,1.9747,3.321,2.1811,6.043391521197007,40100,21.449666666666666,108.77000000000001,84.02466666666668,6.75,0.071278,0
2017-10-01,2017,10,PANYILEUKAN,3.0876,2.4234,2.2439,2.0824,2.8004,2.4593249999999998,7.699750623441396,40100,22.156451612903226,516.17,87.77129032258064,8.6,0.090813,1
2017-11-01,2017,11,PANYILEUKAN,3.2313,3.0876,2.4234,2.2439,2.5132,2.74655,8.058104738154613,40100,21.842666666666666,451.08,89.273,9.0,0.095037,1
2017-12-01,2017,12,PANYILEUKAN,2.6568,3.2313,3.0876,2.4234,1.9747,2.849775,6.625436408977556,40100,21.30516129032258,259.67,89.88935483870968,7.4,0.078141,1
2018-01-01,2018,1,PANYILEUKAN,3.8411,2.6568,3.2313,3.0876,2.0824,3.2041999999999997,9.578802992518703,40100,20.889032258064514,262.41,91.22258064516129,7.25,0.080022,1
2018-02-01,2018,2,PANYILEUKAN,3.7086,3.8411,2.6568,3.2313,2.2439,3.35945,9.248379052369078,40100,21.117142857142856,517.61,91.1925,7.0,0.077263,1
2018-03-01,2018,3,PANYILEUKAN,3.7086,3.7086,3.8411,2.6568,2.4234,3.478775,9.248379052369078,40100,21.65741935483871,387.92,89.85741935483871,7.0,0.077263,1
2018-04-01,2018,4,PANYILEUKAN,3.7086,3.7086,3.7086,3.8411,3.0876,3.7417249999999997,9.248379052369078,40100,21.947,262.95,89.76933333333334,7.0,0.077263,0
2018-05-01,2018,5,PANYILEUKAN,3.5762,3.7086,3.7086,3.7086,3.2313,3.6755000000000004,8.918204488778054,40100,21.772903225806452,120.22,88.87645161290322,6.75,0.074503,0
2018-06-01,2018,6,PANYILEUKAN,2.9139,3.5762,3.7086,3.7086,2.6568,3.476825,7.266583541147132,40100,21.314333333333334,91.12,88.38766666666668,5.5,0.060706,0
2018-07-01,2018,7,PANYILEUKAN,3.1788,2.9139,3.5762,3.7086,3.8411,3.344375,7.92718204488778,40100,19.885161290322582,5.63,85.66225806451614,6.0,0.066225,0
2018-08-01,2018,8,PANYILEUKAN,3.4437,3.1788,2.9139,3.5762,3.7086,3.27815,8.58778054862843,40100,20.21161290322581,32.75,84.21451612903226,6.5,0.071744,0
2018-09-01,2018,9,PANYILEUKAN,3.7086,3.4437,3.1788,2.9139,3.7086,3.3112500000000002,9.248379052369078,40100,21.037,96.61,83.175,7.0,0.077263,0
2018-10-01,2018,10,PANYILEUKAN,4.3709,3.7086,3.4437,3.1788,3.7086,3.6754999999999995,10.899999999999999,40100,22.358709677419355,189.07,82.22838709677418,8.25,0.09106,1
2018-11-01,2018,11,PANYILEUKAN,5.1656,4.3709,3.7086,3.4437,3.5762,4.1722,12.881795511221947,40100,22.28033333333333,425.59000000000003,87.10799999999999,9.75,0.107616,1
2018-12-01,2018,12,PANYILEUKAN,6.6755,5.1656,4.3709,3.7086,2.9139,4.98015,16.64713216957606,40100,21.870645161290323,411.58,90.10225806451614,12.6,0.139073,1
2019-01-01,2019,1,PANYILEUKAN,13.3933,6.6755,5.1656,4.3709,3.1788,7.401325,33.3997506234414,40100,21.614516129032257,413.94,90.2341935483871,28.5,0.17394,1
2019-02-01,2019,2,PANYILEUKAN,16.213,13.3933,6.6755,5.1656,3.4437,10.36185,40.43142144638404,40100,22.12642857142857,488.76,90.59357142857142,34.5,0.210558,1
2019-03-01,2019,3,PANYILEUKAN,9.0229,16.213,13.3933,6.6755,3.7086,11.326175000000001,22.500997506234413,40100,21.675483870967742,289.9,89.77451612903226,19.2,0.11718,1
2019-04-01,2019,4,PANYILEUKAN,6.4617,9.0229,16.213,13.3933,4.3709,11.272725,16.113965087281798,40100,22.535333333333334,455.36,90.312,13.75,0.083918,0
2019-05-01,2019,5,PANYILEUKAN,5.2868,6.4617,9.0229,16.213,5.1656,9.2461,13.184039900249376,40100,21.986451612903227,228.52,89.65741935483871,11.25,0.06866,0
2019-06-01,2019,6,PANYILEUKAN,4.0415,5.2868,6.4617,9.0229,6.6755,6.203225,10.0785536159601,40100,20.71066666666667,44.2,86.69033333333333,8.6,0.052487,0
2019-07-01,2019,7,PANYILEUKAN,3.0546,4.0415,5.2868,6.4617,13.3933,4.71115,7.617456359102245,40100,20.04064516129032,28.17,86.75548387096775,6.5,0.03967,0
2019-08-01,2019,8,PANYILEUKAN,3.4071,3.0546,4.0415,5.2868,16.213,3.9475000000000002,8.49650872817955,40100,19.98225806451613,19.74,84.07290322580646,7.25,0.044248,0
2019-09-01,2019,9,PANYILEUKAN,3.1956,3.4071,3.0546,4.0415,9.0229,3.4246999999999996,7.969077306733167,40100,20.884333333333334,9.68,80.54033333333334,6.8,0.041501,0
2019-10-01,2019,10,PANYILEUKAN,3.6421,3.1956,3.4071,3.0546,6.4617,3.32485,9.082543640897756,40100,22.31451612903226,80.15,78.2658064516129,7.75,0.047299,1
2019-11-01,2019,11,PANYILEUKAN,4.112,3.6421,3.1956,3.4071,5.2868,3.5892,10.254364089775562,40100,22.717333333333332,209.04,81.00466666666667,8.75,0.053403,1
2019-12-01,2019,12,PANYILEUKAN,5.1694,4.112,3.6421,3.1956,4.0415,4.029775,12.891271820448878,40100,22.92322580645161,493.07,85.07225806451612,11.0,0.067135,1
2020-01-01,2020,1,PANYILEUKAN,8.1227,5.1694,4.112,3.6421,3.0546,5.261550000000001,20.256109725685786,40100,22.35483870967742,401.12,89.05290322580645,27.0,0.105489,1
2020-02-01,2020,2,PANYILEUKAN,8.0475,8.1227,5.1694,4.112,3.4071,6.3629,20.06857855361596,40100,21.99103448275862,629.82,91.53275862068965,26.75,0.104513,1
2020-03-01,2020,3,PANYILEUKAN,11.0709,8.0475,8.1227,5.1694,3.1956,8.102625,27.608229426433915,40100,22.194193548387098,613.86,91.3616129032258,36.8,0.143778,1
2020-04-01,2020,4,PANYILEUKAN,8.1979,11.0709,8.0475,8.1227,3.6421,8.85975,20.44364089775561,40100,22.423,359.35,90.376,27.25,0.106466,0
2020-05-01,2020,5,PANYILEUKAN,6.9795,8.1979,11.0709,8.0475,4.112,8.57395,17.40523690773067,40100,22.330322580645163,486.90999999999997,91.91612903225807,23.2,0.090643,0
2020-06-01,2020,6,PANYILEUKAN,5.5655,6.9795,8.1979,11.0709,5.1694,7.95345,13.879052369077309,40100,21.551,159.0,90.95,18.5,0.07228,0
2020-07-01,2020,7,PANYILEUKAN,3.5349,5.5655,6.9795,8.1979,8.1227,6.06945,8.815211970074813,40100,20.79548387096774,102.75,89.11064516129032,11.75,0.045907,0
2020-08-01,2020,8,PANYILEUKAN,4.8736,3.5349,5.5655,6.9795,8.0475,5.2383750000000004,12.15361596009975,40100,21.360967741935486,57.29,87.45516129032258,16.2,0.063294,0
2020-09-01,2020,9,PANYILEUKAN,4.5126,4.8736,3.5349,5.5655,11.0709,4.62165,11.253366583541146,40100,21.523333333333333,195.74,86.688,15.0,0.058605,0
2020-10-01,2020,10,PANYILEUKAN,4.287,4.5126,4.8736,3.5349,8.1979,4.302025,10.690773067331671,40100,21.92290322580645,471.4,89.15064516129033,14.25,0.055675,1
2020-11-01,2020,11,PANYILEUKAN,6.9193,4.287,4.5126,4.8736,6.9795,5.148125,17.25511221945137,40100,21.974333333333334,334.45,90.29199999999999,23.0,0.089861,1
2020-12-01,2020,12,PANYILEUKAN,4.8887,6.9193,4.287,4.5126,5.5655,5.1518999999999995,12.191271820448879,40100,21.280645161290323,315.84000000000003,91.29451612903226,16.25,0.063489,1
2021-01-01,2021,1,PANYILEUKAN,4.0488,4.8887,6.9193,4.287,3.5349,5.03595,10.096758104738154,40100,21.016129032258064,342.89,91.80645161290323,14.6,0.069806,1
2021-02-01,2021,2,PANYILEUKAN,4.3677,4.0488,4.8887,6.9193,4.8736,5.056125,10.892019950124688,40100,21.04357142857143,454.85,92.93928571428572,15.75,0.075305,1
2021-03-01,2021,3,PANYILEUKAN,5.5463,4.3677,4.0488,4.8887,4.5126,4.712875,13.831172069825435,40100,21.4741935483871,611.72,89.84774193548388,20.0,0.095625,1
2021-04-01,2021,4,PANYILEUKAN,5.2689,5.5463,4.3677,4.0488,4.287,4.807925,13.139401496259353,40100,21.441333333333333,210.6,90.00566666666667,19.0,0.090844,0
2021-05-01,2021,5,PANYILEUKAN,5.2135,5.2689,5.5463,4.3677,6.9193,5.0991,13.001246882793016,40100,22.094838709677422,206.06,90.47516129032257,18.8,0.089888,0
2021-06-01,2021,6,PANYILEUKAN,5.9622,5.2135,5.2689,5.5463,4.8887,5.497725,14.868329177057356,40100,21.572,260.94,89.66933333333333,21.5,0.102797,0
2021-07-01,2021,7,PANYILEUKAN,4.021,5.9622,5.2135,5.2689,4.0488,5.1164000000000005,10.027431421446384,40100,20.67064516129032,72.52,88.60129032258064,14.5,0.069328,0
2021-08-01,2021,8,PANYILEUKAN,3.9933,4.021,5.9622,5.2135,4.3677,4.7975,9.958354114713218,40100,21.206129032258065,111.66,88.73290322580644,14.4,0.06885,0
2021-09-01,2021,9,PANYILEUKAN,3.7437,3.9933,4.021,5.9622,5.5463,4.43005,9.335910224438903,40100,21.584666666666667,178.93,87.54133333333333,13.5,0.064547,0
2021-10-01,2021,10,PANYILEUKAN,3.7715,3.7437,3.9933,4.021,5.2689,3.882375,9.405236907730673,40100,22.29774193548387,291.15,86.82225806451612,13.6,0.065025,1
2021-11-01,2021,11,PANYILEUKAN,6.0316,3.7715,3.7437,3.9933,5.2135,4.385025000000001,15.04139650872818,40100,21.753666666666668,452.44,90.89566666666666,21.75,0.103992,1
2021-12-01,2021,12,PANYILEUKAN,6.0316,6.0316,3.7715,3.7437,5.9622,4.8946000000000005,15.04139650872818,40100,21.716129032258067,366.65000000000003,90.05903225806452,21.75,0.103992,1
2022-01-01,2022,1,PANYILEUKAN,14.0716,6.0316,6.0316,3.7715,4.021,7.476575,35.091271820448874,40100,21.427419354838708,218.29,90.04,29.0,0.113481,1
2022-02-01,2022,2,PANYILEUKAN,13.1012,14.0716,6.0316,6.0316,3.9933,9.809000000000001,32.6713216957606,40100,21.202499999999997,251.17000000000002,90.17285714285715,27.0,0.105654,1
2022-03-01,2022,3,PANYILEUKAN,10.4324,13.1012,14.0716,6.0316,3.7437,10.909200000000002,26.015960099750618,40100,21.671290322580646,303.35,89.7316129032258,21.5,0.084132,1
2022-04-01,2022,4,PANYILEUKAN,8.7341,10.4324,13.1012,14.0716,3.7715,11.584825,21.78079800498753,40100,22.020333333333333,361.55,89.954,18.0,0.070436,0
2022-05-01,2022,5,PANYILEUKAN,8.9282,8.7341,10.4324,13.1012,6.0316,10.298975,22.26483790523691,40100,22.018064516129034,249.94,90.39709677419354,18.4,0.072002,0
2022-06-01,2022,6,PANYILEUKAN,8.9767,8.9282,8.7341,10.4324,6.0316,9.26785,22.3857855361596,40100,21.217,211.8,90.89233333333333,18.5,0.072393,0
2022-07-01,2022,7,PANYILEUKAN,8.7341,8.9767,8.9282,8.7341,14.0716,8.843275,21.78079800498753,40100,21.188064516129035,200.27,89.83903225806452,18.0,0.070436,0
2022-08-01,2022,8,PANYILEUKAN,10.9176,8.7341,8.9767,8.9282,13.1012,9.38915,27.225935162094764,40100,21.362903225806452,138.33,88.19354838709677,22.5,0.088045,0
2022-09-01,2022,9,PANYILEUKAN,10.7963,10.9176,8.7341,8.9767,10.4324,9.856175,26.92344139650873,40100,21.667333333333332,301.34999999999997,89.089,22.25,0.087067,0
2022-10-01,2022,10,PANYILEUKAN,10.8691,10.7963,10.9176,8.7341,8.7341,10.329274999999999,27.104987531172068,40100,21.640967741935484,426.72,90.4658064516129,22.4,0.087654,1
2022-11-01,2022,11,PANYILEUKAN,10.675,10.8691,10.7963,10.9176,8.9282,10.8145,26.620947630922696,40100,21.424,413.78,91.02466666666668,22.0,0.086089,1
2022-12-01,2022,12,PANYILEUKAN,7.7636,10.675,10.8691,10.7963,8.9767,10.026,19.36059850374065,40100,21.384516129032257,353.8,90.81741935483872,16.0,0.06261,1
2023-01-01,2023,1,PANYILEUKAN,4.2599,7.7636,10.675,10.8691,8.7341,8.3919,10.623192019950125,40100,21.17322580645161,158.04,90.5667741935484,17.0,0.099068,1
2023-02-01,2023,2,PANYILEUKAN,4.1973,4.2599,7.7636,10.675,10.9176,6.72395,10.467082294264339,40100,20.5825,359.16,91.09357142857142,16.75,0.097611,1
2023-03-01,2023,3,PANYILEUKAN,3.884,4.1973,4.2599,7.7636,10.7963,5.0262,9.685785536159601,40100,21.701290322580647,334.8,90.1258064516129,15.5,0.090326,1
2023-04-01,2023,4,PANYILEUKAN,3.6084,3.884,4.1973,4.2599,10.8691,3.9874,8.99850374064838,40100,22.06566666666667,272.96,89.87733333333334,14.4,0.083916,0
2023-05-01,2023,5,PANYILEUKAN,3.9467,3.6084,3.884,4.1973,10.675,3.9091,9.842144638403989,40100,22.14774193548387,215.54000000000002,89.70709677419354,15.75,0.091783,0
2023-06-01,2023,6,PANYILEUKAN,3.3829,3.9467,3.6084,3.884,7.7636,3.7055,8.436159600997506,40100,21.829,148.52,89.866,13.5,0.078671,0
2023-07-01,2023,7,PANYILEUKAN,2.7564,3.3829,3.9467,3.6084,4.2599,3.4236,6.873815461346633,40100,20.978387096774195,76.8,88.14032258064516,11.0,0.064103,0
2023-08-01,2023,8,PANYILEUKAN,3.3829,2.7564,3.3829,3.9467,4.1973,3.367225,8.436159600997506,40100,20.746129032258064,18.96,84.63129032258065,13.5,0.078671,0
2023-09-01,2023,9,PANYILEUKAN,3.2576,3.3829,2.7564,3.3829,3.884,3.19495,8.123690773067333,40100,21.15533333333333,6.95,81.82133333333333,13.0,0.075758,0
2023-10-01,2023,10,PANYILEUKAN,3.1072,3.2576,3.3829,2.7564,3.6084,3.1260250000000003,7.748628428927681,40100,22.83225806451613,56.58,79.87290322580645,12.4,0.072261,1
2023-11-01,2023,11,PANYILEUKAN,3.7587,3.1072,3.2576,3.3829,3.9467,3.3766,9.373316708229426,40100,23.137999999999998,379.14,84.75633333333333,15.0,0.087413,1
2023-12-01,2023,12,PANYILEUKAN,3.458,3.7587,3.1072,3.2576,3.3829,3.395375,8.623441396508728,40100,22.862903225806452,231.32,86.83161290322582,13.8,0.08042,1
2024-01-01,2024,1,PANYILEUKAN,19.2246,3.458,3.7587,3.1072,2.7564,7.387124999999999,47.94164588528678,40100,22.437419354838713,598.42,89.78064516129032,18.25,0.089417,1
2024-02-01,2024,2,PANYILEUKAN,21.0681,19.2246,3.458,3.7587,3.3829,11.87735,52.53890274314215,40100,22.73793103448276,474.35,89.5803448275862,20.0,0.097991,1
2024-03-01,2024,3,PANYILEUKAN,27.5992,21.0681,19.2246,3.458,3.2576,17.837474999999998,68.82593516209477,40100,22.405483870967743,391.27,90.65516129032258,26.2,0.128368,1
2024-04-01,2024,4,PANYILEUKAN,25.2817,27.5992,21.0681,19.2246,3.1072,23.2934,63.04663341645886,40100,23.169,323.82,90.12033333333333,24.0,0.117589,0
2024-05-01,2024,5,PANYILEUKAN,25.2817,25.2817,27.5992,21.0681,3.7587,24.807675000000003,63.04663341645886,40100,22.799354838709675,122.81,88.94935483870967,24.0,0.117589,0
2024-06-01,2024,6,PANYILEUKAN,17.4865,25.2817,25.2817,27.5992,3.458,23.912275,43.607231920199496,40100,22.169666666666668,235.73000000000002,89.03999999999999,16.6,0.081333,0
2024-07-01,2024,7,PANYILEUKAN,14.7477,17.4865,25.2817,25.2817,19.2246,20.6994,36.77730673316709,40100,21.01290322580645,291.43,89.00387096774193,14.0,0.068594,0
2024-08-01,2024,8,PANYILEUKAN,11.8508,14.7477,17.4865,25.2817,21.0681,17.341675,29.55311720698254,40100,21.080645161290324,79.38,86.01806451612903,11.25,0.05512,0
2024-09-01,2024,9,PANYILEUKAN,11.3768,11.8508,14.7477,17.4865,27.5992,13.86545,28.371072319201996,40100,21.895333333333333,329.11,85.34933333333333,10.8,0.052915,0
2024-10-01,2024,10,PANYILEUKAN,12.9042,11.3768,11.8508,14.7477,25.2817,12.719875,32.180049875311724,40100,22.643225806451614,85.42999999999999,85.1325806451613,12.25,0.06002,1
2024-11-01,2024,11,PANYILEUKAN,12.3775,12.9042,11.3768,11.8508,25.2817,12.127324999999999,30.86658354114713,40100,22.590333333333334,530.84,88.96533333333333,11.75,0.05757,1
2024-12-01,2024,12,PANYILEUKAN,15.8011,12.3775,12.9042,11.3768,17.4865,13.114899999999999,39.404239401496255,40100,21.753870967741936,329.88,91.23483870967742,15.0,0.073493,1
2016-01-01,2016,1,RANCASARI,25.7437,,,,,25.7437,30.429905437352247,84600,22.434516129032257,396.61,88.54548387096774,25.6,0.124969,1
2016-02-01,2016,2,RANCASARI,34.4423,25.7437,,,,30.093000000000004,40.711938534278964,84600,22.00206896551724,468.95,90.91551724137932,34.25,0.167196,1
2016-03-01,2016,3,RANCASARI,26.146,34.4423,25.7437,,,28.777333333333335,30.905437352245862,84600,22.740322580645163,477.1,90.77612903225807,26.0,0.126922,1
2016-04-01,2016,4,RANCASARI,23.6319,26.146,34.4423,25.7437,,27.490975000000002,27.933687943262413,84600,22.466,489.21,91.35133333333333,23.5,0.114718,0
2016-05-01,2016,5,RANCASARI,16.6932,23.6319,26.146,34.4423,,25.228350000000002,19.731914893617024,84600,22.4,251.60999999999999,90.83612903225807,16.6,0.081035,0
2016-06-01,2016,6,RANCASARI,11.816,16.6932,23.6319,26.146,,19.571775000000002,13.966903073286051,84600,21.715333333333334,176.73,88.34833333333333,11.75,0.057359,0
2016-07-01,2016,7,RANCASARI,11.0618,11.816,16.6932,23.6319,25.7437,15.800725,13.075413711583924,84600,21.557419354838707,300.44,89.96677419354839,11.0,0.053698,0
2016-08-01,2016,8,RANCASARI,11.3132,11.0618,11.816,16.6932,34.4423,12.72105,13.372576832151301,84600,21.18967741935484,190.43,88.61,11.25,0.054918,0
2016-09-01,2016,9,RANCASARI,11.3132,11.3132,11.0618,11.816,26.146,11.376050000000001,13.372576832151301,84600,21.71033333333333,438.58,89.848,11.25,0.054918,0
2016-10-01,2016,10,RANCASARI,11.464,11.3132,11.3132,11.0618,23.6319,11.28805,13.55082742316785,84600,21.464193548387097,440.99,91.19935483870967,11.4,0.05565,1
2016-11-01,2016,11,RANCASARI,11.5646,11.464,11.3132,11.3132,16.6932,11.41375,13.669739952718677,84600,21.88,430.71999999999997,90.57866666666668,11.5,0.056139,1
2016-12-01,2016,12,RANCASARI,10.8103,11.5646,11.464,11.3132,11.816,11.288025000000001,12.778132387706854,84600,21.13935483870968,188.26,90.15129032258065,10.75,0.052477,1
2017-01-01,2017,1,RANCASARI,10.9018,10.8103,11.5646,11.464,11.0618,11.185175000000001,12.88628841607565,84600,21.030645161290323,295.58,90.34,11.6,0.122492,1
2017-02-01,2017,2,RANCASARI,9.1631,10.9018,10.8103,11.5646,11.3132,10.609950000000001,10.831087470449173,84600,21.141428571428573,478.78000000000003,91.32892857142858,9.75,0.102957,1
2017-03-01,2017,3,RANCASARI,8.6932,9.1631,10.9018,10.8103,11.3132,9.8921,10.275650118203309,84600,21.510967741935485,336.51,89.8583870967742,9.25,0.097677,1
2017-04-01,2017,4,RANCASARI,7.3305,8.6932,9.1631,10.9018,11.464,9.02215,8.664893617021276,84600,21.872666666666664,371.34,90.94333333333334,7.8,0.082365,0
2017-05-01,2017,5,RANCASARI,6.5787,7.3305,8.6932,9.1631,11.5646,7.941375,7.776241134751774,84600,21.852903225806454,209.88,90.35548387096775,7.0,0.073918,0
2017-06-01,2017,6,RANCASARI,5.169,6.5787,7.3305,8.6932,10.8103,6.94285,6.109929078014183,84600,21.282666666666668,155.11,90.05266666666667,5.5,0.058078,0
2017-07-01,2017,7,RANCASARI,5.4509,5.169,6.5787,7.3305,10.9018,6.132275,6.443144208037825,84600,20.681612903225805,89.05,89.09967741935485,5.8,0.061246,0
2017-08-01,2017,8,RANCASARI,5.8738,5.4509,5.169,6.5787,9.1631,5.7681000000000004,6.943026004728132,84600,20.58225806451613,29.75,86.16129032258064,6.25,0.065998,0
2017-09-01,2017,9,RANCASARI,6.3437,5.8738,5.4509,5.169,8.6932,5.70935,7.498463356973995,84600,21.449666666666666,108.77000000000001,84.02466666666668,6.75,0.071278,0
2017-10-01,2017,10,RANCASARI,8.0824,6.3437,5.8738,5.4509,7.3305,6.4376999999999995,9.553664302600474,84600,22.156451612903226,516.17,87.77129032258064,8.6,0.090813,1
2017-11-01,2017,11,RANCASARI,8.4583,8.0824,6.3437,5.8738,6.5787,7.1895500000000006,9.997990543735224,84600,21.842666666666666,451.08,89.273,9.0,0.095037,1
2017-12-01,2017,12,RANCASARI,6.9546,8.4583,8.0824,6.3437,5.169,7.45975,8.220567375886525,84600,21.30516129032258,259.67,89.88935483870968,7.4,0.078141,1
2018-01-01,2018,1,RANCASARI,8.0022,6.9546,8.4583,8.0824,5.4509,7.874375,9.458865248226951,84600,20.889032258064514,262.41,91.22258064516129,7.25,0.080022,1
2018-02-01,2018,2,RANCASARI,7.7263,8.0022,6.9546,8.4583,5.8738,7.785349999999999,9.13274231678487,84600,21.117142857142856,517.61,91.1925,7.0,0.077263,1
2018-03-01,2018,3,RANCASARI,7.7263,7.7263,8.0022,6.9546,6.3437,7.6023499999999995,9.13274231678487,84600,21.65741935483871,387.92,89.85741935483871,7.0,0.077263,1
2018-04-01,2018,4,RANCASARI,7.7263,7.7263,7.7263,8.0022,8.0824,7.795275,9.13274231678487,84600,21.947,262.95,89.76933333333334,7.0,0.077263,0
2018-05-01,2018,5,RANCASARI,7.4503,7.7263,7.7263,7.7263,8.4583,7.6573,8.806501182033097,84600,21.772903225806452,120.22,88.87645161290322,6.75,0.074503,0
2018-06-01,2018,6,RANCASARI,6.0706,7.4503,7.7263,7.7263,6.9546,7.243375,7.1756501182033094,84600,21.314333333333334,91.12,88.38766666666668,5.5,0.060706,0
2018-07-01,2018,7,RANCASARI,6.6225,6.0706,7.4503,7.7263,8.0022,6.967425,7.828014184397163,84600,19.885161290322582,5.63,85.66225806451614,6.0,0.066225,0
2018-08-01,2018,8,RANCASARI,7.1744,6.6225,6.0706,7.4503,7.7263,6.82945,8.480378250591018,84600,20.21161290322581,32.75,84.21451612903226,6.5,0.071744,0
2018-09-01,2018,9,RANCASARI,7.7263,7.1744,6.6225,6.0706,7.7263,6.89845,9.13274231678487,84600,21.037,96.61,83.175,7.0,0.077263,0
2018-10-01,2018,10,RANCASARI,9.106,7.7263,7.1744,6.6225,7.7263,7.6573,10.763593380614656,84600,22.358709677419355,189.07,82.22838709677418,8.25,0.09106,1
2018-11-01,2018,11,RANCASARI,10.7616,9.106,7.7263,7.1744,7.4503,8.692075,12.720567375886525,84600,22.28033333333333,425.59000000000003,87.10799999999999,9.75,0.107616,1
2018-12-01,2018,12,RANCASARI,13.9073,10.7616,9.106,7.7263,6.0706,10.3753,16.43888888888889,84600,21.870645161290323,411.58,90.10225806451614,12.6,0.139073,1
2019-01-01,2019,1,RANCASARI,24.8734,13.9073,10.7616,9.106,6.6225,14.662075,29.401182033096926,84600,21.614516129032257,413.94,90.2341935483871,28.5,0.17394,1
2019-02-01,2019,2,RANCASARI,30.1099,24.8734,13.9073,10.7616,7.1744,19.91305,35.59089834515366,84600,22.12642857142857,488.76,90.59357142857142,34.5,0.210558,1
2019-03-01,2019,3,RANCASARI,16.7568,30.1099,24.8734,13.9073,7.7263,21.411849999999998,19.807092198581557,84600,21.675483870967742,289.9,89.77451612903226,19.2,0.11718,1
2019-04-01,2019,4,RANCASARI,12.0003,16.7568,30.1099,24.8734,9.106,20.9351,14.184751773049646,84600,22.535333333333334,455.36,90.312,13.75,0.083918,0
2019-05-01,2019,5,RANCASARI,9.8184,12.0003,16.7568,30.1099,10.7616,17.17135,11.605673758865247,84600,21.986451612903227,228.52,89.65741935483871,11.25,0.06866,0
2019-06-01,2019,6,RANCASARI,7.5056,9.8184,12.0003,16.7568,13.9073,11.520275,8.871867612293144,84600,20.71066666666667,44.2,86.69033333333333,8.6,0.052487,0
2019-07-01,2019,7,RANCASARI,5.6729,7.5056,9.8184,12.0003,24.8734,8.7493,6.705555555555556,84600,20.04064516129032,28.17,86.75548387096775,6.5,0.03967,0
2019-08-01,2019,8,RANCASARI,6.3274,5.6729,7.5056,9.8184,30.1099,7.331075,7.47919621749409,84600,19.98225806451613,19.74,84.07290322580646,7.25,0.044248,0
2019-09-01,2019,9,RANCASARI,5.9347,6.3274,5.6729,7.5056,16.7568,6.36015,7.01501182033097,84600,20.884333333333334,9.68,80.54033333333334,6.8,0.041501,0
2019-10-01,2019,10,RANCASARI,6.7638,5.9347,6.3274,5.6729,12.0003,6.1747,7.9950354609929075,84600,22.31451612903226,80.15,78.2658064516129,7.75,0.047299,1
2019-11-01,2019,11,RANCASARI,7.6366,6.7638,5.9347,6.3274,9.8184,6.665625,9.026713947990544,84600,22.717333333333332,209.04,81.00466666666667,8.75,0.053403,1
2019-12-01,2019,12,RANCASARI,9.6002,7.6366,6.7638,5.9347,7.5056,7.4838249999999995,11.347754137115837,84600,22.92322580645161,493.07,85.07225806451612,11.0,0.067135,1
2020-01-01,2020,1,RANCASARI,15.085,9.6002,7.6366,6.7638,5.6729,9.7714,17.83096926713948,84600,22.35483870967742,401.12,89.05290322580645,27.0,0.105489,1
2020-02-01,2020,2,RANCASARI,14.9453,15.085,9.6002,7.6366,6.3274,11.816775,17.66583924349882,84600,21.99103448275862,629.82,91.53275862068965,26.75,0.104513,1
2020-03-01,2020,3,RANCASARI,20.5603,14.9453,15.085,9.6002,5.9347,15.0477,24.30295508274232,84600,22.194193548387098,613.86,91.3616129032258,36.8,0.143778,1
2020-04-01,2020,4,RANCASARI,15.2247,20.5603,14.9453,15.085,6.7638,16.453825000000002,17.99609929078014,84600,22.423,359.35,90.376,27.25,0.106466,0
2020-05-01,2020,5,RANCASARI,12.9619,15.2247,20.5603,14.9453,7.6366,15.92305,15.321394799054373,84600,22.330322580645163,486.90999999999997,91.91612903225807,23.2,0.090643,0
2020-06-01,2020,6,RANCASARI,10.336,12.9619,15.2247,20.5603,9.6002,14.770724999999999,12.217494089834517,84600,21.551,159.0,90.95,18.5,0.07228,0
2020-07-01,2020,7,RANCASARI,6.5648,10.336,12.9619,15.2247,15.085,11.27185,7.759810874704493,84600,20.79548387096774,102.75,89.11064516129032,11.75,0.045907,0
2020-08-01,2020,8,RANCASARI,9.051,6.5648,10.336,12.9619,14.9453,9.728425000000001,10.698581560283687,84600,21.360967741935486,57.29,87.45516129032258,16.2,0.063294,0
2020-09-01,2020,9,RANCASARI,8.3805,9.051,6.5648,10.336,20.5603,8.583075000000001,9.906028368794326,84600,21.523333333333333,195.74,86.688,15.0,0.058605,0
2020-10-01,2020,10,RANCASARI,7.9615,8.3805,9.051,6.5648,15.2247,7.98945,9.410756501182032,84600,21.92290322580645,471.4,89.15064516129033,14.25,0.055675,1
2020-11-01,2020,11,RANCASARI,12.8502,7.9615,8.3805,9.051,12.9619,9.5608,15.189361702127657,84600,21.974333333333334,334.45,90.29199999999999,23.0,0.089861,1
2020-12-01,2020,12,RANCASARI,9.0789,12.8502,7.9615,8.3805,10.336,9.567775000000001,10.731560283687944,84600,21.280645161290323,315.84000000000003,91.29451612903226,16.25,0.063489,1
2021-01-01,2021,1,RANCASARI,13.0538,9.0789,12.8502,7.9615,6.5648,10.7361,15.430023640661938,84600,21.016129032258064,342.89,91.80645161290323,14.6,0.069806,1
2021-02-01,2021,2,RANCASARI,14.082,13.0538,9.0789,12.8502,9.051,12.266225,16.645390070921987,84600,21.04357142857143,454.85,92.93928571428572,15.75,0.075305,1
2021-03-01,2021,3,RANCASARI,17.8819,14.082,13.0538,9.0789,8.3805,13.52415,21.13699763593381,84600,21.4741935483871,611.72,89.84774193548388,20.0,0.095625,1
2021-04-01,2021,4,RANCASARI,16.9878,17.8819,14.082,13.0538,7.9615,15.501375000000001,20.08014184397163,84600,21.441333333333333,210.6,90.00566666666667,19.0,0.090844,0
2021-05-01,2021,5,RANCASARI,16.809,16.9878,17.8819,14.082,12.8502,16.440175,19.868794326241137,84600,22.094838709677422,206.06,90.47516129032257,18.8,0.089888,0
2021-06-01,2021,6,RANCASARI,19.223,16.809,16.9878,17.8819,9.0789,17.725425,22.72222222222222,84600,21.572,260.94,89.66933333333333,21.5,0.102797,0
2021-07-01,2021,7,RANCASARI,12.9644,19.223,16.809,16.9878,13.0538,16.49605,15.324349881796689,84600,20.67064516129032,72.52,88.60129032258064,14.5,0.069328,0
2021-08-01,2021,8,RANCASARI,12.875,12.9644,19.223,16.809,14.082,15.46785,15.218676122931443,84600,21.206129032258065,111.66,88.73290322580644,14.4,0.06885,0
2021-09-01,2021,9,RANCASARI,12.0703,12.875,12.9644,19.223,17.8819,14.283174999999998,14.267494089834516,84600,21.584666666666667,178.93,87.54133333333333,13.5,0.064547,0
2021-10-01,2021,10,RANCASARI,12.1597,12.0703,12.875,12.9644,16.9878,12.51735,14.373167848699765,84600,22.29774193548387,291.15,86.82225806451612,13.6,0.065025,1
2021-11-01,2021,11,RANCASARI,19.4466,12.1597,12.0703,12.875,16.809,14.1379,22.986524822695035,84600,21.753666666666668,452.44,90.89566666666666,21.75,0.103992,1
2021-12-01,2021,12,RANCASARI,19.4466,19.4466,12.1597,12.0703,19.223,15.7808,22.986524822695035,84600,21.716129032258067,366.65000000000003,90.05903225806452,21.75,0.103992,1
2022-01-01,2022,1,RANCASARI,32.6824,19.4466,19.4466,12.1597,12.9644,20.933825,38.631678486997636,84600,21.427419354838708,218.29,90.04,29.0,0.113481,1
2022-02-01,2022,2,RANCASARI,30.4285,32.6824,19.4466,19.4466,12.875,25.501025,35.96749408983452,84600,21.202499999999997,251.17000000000002,90.17285714285715,27.0,0.105654,1
2022-03-01,2022,3,RANCASARI,24.2301,30.4285,32.6824,19.4466,12.0703,26.6969,28.640780141843972,84600,21.671290322580646,303.35,89.7316129032258,21.5,0.084132,1
2022-04-01,2022,4,RANCASARI,20.2857,24.2301,30.4285,32.6824,12.1597,26.906675,23.97836879432624,84600,22.020333333333333,361.55,89.954,18.0,0.070436,0
2022-05-01,2022,5,RANCASARI,20.7365,20.2857,24.2301,30.4285,19.4466,23.920199999999998,24.511229314420802,84600,22.018064516129034,249.94,90.39709677419354,18.4,0.072002,0
2022-06-01,2022,6,RANCASARI,20.8491,20.7365,20.2857,24.2301,19.4466,21.525349999999996,24.644326241134753,84600,21.217,211.8,90.89233333333333,18.5,0.072393,0
2022-07-01,2022,7,RANCASARI,20.2857,20.8491,20.7365,20.2857,32.6824,20.539249999999996,23.97836879432624,84600,21.188064516129035,200.27,89.83903225806452,18.0,0.070436,0
2022-08-01,2022,8,RANCASARI,25.3571,20.2857,20.8491,20.7365,30.4285,21.8071,29.972931442080377,84600,21.362903225806452,138.33,88.19354838709677,22.5,0.088045,0
2022-09-01,2022,9,RANCASARI,25.0753,25.3571,20.2857,20.8491,24.2301,22.891799999999996,29.63983451536643,84600,21.667333333333332,301.34999999999997,89.089,22.25,0.087067,0
2022-10-01,2022,10,RANCASARI,25.2444,25.0753,25.3571,20.2857,20.2857,23.990624999999998,29.839716312056733,84600,21.640967741935484,426.72,90.4658064516129,22.4,0.087654,1
2022-11-01,2022,11,RANCASARI,24.7936,25.2444,25.0753,25.3571,20.7365,25.117599999999996,29.306855791962175,84600,21.424,413.78,91.02466666666668,22.0,0.086089,1
2022-12-01,2022,12,RANCASARI,18.0317,24.7936,25.2444,25.0753,20.8491,23.28625,21.314066193853428,84600,21.384516129032257,353.8,90.81741935483872,16.0,0.06261,1
2023-01-01,2023,1,RANCASARI,6.6375,18.0317,24.7936,25.2444,20.2857,18.6768,7.845744680851064,84600,21.17322580645161,158.04,90.5667741935484,17.0,0.099068,1
2023-02-01,2023,2,RANCASARI,6.5399,6.6375,18.0317,24.7936,25.3571,14.000675,7.730378250591016,84600,20.5825,359.16,91.09357142857142,16.75,0.097611,1
2023-03-01,2023,3,RANCASARI,6.0519,6.5399,6.6375,18.0317,25.0753,9.315249999999999,7.15354609929078,84600,21.701290322580647,334.8,90.1258064516129,15.5,0.090326,1
2023-04-01,2023,4,RANCASARI,5.6224,6.0519,6.5399,6.6375,25.2444,6.2129249999999985,6.645862884160756,84600,22.06566666666667,272.96,89.87733333333334,14.4,0.083916,0
2023-05-01,2023,5,RANCASARI,6.1495,5.6224,6.0519,6.5399,24.7936,6.090924999999999,7.2689125295508275,84600,22.14774193548387,215.54000000000002,89.70709677419354,15.75,0.091783,0
2023-06-01,2023,6,RANCASARI,5.271,6.1495,5.6224,6.0519,18.0317,5.773699999999998,6.230496453900709,84600,21.829,148.52,89.866,13.5,0.078671,0
2023-07-01,2023,7,RANCASARI,4.2949,5.271,6.1495,5.6224,6.6375,5.334449999999999,5.076713947990544,84600,20.978387096774195,76.8,88.14032258064516,11.0,0.064103,0
2023-08-01,2023,8,RANCASARI,5.271,4.2949,5.271,6.1495,6.5399,5.246599999999998,6.230496453900709,84600,20.746129032258064,18.96,84.63129032258065,13.5,0.078671,0
2023-09-01,2023,9,RANCASARI,5.0758,5.271,4.2949,5.271,6.0519,4.9781749999999985,5.999763593380615,84600,21.15533333333333,6.95,81.82133333333333,13.0,0.075758,0
2023-10-01,2023,10,RANCASARI,4.8415,5.0758,5.271,4.2949,5.6224,4.870799999999998,5.722813238770685,84600,22.83225806451613,56.58,79.87290322580645,12.4,0.072261,1
2023-11-01,2023,11,RANCASARI,5.8566,4.8415,5.0758,5.271,6.1495,5.261224999999998,6.922695035460992,84600,23.137999999999998,379.14,84.75633333333333,15.0,0.087413,1
2023-12-01,2023,12,RANCASARI,5.3881,5.8566,4.8415,5.0758,5.271,5.290499999999998,6.368912529550827,84600,22.862903225806452,231.32,86.83161290322582,13.8,0.08042,1
2024-01-01,2024,1,RANCASARI,38.7175,5.3881,5.8566,4.8415,4.2949,13.700924999999998,45.765366430260045,84600,22.437419354838713,598.42,89.78064516129032,18.25,0.089417,1
2024-02-01,2024,2,RANCASARI,42.4302,38.7175,5.3881,5.8566,5.271,23.0981,50.153900709219855,84600,22.73793103448276,474.35,89.5803448275862,20.0,0.097991,1
2024-03-01,2024,3,RANCASARI,55.5835,42.4302,38.7175,5.3881,5.0758,35.529825,65.701536643026,84600,22.405483870967743,391.27,90.65516129032258,26.2,0.128368,1
2024-04-01,2024,4,RANCASARI,50.9162,55.5835,42.4302,38.7175,4.8415,46.91185,60.18463356973995,84600,23.169,323.82,90.12033333333333,24.0,0.117589,0
2024-05-01,2024,5,RANCASARI,50.9162,50.9162,55.5835,42.4302,5.8566,49.961524999999995,60.18463356973995,84600,22.799354838709675,122.81,88.94935483870967,24.0,0.117589,0
2024-06-01,2024,6,RANCASARI,35.2171,50.9162,50.9162,55.5835,5.3881,48.15825,41.62777777777778,84600,22.169666666666668,235.73000000000002,89.03999999999999,16.6,0.081333,0
2024-07-01,2024,7,RANCASARI,29.7011,35.2171,50.9162,50.9162,38.7175,41.68765,35.107683215130024,84600,21.01290322580645,291.43,89.00387096774193,14.0,0.068594,0
2024-08-01,2024,8,RANCASARI,23.867,29.7011,35.2171,50.9162,42.4302,34.925349999999995,28.211583924349885,84600,21.080645161290324,79.38,86.01806451612903,11.25,0.05512,0
2024-09-01,2024,9,RANCASARI,22.9123,23.867,29.7011,35.2171,55.5835,27.924374999999998,27.08309692671395,84600,21.895333333333333,329.11,85.34933333333333,10.8,0.052915,0
2024-10-01,2024,10,RANCASARI,25.9885,22.9123,23.867,29.7011,50.9162,25.617224999999998,30.719267139479904,84600,22.643225806451614,85.42999999999999,85.1325806451613,12.25,0.06002,1
2024-11-01,2024,11,RANCASARI,24.9277,25.9885,22.9123,23.867,50.9162,24.423874999999995,29.465366430260048,84600,22.590333333333334,530.84,88.96533333333333,11.75,0.05757,1
2024-12-01,2024,12,RANCASARI,31.8226,24.9277,25.9885,22.9123,35.2171,26.412775,37.61536643026005,84600,21.753870967741936,329.88,91.23483870967742,15.0,0.073493,1
2016-01-01,2016,1,REGOL,19.8701,,,,,19.8701,25.056872635561163,79300,22.434516129032257,396.61,88.54548387096774,25.6,0.124969,1
2016-02-01,2016,2,REGOL,26.5841,19.8701,,,,23.2271,33.5234552332913,79300,22.00206896551724,468.95,90.91551724137932,34.25,0.167196,1
2016-03-01,2016,3,REGOL,20.1806,26.5841,19.8701,,,22.2116,25.4484237074401,79300,22.740322580645163,477.1,90.77612903225807,26.0,0.126922,1
2016-04-01,2016,4,REGOL,18.2402,20.1806,26.5841,19.8701,,21.21875,23.001513240857506,79300,22.466,489.21,91.35133333333333,23.5,0.114718,0
2016-05-01,2016,5,REGOL,12.8845,18.2402,20.1806,26.5841,,19.47235,16.24779319041614,79300,22.4,251.60999999999999,90.83612903225807,16.6,0.081035,0
2016-06-01,2016,6,REGOL,9.1201,12.8845,18.2402,20.1806,,15.106349999999999,11.500756620428753,79300,21.715333333333334,176.73,88.34833333333333,11.75,0.057359,0
2016-07-01,2016,7,REGOL,8.538,9.1201,12.8845,18.2402,19.8701,12.1957,10.766708701134931,79300,21.557419354838707,300.44,89.96677419354839,11.0,0.053698,0
2016-08-01,2016,8,REGOL,8.732,8.538,9.1201,12.8845,26.5841,9.81865,11.011349306431274,79300,21.18967741935484,190.43,88.61,11.25,0.054918,0
2016-09-01,2016,9,REGOL,8.732,8.732,8.538,9.1201,20.1806,8.780525,11.011349306431274,79300,21.71033333333333,438.58,89.848,11.25,0.054918,0
2016-10-01,2016,10,REGOL,8.8484,8.732,8.732,8.538,18.2402,8.7126,11.158133669609079,79300,21.464193548387097,440.99,91.19935483870967,11.4,0.05565,1
2016-11-01,2016,11,REGOL,8.926,8.8484,8.732,8.732,12.8845,8.8096,11.255989911727617,79300,21.88,430.71999999999997,90.57866666666668,11.5,0.056139,1
2016-12-01,2016,12,REGOL,8.3439,8.926,8.8484,8.732,9.1201,8.712575,10.521941992433796,79300,21.13935483870968,188.26,90.15129032258065,10.75,0.052477,1
2017-01-01,2017,1,REGOL,14.0866,8.3439,8.926,8.8484,8.538,10.051225,17.763682219419927,79300,21.030645161290323,295.58,90.34,11.6,0.122492,1
2017-02-01,2017,2,REGOL,11.84,14.0866,8.3439,8.926,8.732,10.799125,14.930643127364439,79300,21.141428571428573,478.78000000000003,91.32892857142858,9.75,0.102957,1
2017-03-01,2017,3,REGOL,11.2328,11.84,14.0866,8.3439,8.732,11.375824999999999,14.164943253467841,79300,21.510967741935485,336.51,89.8583870967742,9.25,0.097677,1
2017-04-01,2017,4,REGOL,9.472,11.2328,11.84,14.0866,8.8484,11.65785,11.94451450189155,79300,21.872666666666664,371.34,90.94333333333334,7.8,0.082365,0
2017-05-01,2017,5,REGOL,8.5005,9.472,11.2328,11.84,8.926,10.261325,10.71941992433796,79300,21.852903225806454,209.88,90.35548387096775,7.0,0.073918,0
2017-06-01,2017,6,REGOL,6.679,8.5005,9.472,11.2328,8.3439,8.971075,8.422446406052964,79300,21.282666666666668,155.11,90.05266666666667,5.5,0.058078,0
2017-07-01,2017,7,REGOL,7.0433,6.679,8.5005,9.472,14.0866,7.9237,8.881841109709963,79300,20.681612903225805,89.05,89.09967741935485,5.8,0.061246,0
2017-08-01,2017,8,REGOL,7.5898,7.0433,6.679,8.5005,11.84,7.45315,9.570996216897857,79300,20.58225806451613,29.75,86.16129032258064,6.25,0.065998,0
2017-09-01,2017,9,REGOL,8.1969,7.5898,7.0433,6.679,11.2328,7.37725,10.336569987389659,79300,21.449666666666666,108.77000000000001,84.02466666666668,6.75,0.071278,0
2017-10-01,2017,10,REGOL,10.4435,8.1969,7.5898,7.0433,9.472,8.318375,13.169609079445147,79300,22.156451612903226,516.17,87.77129032258064,8.6,0.090813,1
2017-11-01,2017,11,REGOL,10.9293,10.4435,8.1969,7.5898,8.5005,9.289875,13.782219419924337,79300,21.842666666666666,451.08,89.273,9.0,0.095037,1
2017-12-01,2017,12,REGOL,8.9863,10.9293,10.4435,8.1969,6.679,9.639,11.332030264817151,79300,21.30516129032258,259.67,89.88935483870968,7.4,0.078141,1
2018-01-01,2018,1,REGOL,6.4018,8.9863,10.9293,10.4435,7.0433,9.190225,8.072887767969734,79300,20.889032258064514,262.41,91.22258064516129,7.25,0.080022,1
2018-02-01,2018,2,REGOL,6.181,6.4018,8.9863,10.9293,7.5898,8.1246,7.794451450189156,79300,21.117142857142856,517.61,91.1925,7.0,0.077263,1
2018-03-01,2018,3,REGOL,6.181,6.181,6.4018,8.9863,8.1969,6.937525000000001,7.794451450189156,79300,21.65741935483871,387.92,89.85741935483871,7.0,0.077263,1
2018-04-01,2018,4,REGOL,6.181,6.181,6.181,6.4018,10.4435,6.2362,7.794451450189156,79300,21.947,262.95,89.76933333333334,7.0,0.077263,0
2018-05-01,2018,5,REGOL,5.9603,6.181,6.181,6.181,10.9293,6.125825,7.516141235813367,79300,21.772903225806452,120.22,88.87645161290322,6.75,0.074503,0
2018-06-01,2018,6,REGOL,4.8565,5.9603,6.181,6.181,8.9863,5.7947,6.12421185372005,79300,21.314333333333334,91.12,88.38766666666668,5.5,0.060706,0
2018-07-01,2018,7,REGOL,5.298,4.8565,5.9603,6.181,6.4018,5.57395,6.680958385876418,79300,19.885161290322582,5.63,85.66225806451614,6.0,0.066225,0
2018-08-01,2018,8,REGOL,5.7395,5.298,4.8565,5.9603,6.181,5.4635750000000005,7.237704918032787,79300,20.21161290322581,32.75,84.21451612903226,6.5,0.071744,0
2018-09-01,2018,9,REGOL,6.181,5.7395,5.298,4.8565,6.181,5.51875,7.794451450189156,79300,21.037,96.61,83.175,7.0,0.077263,0
2018-10-01,2018,10,REGOL,7.2848,6.181,5.7395,5.298,6.181,6.125825,9.186380832282472,79300,22.358709677419355,189.07,82.22838709677418,8.25,0.09106,1
2018-11-01,2018,11,REGOL,8.6093,7.2848,6.181,5.7395,5.9603,6.95365,10.856620428751576,79300,22.28033333333333,425.59000000000003,87.10799999999999,9.75,0.107616,1
2018-12-01,2018,12,REGOL,11.1258,8.6093,7.2848,6.181,4.8565,8.300225000000001,14.030012610340478,79300,21.870645161290323,411.58,90.10225806451614,12.6,0.139073,1
2019-01-01,2019,1,REGOL,20.8727,11.1258,8.6093,7.2848,5.298,11.97315,26.32118537200504,79300,21.614516129032257,413.94,90.2341935483871,28.5,0.17394,1
2019-02-01,2019,2,REGOL,25.267,20.8727,11.1258,8.6093,5.7395,16.4687,31.862547288776796,79300,22.12642857142857,488.76,90.59357142857142,34.5,0.210558,1
2019-03-01,2019,3,REGOL,14.0616,25.267,20.8727,11.1258,6.181,17.831775,17.732156368221943,79300,21.675483870967742,289.9,89.77451612903226,19.2,0.11718,1
2019-04-01,2019,4,REGOL,10.0702,14.0616,25.267,20.8727,7.2848,17.567875,12.698865069356872,79300,22.535333333333334,455.36,90.312,13.75,0.083918,0
2019-05-01,2019,5,REGOL,8.2392,10.0702,14.0616,25.267,8.6093,14.409500000000001,10.389911727616646,79300,21.986451612903227,228.52,89.65741935483871,11.25,0.06866,0
2019-06-01,2019,6,REGOL,6.2984,8.2392,10.0702,14.0616,11.1258,9.66735,7.942496847414881,79300,20.71066666666667,44.2,86.69033333333333,8.6,0.052487,0
2019-07-01,2019,7,REGOL,4.7605,6.2984,8.2392,10.0702,20.8727,7.342075,6.003152585119799,79300,20.04064516129032,28.17,86.75548387096775,6.5,0.03967,0
2019-08-01,2019,8,REGOL,5.3097,4.7605,6.2984,8.2392,25.267,6.151949999999999,6.695712484237075,79300,19.98225806451613,19.74,84.07290322580646,7.25,0.044248,0
2019-09-01,2019,9,REGOL,4.9802,5.3097,4.7605,6.2984,14.0616,5.337200000000001,6.280201765447668,79300,20.884333333333334,9.68,80.54033333333334,6.8,0.041501,0
2019-10-01,2019,10,REGOL,5.6759,4.9802,5.3097,4.7605,10.0702,5.1815750000000005,7.157503152585121,79300,22.31451612903226,80.15,78.2658064516129,7.75,0.047299,1
2019-11-01,2019,11,REGOL,6.4083,5.6759,4.9802,5.3097,8.2392,5.5935250000000005,8.08108448928121,79300,22.717333333333332,209.04,81.00466666666667,8.75,0.053403,1
2019-12-01,2019,12,REGOL,8.0561,6.4083,5.6759,4.9802,6.2984,6.280125,10.159016393442624,79300,22.92322580645161,493.07,85.07225806451612,11.0,0.067135,1
2020-01-01,2020,1,REGOL,7.0678,8.0561,6.4083,5.6759,4.7605,6.802025,8.912736443883984,79300,22.35483870967742,401.12,89.05290322580645,27.0,0.105489,1
2020-02-01,2020,2,REGOL,7.0023,7.0678,8.0561,6.4083,5.3097,7.133625,8.83013871374527,79300,21.99103448275862,629.82,91.53275862068965,26.75,0.104513,1
2020-03-01,2020,3,REGOL,9.6331,7.0023,7.0678,8.0561,4.9802,7.939825000000001,12.147667087011351,79300,22.194193548387098,613.86,91.3616129032258,36.8,0.143778,1
2020-04-01,2020,4,REGOL,7.1332,9.6331,7.0023,7.0678,5.6759,7.7091,8.995208070617906,79300,22.423,359.35,90.376,27.25,0.106466,0
2020-05-01,2020,5,REGOL,6.0731,7.1332,9.6331,7.0023,6.4083,7.460425,7.658385876418663,79300,22.330322580645163,486.90999999999997,91.91612903225807,23.2,0.090643,0
2020-06-01,2020,6,REGOL,4.8427,6.0731,7.1332,9.6331,8.0561,6.9205250000000005,6.106809583858764,79300,21.551,159.0,90.95,18.5,0.07228,0
2020-07-01,2020,7,REGOL,3.0758,4.8427,6.0731,7.1332,7.0678,5.2812,3.8786885245901637,79300,20.79548387096774,102.75,89.11064516129032,11.75,0.045907,0
2020-08-01,2020,8,REGOL,4.2407,3.0758,4.8427,6.0731,7.0023,4.5580750000000005,5.34766708701135,79300,21.360967741935486,57.29,87.45516129032258,16.2,0.063294,0
2020-09-01,2020,9,REGOL,3.9265,4.2407,3.0758,4.8427,9.6331,4.021425,4.951450189155107,79300,21.523333333333333,195.74,86.688,15.0,0.058605,0
2020-10-01,2020,10,REGOL,3.7302,3.9265,4.2407,3.0758,7.1332,3.7432999999999996,4.703909205548549,79300,21.92290322580645,471.4,89.15064516129033,14.25,0.055675,1
2020-11-01,2020,11,REGOL,6.0207,3.7302,3.9265,4.2407,6.0731,4.479525,7.592307692307691,79300,21.974333333333334,334.45,90.29199999999999,23.0,0.089861,1
2020-12-01,2020,12,REGOL,4.2538,6.0207,3.7302,3.9265,4.8427,4.4828,5.364186633039092,79300,21.280645161290323,315.84000000000003,91.29451612903226,16.25,0.063489,1
2021-01-01,2021,1,REGOL,6.9108,4.2538,6.0207,3.7302,3.0758,5.2288749999999995,8.714754098360656,79300,21.016129032258064,342.89,91.80645161290323,14.6,0.069806,1
2021-02-01,2021,2,REGOL,7.4552,6.9108,4.2538,6.0207,4.2407,6.160125,9.401261034047918,79300,21.04357142857143,454.85,92.93928571428572,15.75,0.075305,1
2021-03-01,2021,3,REGOL,9.4669,7.4552,6.9108,4.2538,3.9265,7.021675,11.938083228247164,79300,21.4741935483871,611.72,89.84774193548388,20.0,0.095625,1
2021-04-01,2021,4,REGOL,8.9935,9.4669,7.4552,6.9108,3.7302,8.2066,11.341109709962168,79300,21.441333333333333,210.6,90.00566666666667,19.0,0.090844,0
2021-05-01,2021,5,REGOL,8.8989,8.9935,9.4669,7.4552,6.0207,8.703624999999999,11.221815889029003,79300,22.094838709677422,206.06,90.47516129032257,18.8,0.089888,0
2021-06-01,2021,6,REGOL,10.1769,8.8989,8.9935,9.4669,4.2538,9.384049999999998,12.83341740226986,79300,21.572,260.94,89.66933333333333,21.5,0.102797,0
2021-07-01,2021,7,REGOL,6.8635,10.1769,8.8989,8.9935,6.9108,8.7332,8.655107187894075,79300,20.67064516129032,72.52,88.60129032258064,14.5,0.069328,0
2021-08-01,2021,8,REGOL,6.8162,6.8635,10.1769,8.8989,7.4552,8.188875,8.59546027742749,79300,21.206129032258065,111.66,88.73290322580644,14.4,0.06885,0
2021-09-01,2021,9,REGOL,6.3902,6.8162,6.8635,10.1769,9.4669,7.5617,8.058259773013871,79300,21.584666666666667,178.93,87.54133333333333,13.5,0.064547,0
2021-10-01,2021,10,REGOL,6.4375,6.3902,6.8162,6.8635,8.9935,6.62685,8.117906683480454,79300,22.29774193548387,291.15,86.82225806451612,13.6,0.065025,1
2021-11-01,2021,11,REGOL,10.2952,6.4375,6.3902,6.8162,8.8989,7.484775000000001,12.982597730138714,79300,21.753666666666668,452.44,90.89566666666666,21.75,0.103992,1
2021-12-01,2021,12,REGOL,10.2952,10.2952,6.4375,6.3902,10.1769,8.354524999999999,12.982597730138714,79300,21.716129032258067,366.65000000000003,90.05903225806452,21.75,0.103992,1
2022-01-01,2022,1,REGOL,17.0221,10.2952,10.2952,6.4375,6.8635,11.0125,21.46544766708701,79300,21.427419354838708,218.29,90.04,29.0,0.113481,1
2022-02-01,2022,2,REGOL,15.8482,17.0221,10.2952,10.2952,6.8162,13.365174999999999,19.985119798234553,79300,21.202499999999997,251.17000000000002,90.17285714285715,27.0,0.105654,1
2022-03-01,2022,3,REGOL,12.6198,15.8482,17.0221,10.2952,6.3902,13.946324999999998,15.913997477931904,79300,21.671290322580646,303.35,89.7316129032258,21.5,0.084132,1
2022-04-01,2022,4,REGOL,10.5654,12.6198,15.8482,17.0221,6.4375,14.013875,13.323329129886506,79300,22.020333333333333,361.55,89.954,18.0,0.070436,0
2022-05-01,2022,5,REGOL,10.8002,10.5654,12.6198,15.8482,10.2952,12.458400000000001,13.619419924337958,79300,22.018064516129034,249.94,90.39709677419354,18.4,0.072002,0
2022-06-01,2022,6,REGOL,10.8589,10.8002,10.5654,12.6198,10.2952,11.211075000000001,13.693442622950819,79300,21.217,211.8,90.89233333333333,18.5,0.072393,0
2022-07-01,2022,7,REGOL,10.5654,10.8589,10.8002,10.5654,17.0221,10.697475,13.323329129886506,79300,21.188064516129035,200.27,89.83903225806452,18.0,0.070436,0
2022-08-01,2022,8,REGOL,13.2068,10.5654,10.8589,10.8002,15.8482,11.357825,16.65422446406053,79300,21.362903225806452,138.33,88.19354838709677,22.5,0.088045,0
2022-09-01,2022,9,REGOL,13.0601,13.2068,10.5654,10.8589,12.6198,11.9228,16.46923076923077,79300,21.667333333333332,301.34999999999997,89.089,22.25,0.087067,0
2022-10-01,2022,10,REGOL,13.1481,13.0601,13.2068,10.5654,10.5654,12.495099999999999,16.58020176544767,79300,21.640967741935484,426.72,90.4658064516129,22.4,0.087654,1
2022-11-01,2022,11,REGOL,12.9133,13.1481,13.0601,13.2068,10.8002,13.082075,16.284110970996217,79300,21.424,413.78,91.02466666666668,22.0,0.086089,1
2022-12-01,2022,12,REGOL,9.3915,12.9133,13.1481,13.0601,10.8589,12.12825,11.843001261034049,79300,21.384516129032257,353.8,90.81741935483872,16.0,0.06261,1
2023-01-01,2023,1,REGOL,5.9441,9.3915,12.9133,13.1481,10.5654,10.34925,7.495712484237075,79300,21.17322580645161,158.04,90.5667741935484,17.0,0.099068,1
2023-02-01,2023,2,REGOL,5.8566,5.9441,9.3915,12.9133,13.2068,8.526375,7.385372005044136,79300,20.5825,359.16,91.09357142857142,16.75,0.097611,1
2023-03-01,2023,3,REGOL,5.4196,5.8566,5.9441,9.3915,13.0601,6.652950000000001,6.834300126103405,79300,21.701290322580647,334.8,90.1258064516129,15.5,0.090326,1
2023-04-01,2023,4,REGOL,5.035,5.4196,5.8566,5.9441,13.1481,5.5638250000000005,6.349306431273645,79300,22.06566666666667,272.96,89.87733333333334,14.4,0.083916,0
2023-05-01,2023,5,REGOL,5.507,5.035,5.4196,5.8566,12.9133,5.454549999999999,6.94451450189155,79300,22.14774193548387,215.54000000000002,89.70709677419354,15.75,0.091783,0
2023-06-01,2023,6,REGOL,4.7203,5.507,5.035,5.4196,9.3915,5.170475,5.952459016393442,79300,21.829,148.52,89.866,13.5,0.078671,0
2023-07-01,2023,7,REGOL,3.8462,4.7203,5.507,5.035,5.9441,4.777125,4.850189155107188,79300,20.978387096774195,76.8,88.14032258064516,11.0,0.064103,0
2023-08-01,2023,8,REGOL,4.7203,3.8462,4.7203,5.507,5.8566,4.698449999999999,5.952459016393442,79300,20.746129032258064,18.96,84.63129032258065,13.5,0.078671,0
2023-09-01,2023,9,REGOL,4.5455,4.7203,3.8462,4.7203,5.4196,4.458075,5.7320302648171495,79300,21.15533333333333,6.95,81.82133333333333,13.0,0.075758,0
2023-10-01,2023,10,REGOL,4.3357,4.5455,4.7203,3.8462,5.035,4.361924999999999,5.467465321563683,79300,22.83225806451613,56.58,79.87290322580645,12.4,0.072261,1
2023-11-01,2023,11,REGOL,5.2448,4.3357,4.5455,4.7203,5.507,4.711575,6.613871374527112,79300,23.137999999999998,379.14,84.75633333333333,15.0,0.087413,1
2023-12-01,2023,12,REGOL,4.8252,5.2448,4.3357,4.5455,4.7203,4.7378,6.0847414880201764,79300,22.862903225806452,231.32,86.83161290322582,13.8,0.08042,1
2024-01-01,2024,1,REGOL,14.575,4.8252,5.2448,4.3357,3.8462,7.245175,18.379571248423705,79300,22.437419354838713,598.42,89.78064516129032,18.25,0.089417,1
2024-02-01,2024,2,REGOL,15.9726,14.575,4.8252,5.2448,4.7203,10.154399999999999,20.141992433795714,79300,22.73793103448276,474.35,89.5803448275862,20.0,0.097991,1
2024-03-01,2024,3,REGOL,20.9241,15.9726,14.575,4.8252,4.5455,14.074225,26.386002522068093,79300,22.405483870967743,391.27,90.65516129032258,26.2,0.128368,1
2024-04-01,2024,4,REGOL,19.1671,20.9241,15.9726,14.575,4.3357,17.6597,24.170365699873898,79300,23.169,323.82,90.12033333333333,24.0,0.117589,0
2024-05-01,2024,5,REGOL,19.1671,19.1671,20.9241,15.9726,5.2448,18.807724999999998,24.170365699873898,79300,22.799354838709675,122.81,88.94935483870967,24.0,0.117589,0
2024-06-01,2024,6,REGOL,13.2572,19.1671,19.1671,20.9241,4.8252,18.128875,16.71778058007566,79300,22.169666666666668,235.73000000000002,89.03999999999999,16.6,0.081333,0
2024-07-01,2024,7,REGOL,11.1808,13.2572,19.1671,19.1671,14.575,15.69305,14.099369482976039,79300,21.01290322580645,291.43,89.00387096774193,14.0,0.068594,0
2024-08-01,2024,8,REGOL,8.9846,11.1808,13.2572,19.1671,15.9726,13.147424999999998,11.329886506935686,79300,21.080645161290324,79.38,86.01806451612903,11.25,0.05512,0
2024-09-01,2024,9,REGOL,8.6252,8.9846,11.1808,13.2572,20.9241,10.511949999999999,10.876670870113493,79300,21.895333333333333,329.11,85.34933333333333,10.8,0.052915,0
2024-10-01,2024,10,REGOL,9.7832,8.6252,8.9846,11.1808,19.1671,9.643450000000001,12.336948297604037,79300,22.643225806451614,85.42999999999999,85.1325806451613,12.25,0.06002,1
2024-11-01,2024,11,REGOL,9.3839,9.7832,8.6252,8.9846,19.1671,9.194225,11.833417402269863,79300,22.590333333333334,530.84,88.96533333333333,11.75,0.05757,1
2024-12-01,2024,12,REGOL,11.9794,9.3839,9.7832,8.6252,13.2572,9.942925,15.106431273644388,79300,21.753870967741936,329.88,91.23483870967742,15.0,0.073493,1
2016-01-01,2016,1,SUKAJADI,12.122,,,,,12.122,11.6,104500,22.434516129032257,396.61,88.54548387096774,25.6,0.124969,1
2016-02-01,2016,2,SUKAJADI,16.218,12.122,,,,14.17,15.519617224880385,104500,22.00206896551724,468.95,90.91551724137932,34.25,0.167196,1
2016-03-01,2016,3,SUKAJADI,12.3114,16.218,12.122,,,13.550466666666667,11.781244019138756,104500,22.740322580645163,477.1,90.77612903225807,26.0,0.126922,1
2016-04-01,2016,4,SUKAJADI,11.1277,12.3114,16.218,12.122,,12.944775,10.648516746411483,104500,22.466,489.21,91.35133333333333,23.5,0.114718,0
2016-05-01,2016,5,SUKAJADI,7.8604,11.1277,12.3114,16.218,,11.879375,7.521913875598087,104500,22.4,251.60999999999999,90.83612903225807,16.6,0.081035,0
2016-06-01,2016,6,SUKAJADI,5.5638,7.8604,11.1277,12.3114,,9.215825,5.324210526315789,104500,21.715333333333334,176.73,88.34833333333333,11.75,0.057359,0
2016-07-01,2016,7,SUKAJADI,5.2087,5.5638,7.8604,11.1277,12.122,7.440150000000001,4.984401913875598,104500,21.557419354838707,300.44,89.96677419354839,11.0,0.053698,0
2016-08-01,2016,8,SUKAJADI,5.3271,5.2087,5.5638,7.8604,16.218,5.989999999999999,5.0977033492822965,104500,21.18967741935484,190.43,88.61,11.25,0.054918,0
2016-09-01,2016,9,SUKAJADI,5.3271,5.3271,5.2087,5.5638,12.3114,5.356675,5.0977033492822965,104500,21.71033333333333,438.58,89.848,11.25,0.054918,0
2016-10-01,2016,10,SUKAJADI,5.3981,5.3271,5.3271,5.2087,11.1277,5.31525,5.165645933014354,104500,21.464193548387097,440.99,91.19935483870967,11.4,0.05565,1
2016-11-01,2016,11,SUKAJADI,5.4454,5.3981,5.3271,5.3271,7.8604,5.374425,5.210909090909091,104500,21.88,430.71999999999997,90.57866666666668,11.5,0.056139,1
2016-12-01,2016,12,SUKAJADI,5.0903,5.4454,5.3981,5.3271,5.5638,5.315225,4.871100478468899,104500,21.13935483870968,188.26,90.15129032258065,10.75,0.052477,1
2017-01-01,2017,1,SUKAJADI,4.4097,5.0903,5.4454,5.3981,5.2087,5.085875,4.2198086124401915,104500,21.030645161290323,295.58,90.34,11.6,0.122492,1
2017-02-01,2017,2,SUKAJADI,3.7064,4.4097,5.0903,5.4454,5.3271,4.66295,3.5467942583732057,104500,21.141428571428573,478.78000000000003,91.32892857142858,9.75,0.102957,1
2017-03-01,2017,3,SUKAJADI,3.5164,3.7064,4.4097,5.0903,5.3271,4.1807,3.3649760765550236,104500,21.510967741935485,336.51,89.8583870967742,9.25,0.097677,1
2017-04-01,2017,4,SUKAJADI,2.9652,3.5164,3.7064,4.4097,5.3981,3.649425,2.837511961722488,104500,21.872666666666664,371.34,90.94333333333334,7.8,0.082365,0
2017-05-01,2017,5,SUKAJADI,2.661,2.9652,3.5164,3.7064,5.4454,3.2122499999999996,2.5464114832535882,104500,21.852903225806454,209.88,90.35548387096775,7.0,0.073918,0
2017-06-01,2017,6,SUKAJADI,2.0908,2.661,2.9652,3.5164,5.0903,2.80835,2.0007655502392345,104500,21.282666666666668,155.11,90.05266666666667,5.5,0.058078,0
2017-07-01,2017,7,SUKAJADI,2.2049,2.0908,2.661,2.9652,4.4097,2.4804749999999998,2.1099521531100476,104500,20.681612903225805,89.05,89.09967741935485,5.8,0.061246,0
2017-08-01,2017,8,SUKAJADI,2.3759,2.2049,2.0908,2.661,3.7064,2.33315,2.2735885167464116,104500,20.58225806451613,29.75,86.16129032258064,6.25,0.065998,0
2017-09-01,2017,9,SUKAJADI,2.566,2.3759,2.2049,2.0908,3.5164,2.3094,2.4555023923444974,104500,21.449666666666666,108.77000000000001,84.02466666666668,6.75,0.071278,0
2017-10-01,2017,10,SUKAJADI,3.2693,2.566,2.3759,2.2049,2.9652,2.604025,3.128516746411483,104500,22.156451612903226,516.17,87.77129032258064,8.6,0.090813,1
2017-11-01,2017,11,SUKAJADI,3.4213,3.2693,2.566,2.3759,2.661,2.908125,3.273971291866029,104500,21.842666666666666,451.08,89.273,9.0,0.095037,1
2017-12-01,2017,12,SUKAJADI,2.8131,3.4213,3.2693,2.566,2.0908,3.017425,2.6919617224880383,104500,21.30516129032258,259.67,89.88935483870968,7.4,0.078141,1
2018-01-01,2018,1,SUKAJADI,7.6021,2.8131,3.4213,3.2693,2.2049,4.27645,7.274736842105263,104500,20.889032258064514,262.41,91.22258064516129,7.25,0.080022,1
2018-02-01,2018,2,SUKAJADI,7.34,7.6021,2.8131,3.4213,2.3759,5.294124999999999,7.023923444976077,104500,21.117142857142856,517.61,91.1925,7.0,0.077263,1
2018-03-01,2018,3,SUKAJADI,7.34,7.34,7.6021,2.8131,2.566,6.2738,7.023923444976077,104500,21.65741935483871,387.92,89.85741935483871,7.0,0.077263,1
2018-04-01,2018,4,SUKAJADI,7.34,7.34,7.34,7.6021,3.2693,7.405524999999999,7.023923444976077,104500,21.947,262.95,89.76933333333334,7.0,0.077263,0
2018-05-01,2018,5,SUKAJADI,7.0778,7.34,7.34,7.34,3.4213,7.27445,6.773014354066986,104500,21.772903225806452,120.22,88.87645161290322,6.75,0.074503,0
2018-06-01,2018,6,SUKAJADI,5.7671,7.0778,7.34,7.34,2.8131,6.881225000000001,5.518755980861244,104500,21.314333333333334,91.12,88.38766666666668,5.5,0.060706,0
2018-07-01,2018,7,SUKAJADI,6.2914,5.7671,7.0778,7.34,7.6021,6.619075,6.020478468899522,104500,19.885161290322582,5.63,85.66225806451614,6.0,0.066225,0
2018-08-01,2018,8,SUKAJADI,6.8157,6.2914,5.7671,7.0778,7.34,6.4879999999999995,6.522200956937798,104500,20.21161290322581,32.75,84.21451612903226,6.5,0.071744,0
2018-09-01,2018,9,SUKAJADI,7.34,6.8157,6.2914,5.7671,7.34,6.55355,7.023923444976077,104500,21.037,96.61,83.175,7.0,0.077263,0
2018-10-01,2018,10,SUKAJADI,8.6507,7.34,6.8157,6.2914,7.34,7.27445,8.27818181818182,104500,22.358709677419355,189.07,82.22838709677418,8.25,0.09106,1
2018-11-01,2018,11,SUKAJADI,10.2235,8.6507,7.34,6.8157,7.0778,8.257475,9.783253588516747,104500,22.28033333333333,425.59000000000003,87.10799999999999,9.75,0.107616,1
2018-12-01,2018,12,SUKAJADI,13.2119,10.2235,8.6507,7.34,5.7671,9.856525,12.642966507177034,104500,21.870645161290323,411.58,90.10225806451614,12.6,0.139073,1
2019-01-01,2019,1,SUKAJADI,36.0055,13.2119,10.2235,8.6507,6.2914,17.0229,34.455023923444976,104500,21.614516129032257,413.94,90.2341935483871,28.5,0.17394,1
2019-02-01,2019,2,SUKAJADI,43.5856,36.0055,13.2119,10.2235,6.8157,25.756625,41.70870813397129,104500,22.12642857142857,488.76,90.59357142857142,34.5,0.210558,1
2019-03-01,2019,3,SUKAJADI,24.2563,43.5856,36.0055,13.2119,7.34,29.264825,23.21177033492823,104500,21.675483870967742,289.9,89.77451612903226,19.2,0.11718,1
2019-04-01,2019,4,SUKAJADI,17.3711,24.2563,43.5856,36.0055,8.6507,30.304624999999998,16.623062200956934,104500,22.535333333333334,455.36,90.312,13.75,0.083918,0
2019-05-01,2019,5,SUKAJADI,14.2127,17.3711,24.2563,43.5856,10.2235,24.856424999999998,13.60066985645933,104500,21.986451612903227,228.52,89.65741935483871,11.25,0.06866,0
2019-06-01,2019,6,SUKAJADI,10.8648,14.2127,17.3711,24.2563,13.2119,16.676225,10.396937799043062,104500,20.71066666666667,44.2,86.69033333333333,8.6,0.052487,0
2019-07-01,2019,7,SUKAJADI,8.2118,10.8648,14.2127,17.3711,36.0055,12.6651,7.858181818181818,104500,20.04064516129032,28.17,86.75548387096775,6.5,0.03967,0
2019-08-01,2019,8,SUKAJADI,9.1593,8.2118,10.8648,14.2127,43.5856,10.61215,8.76488038277512,104500,19.98225806451613,19.74,84.07290322580646,7.25,0.044248,0
2019-09-01,2019,9,SUKAJADI,8.5908,9.1593,8.2118,10.8648,24.2563,9.206675,8.220861244019138,104500,20.884333333333334,9.68,80.54033333333334,6.8,0.041501,0
2019-10-01,2019,10,SUKAJADI,9.791,8.5908,9.1593,8.2118,17.3711,8.938225,9.369377990430623,104500,22.31451612903226,80.15,78.2658064516129,7.75,0.047299,1
2019-11-01,2019,11,SUKAJADI,11.0543,9.791,8.5908,9.1593,14.2127,9.64885,10.578277511961723,104500,22.717333333333332,209.04,81.00466666666667,8.75,0.053403,1
2019-12-01,2019,12,SUKAJADI,13.8969,11.0543,9.791,8.5908,10.8648,10.83325,13.298468899521533,104500,22.92322580645161,493.07,85.07225806451612,11.0,0.067135,1
2020-01-01,2020,1,SUKAJADI,11.0764,13.8969,11.0543,9.791,8.2118,11.454649999999999,10.599425837320574,104500,22.35483870967742,401.12,89.05290322580645,27.0,0.105489,1
2020-02-01,2020,2,SUKAJADI,10.9738,11.0764,13.8969,11.0543,9.1593,11.750350000000001,10.501244019138756,104500,21.99103448275862,629.82,91.53275862068965,26.75,0.104513,1
2020-03-01,2020,3,SUKAJADI,15.0967,10.9738,11.0764,13.8969,8.5908,12.760950000000001,14.446602870813399,104500,22.194193548387098,613.86,91.3616129032258,36.8,0.143778,1
2020-04-01,2020,4,SUKAJADI,11.1789,15.0967,10.9738,11.0764,9.791,12.08145,10.697511961722489,104500,22.423,359.35,90.376,27.25,0.106466,0
2020-05-01,2020,5,SUKAJADI,9.5175,11.1789,15.0967,10.9738,11.0543,11.691725,9.107655502392344,104500,22.330322580645163,486.90999999999997,91.91612903225807,23.2,0.090643,0
2020-06-01,2020,6,SUKAJADI,7.5894,9.5175,11.1789,15.0967,13.8969,10.845625,7.262583732057417,104500,21.551,159.0,90.95,18.5,0.07228,0
2020-07-01,2020,7,SUKAJADI,4.8203,7.5894,9.5175,11.1789,11.0764,8.276525,4.612727272727272,104500,20.79548387096774,102.75,89.11064516129032,11.75,0.045907,0
2020-08-01,2020,8,SUKAJADI,6.6458,4.8203,7.5894,9.5175,10.9738,7.14325,6.359617224880384,104500,21.360967741935486,57.29,87.45516129032258,16.2,0.063294,0
2020-09-01,2020,9,SUKAJADI,6.1535,6.6458,4.8203,7.5894,15.0967,6.302250000000001,5.888516746411484,104500,21.523333333333333,195.74,86.688,15.0,0.058605,0
2020-10-01,2020,10,SUKAJADI,5.8459,6.1535,6.6458,4.8203,11.1789,5.866375000000001,5.594162679425837,104500,21.92290322580645,471.4,89.15064516129033,14.25,0.055675,1
2020-11-01,2020,11,SUKAJADI,9.4354,5.8459,6.1535,6.6458,9.5175,7.02015,9.029090909090908,104500,21.974333333333334,334.45,90.29199999999999,23.0,0.089861,1
2020-12-01,2020,12,SUKAJADI,6.6663,9.4354,5.8459,6.1535,7.5894,7.025275,6.379234449760765,104500,21.280645161290323,315.84000000000003,91.29451612903226,16.25,0.063489,1
2021-01-01,2021,1,SUKAJADI,15.0084,6.6663,9.4354,5.8459,4.8203,9.238999999999999,14.362105263157895,104500,21.016129032258064,342.89,91.80645161290323,14.6,0.069806,1
2021-02-01,2021,2,SUKAJADI,16.1905,15.0084,6.6663,9.4354,6.6458,11.825149999999999,15.493301435406698,104500,21.04357142857143,454.85,92.93928571428572,15.75,0.075305,1
2021-03-01,2021,3,SUKAJADI,20.5594,16.1905,15.0084,6.6663,6.1535,14.60615,19.674066985645933,104500,21.4741935483871,611.72,89.84774193548388,20.0,0.095625,1
2021-04-01,2021,4,SUKAJADI,19.5314,20.5594,16.1905,15.0084,5.8459,17.822425,18.690334928229667,104500,21.441333333333333,210.6,90.00566666666667,19.0,0.090844,0
2021-05-01,2021,5,SUKAJADI,19.3258,19.5314,20.5594,16.1905,9.4354,18.901775,18.493588516746414,104500,22.094838709677422,206.06,90.47516129032257,18.8,0.089888,0
2021-06-01,2021,6,SUKAJADI,22.1014,19.3258,19.5314,20.5594,6.6663,20.3795,21.149665071770336,104500,21.572,260.94,89.66933333333333,21.5,0.102797,0
2021-07-01,2021,7,SUKAJADI,14.9056,22.1014,19.3258,19.5314,15.0084,18.966050000000003,14.263732057416268,104500,20.67064516129032,72.52,88.60129032258064,14.5,0.069328,0
2021-08-01,2021,8,SUKAJADI,14.8028,14.9056,22.1014,19.3258,16.1905,17.7839,14.16535885167464,104500,21.206129032258065,111.66,88.73290322580644,14.4,0.06885,0
2021-09-01,2021,9,SUKAJADI,13.8776,14.8028,14.9056,22.1014,20.5594,16.42185,13.28,104500,21.584666666666667,178.93,87.54133333333333,13.5,0.064547,0
2021-10-01,2021,10,SUKAJADI,13.9804,13.8776,14.8028,14.9056,19.5314,14.3916,13.378373205741626,104500,22.29774193548387,291.15,86.82225806451612,13.6,0.065025,1
2021-11-01,2021,11,SUKAJADI,22.3584,13.9804,13.8776,14.8028,19.3258,16.2548,21.3955980861244,104500,21.753666666666668,452.44,90.89566666666666,21.75,0.103992,1
2021-12-01,2021,12,SUKAJADI,22.3584,22.3584,13.9804,13.8776,22.1014,18.1437,21.3955980861244,104500,21.716129032258067,366.65000000000003,90.05903225806452,21.75,0.103992,1
2022-01-01,2022,1,SUKAJADI,25.3062,22.3584,22.3584,13.9804,14.9056,21.00085,24.216459330143543,104500,21.427419354838708,218.29,90.04,29.0,0.113481,1
2022-02-01,2022,2,SUKAJADI,23.5609,25.3062,22.3584,22.3584,14.8028,23.395975,22.546315789473685,104500,21.202499999999997,251.17000000000002,90.17285714285715,27.0,0.105654,1
2022-03-01,2022,3,SUKAJADI,18.7615,23.5609,25.3062,22.3584,13.8776,22.496750000000002,17.953588516746414,104500,21.671290322580646,303.35,89.7316129032258,21.5,0.084132,1
2022-04-01,2022,4,SUKAJADI,15.7073,18.7615,23.5609,25.3062,13.9804,20.833975000000002,15.030909090909091,104500,22.020333333333333,361.55,89.954,18.0,0.070436,0
2022-05-01,2022,5,SUKAJADI,16.0563,15.7073,18.7615,23.5609,22.3584,18.5215,15.364880382775121,104500,22.018064516129034,249.94,90.39709677419354,18.4,0.072002,0
2022-06-01,2022,6,SUKAJADI,16.1436,16.0563,15.7073,18.7615,22.3584,16.667175,15.448421052631579,104500,21.217,211.8,90.89233333333333,18.5,0.072393,0
2022-07-01,2022,7,SUKAJADI,15.7073,16.1436,16.0563,15.7073,25.3062,15.903625000000002,15.030909090909091,104500,21.188064516129035,200.27,89.83903225806452,18.0,0.070436,0
2022-08-01,2022,8,SUKAJADI,19.6341,15.7073,16.1436,16.0563,23.5609,16.885325,18.78861244019139,104500,21.362903225806452,138.33,88.19354838709677,22.5,0.088045,0
2022-09-01,2022,9,SUKAJADI,19.416,19.6341,15.7073,16.1436,18.7615,17.72525,18.579904306220097,104500,21.667333333333332,301.34999999999997,89.089,22.25,0.087067,0
2022-10-01,2022,10,SUKAJADI,19.5469,19.416,19.6341,15.7073,15.7073,18.576075,18.705167464114833,104500,21.640967741935484,426.72,90.4658064516129,22.4,0.087654,1
2022-11-01,2022,11,SUKAJADI,19.1978,19.5469,19.416,19.6341,16.0563,19.4487,18.3711004784689,104500,21.424,413.78,91.02466666666668,22.0,0.086089,1
2022-12-01,2022,12,SUKAJADI,13.962,19.1978,19.5469,19.416,16.1436,18.030675000000002,13.360765550239234,104500,21.384516129032257,353.8,90.81741935483872,16.0,0.06261,1
2023-01-01,2023,1,SUKAJADI,8.4207,13.962,19.1978,19.5469,15.7073,15.281850000000002,8.058086124401914,104500,21.17322580645161,158.04,90.5667741935484,17.0,0.099068,1
2023-02-01,2023,2,SUKAJADI,8.2969,8.4207,13.962,19.1978,19.6341,12.469349999999999,7.939617224880384,104500,20.5825,359.16,91.09357142857142,16.75,0.097611,1
2023-03-01,2023,3,SUKAJADI,7.6777,8.2969,8.4207,13.962,19.416,9.589325,7.3470813397129175,104500,21.701290322580647,334.8,90.1258064516129,15.5,0.090326,1
2023-04-01,2023,4,SUKAJADI,7.1329,7.6777,8.2969,8.4207,19.5469,7.8820500000000004,6.825741626794258,104500,22.06566666666667,272.96,89.87733333333334,14.4,0.083916,0
2023-05-01,2023,5,SUKAJADI,7.8016,7.1329,7.6777,8.2969,19.1978,7.727275000000001,7.465645933014354,104500,22.14774193548387,215.54000000000002,89.70709677419354,15.75,0.091783,0
2023-06-01,2023,6,SUKAJADI,6.6871,7.8016,7.1329,7.6777,13.962,7.324825,6.399138755980862,104500,21.829,148.52,89.866,13.5,0.078671,0
2023-07-01,2023,7,SUKAJADI,5.4487,6.6871,7.8016,7.1329,8.4207,6.767575000000001,5.214066985645933,104500,20.978387096774195,76.8,88.14032258064516,11.0,0.064103,0
2023-08-01,2023,8,SUKAJADI,6.6871,5.4487,6.6871,7.8016,8.2969,6.656124999999999,6.399138755980862,104500,20.746129032258064,18.96,84.63129032258065,13.5,0.078671,0
2023-09-01,2023,9,SUKAJADI,6.4394,6.6871,5.4487,6.6871,7.6777,6.315574999999999,6.162105263157894,104500,21.15533333333333,6.95,81.82133333333333,13.0,0.075758,0
2023-10-01,2023,10,SUKAJADI,6.1422,6.4394,6.6871,5.4487,7.1329,6.17935,5.877703349282297,104500,22.83225806451613,56.58,79.87290322580645,12.4,0.072261,1
2023-11-01,2023,11,SUKAJADI,7.4301,6.1422,6.4394,6.6871,7.8016,6.6747000000000005,7.110143540669856,104500,23.137999999999998,379.14,84.75633333333333,15.0,0.087413,1
2023-12-01,2023,12,SUKAJADI,6.8357,7.4301,6.1422,6.4394,6.6871,6.71185,6.541339712918661,104500,22.862903225806452,231.32,86.83161290322582,13.8,0.08042,1
2024-01-01,2024,1,SUKAJADI,27.0933,6.8357,7.4301,6.1422,5.4487,11.875325,25.926602870813397,104500,22.437419354838713,598.42,89.78064516129032,18.25,0.089417,1
2024-02-01,2024,2,SUKAJADI,29.6913,27.0933,6.8357,7.4301,6.6871,17.7626,28.41272727272727,104500,22.73793103448276,474.35,89.5803448275862,20.0,0.097991,1
2024-03-01,2024,3,SUKAJADI,38.8956,29.6913,27.0933,6.8357,6.4394,25.628975,37.22066985645933,104500,22.405483870967743,391.27,90.65516129032258,26.2,0.128368,1
2024-04-01,2024,4,SUKAJADI,35.6296,38.8956,29.6913,27.0933,6.1422,32.82745,34.09531100478469,104500,23.169,323.82,90.12033333333333,24.0,0.117589,0
2024-05-01,2024,5,SUKAJADI,35.6296,35.6296,38.8956,29.6913,7.4301,34.961525,34.09531100478469,104500,22.799354838709675,122.81,88.94935483870967,24.0,0.117589,0
2024-06-01,2024,6,SUKAJADI,24.6438,35.6296,35.6296,38.8956,6.8357,33.699650000000005,23.582583732057415,104500,22.169666666666668,235.73000000000002,89.03999999999999,16.6,0.081333,0
2024-07-01,2024,7,SUKAJADI,20.7839,24.6438,35.6296,35.6296,27.0933,29.171725000000002,19.8888995215311,104500,21.01290322580645,291.43,89.00387096774193,14.0,0.068594,0
2024-08-01,2024,8,SUKAJADI,16.7014,20.7839,24.6438,35.6296,29.6913,24.439674999999998,15.982200956937797,104500,21.080645161290324,79.38,86.01806451612903,11.25,0.05512,0
2024-09-01,2024,9,SUKAJADI,16.0333,16.7014,20.7839,24.6438,38.8956,19.540599999999998,15.34287081339713,104500,21.895333333333333,329.11,85.34933333333333,10.8,0.052915,0
2024-10-01,2024,10,SUKAJADI,18.1859,16.0333,16.7014,20.7839,35.6296,17.926125,17.402775119617225,104500,22.643225806451614,85.42999999999999,85.1325806451613,12.25,0.06002,1
2024-11-01,2024,11,SUKAJADI,17.4437,18.1859,16.0333,16.7014,35.6296,17.091075,16.692535885167466,104500,22.590333333333334,530.84,88.96533333333333,11.75,0.05757,1
2024-12-01,2024,12,SUKAJADI,22.2685,17.4437,18.1859,16.0333,24.6438,18.48285,21.30956937799043,104500,21.753870967741936,329.88,91.23483870967742,15.0,0.073493,1
2016-01-01,2016,1,SUKASARI,11.9971,,,,,11.9971,15.205449936628643,78900,22.434516129032257,396.61,88.54548387096774,25.6,0.124969,1
2016-02-01,2016,2,SUKASARI,16.0508,11.9971,,,,14.02395,20.343219264892266,78900,22.00206896551724,468.95,90.91551724137932,34.25,0.167196,1
2016-03-01,2016,3,SUKASARI,12.1845,16.0508,11.9971,,,13.4108,15.44296577946768,78900,22.740322580645163,477.1,90.77612903225807,26.0,0.126922,1
2016-04-01,2016,4,SUKASARI,11.0129,12.1845,16.0508,11.9971,,12.811325,13.958048162230671,78900,22.466,489.21,91.35133333333333,23.5,0.114718,0
2016-05-01,2016,5,SUKASARI,7.7794,11.0129,12.1845,16.0508,,11.756899999999998,9.859822560202788,78900,22.4,251.60999999999999,90.83612903225807,16.6,0.081035,0
2016-06-01,2016,6,SUKASARI,5.5065,7.7794,11.0129,12.1845,,9.120825,6.979087452471483,78900,21.715333333333334,176.73,88.34833333333333,11.75,0.057359,0
2016-07-01,2016,7,SUKASARI,5.155,5.5065,7.7794,11.0129,11.9971,7.36345,6.533586818757922,78900,21.557419354838707,300.44,89.96677419354839,11.0,0.053698,0
2016-08-01,2016,8,SUKASARI,5.2722,5.155,5.5065,7.7794,16.0508,5.928274999999999,6.682129277566539,78900,21.18967741935484,190.43,88.61,11.25,0.054918,0
2016-09-01,2016,9,SUKASARI,5.2722,5.2722,5.155,5.5065,12.1845,5.301475,6.682129277566539,78900,21.71033333333333,438.58,89.848,11.25,0.054918,0
2016-10-01,2016,10,SUKASARI,5.3424,5.2722,5.2722,5.155,11.0129,5.26045,6.771102661596958,78900,21.464193548387097,440.99,91.19935483870967,11.4,0.05565,1
2016-11-01,2016,11,SUKASARI,5.3893,5.3424,5.2722,5.2722,7.7794,5.319025,6.830544993662865,78900,21.88,430.71999999999997,90.57866666666668,11.5,0.056139,1
2016-12-01,2016,12,SUKASARI,5.0378,5.3893,5.3424,5.2722,5.5065,5.260425,6.385044359949303,78900,21.13935483870968,188.26,90.15129032258065,10.75,0.052477,1
2017-01-01,2017,1,SUKASARI,5.2672,5.0378,5.3893,5.3424,5.155,5.259175,6.675792141951837,78900,21.030645161290323,295.58,90.34,11.6,0.122492,1
2017-02-01,2017,2,SUKASARI,4.4271,5.2672,5.0378,5.3893,5.2722,5.03035,5.611026615969582,78900,21.141428571428573,478.78000000000003,91.32892857142858,9.75,0.102957,1
2017-03-01,2017,3,SUKASARI,4.2001,4.4271,5.2672,5.0378,5.2722,4.7330499999999995,5.323320659062103,78900,21.510967741935485,336.51,89.8583870967742,9.25,0.097677,1
2017-04-01,2017,4,SUKASARI,3.5417,4.2001,4.4271,5.2672,5.3424,4.359025,4.4888466413181245,78900,21.872666666666664,371.34,90.94333333333334,7.8,0.082365,0
2017-05-01,2017,5,SUKASARI,3.1785,3.5417,4.2001,4.4271,5.3893,3.83685,4.02851711026616,78900,21.852903225806454,209.88,90.35548387096775,7.0,0.073918,0
2017-06-01,2017,6,SUKASARI,2.4974,3.1785,3.5417,4.2001,5.0378,3.354425,3.165272496831432,78900,21.282666666666668,155.11,90.05266666666667,5.5,0.058078,0
2017-07-01,2017,7,SUKASARI,2.6336,2.4974,3.1785,3.5417,5.2672,2.9628,3.3378960709759187,78900,20.681612903225805,89.05,89.09967741935485,5.8,0.061246,0
2017-08-01,2017,8,SUKASARI,2.8379,2.6336,2.4974,3.1785,4.4271,2.7868500000000003,3.596831432192649,78900,20.58225806451613,29.75,86.16129032258064,6.25,0.065998,0
2017-09-01,2017,9,SUKASARI,3.0649,2.8379,2.6336,2.4974,4.2001,2.75845,3.8845373891001267,78900,21.449666666666666,108.77000000000001,84.02466666666668,6.75,0.071278,0
2017-10-01,2017,10,SUKASARI,3.905,3.0649,2.8379,2.6336,3.5417,3.1103500000000004,4.949302915082383,78900,22.156451612903226,516.17,87.77129032258064,8.6,0.090813,1
2017-11-01,2017,11,SUKASARI,4.0866,3.905,3.0649,2.8379,3.1785,3.4736,5.179467680608365,78900,21.842666666666666,451.08,89.273,9.0,0.095037,1
2017-12-01,2017,12,SUKASARI,3.3601,4.0866,3.905,3.0649,2.4974,3.6041499999999997,4.258681875792142,78900,21.30516129032258,259.67,89.88935483870968,7.4,0.078141,1
2018-01-01,2018,1,SUKASARI,6.9619,3.3601,4.0866,3.905,2.6336,4.5784,8.823700887198985,78900,20.889032258064514,262.41,91.22258064516129,7.25,0.080022,1
2018-02-01,2018,2,SUKASARI,6.7219,6.9619,3.3601,4.0866,2.8379,5.2826249999999995,8.519518377693283,78900,21.117142857142856,517.61,91.1925,7.0,0.077263,1
2018-03-01,2018,3,SUKASARI,6.7219,6.7219,6.9619,3.3601,3.0649,5.941450000000001,8.519518377693283,78900,21.65741935483871,387.92,89.85741935483871,7.0,0.077263,1
2018-04-01,2018,4,SUKASARI,6.7219,6.7219,6.7219,6.9619,3.905,6.781899999999999,8.519518377693283,78900,21.947,262.95,89.76933333333334,7.0,0.077263,0
2018-05-01,2018,5,SUKASARI,6.4818,6.7219,6.7219,6.7219,4.0866,6.661874999999999,8.215209125475285,78900,21.772903225806452,120.22,88.87645161290322,6.75,0.074503,0
2018-06-01,2018,6,SUKASARI,5.2815,6.4818,6.7219,6.7219,3.3601,6.301775,6.693916349809887,78900,21.314333333333334,91.12,88.38766666666668,5.5,0.060706,0
2018-07-01,2018,7,SUKASARI,5.7616,5.2815,6.4818,6.7219,6.9619,6.0617,7.302408111533587,78900,19.885161290322582,5.63,85.66225806451614,6.0,0.066225,0
2018-08-01,2018,8,SUKASARI,6.2417,5.7616,5.2815,6.4818,6.7219,5.94165,7.910899873257287,78900,20.21161290322581,32.75,84.21451612903226,6.5,0.071744,0
2018-09-01,2018,9,SUKASARI,6.7219,6.2417,5.7616,5.2815,6.7219,6.0016750000000005,8.519518377693283,78900,21.037,96.61,83.175,7.0,0.077263,0
2018-10-01,2018,10,SUKASARI,7.9222,6.7219,6.2417,5.7616,6.7219,6.661849999999999,10.040811153358682,78900,22.358709677419355,189.07,82.22838709677418,8.25,0.09106,1
2018-11-01,2018,11,SUKASARI,9.3626,7.9222,6.7219,6.2417,6.4818,7.562099999999999,11.866413181242079,78900,22.28033333333333,425.59000000000003,87.10799999999999,9.75,0.107616,1
2018-12-01,2018,12,SUKASARI,12.0993,9.3626,7.9222,6.7219,5.2815,9.0265,15.334980988593156,78900,21.870645161290323,411.58,90.10225806451614,12.6,0.139073,1
2019-01-01,2019,1,SUKASARI,30.6134,12.0993,9.3626,7.9222,5.7616,14.999375,38.80025348542459,78900,21.614516129032257,413.94,90.2341935483871,28.5,0.17394,1
2019-02-01,2019,2,SUKASARI,37.0583,30.6134,12.0993,9.3626,6.2417,22.2834,46.968694550063375,78900,22.12642857142857,488.76,90.59357142857142,34.5,0.210558,1
2019-03-01,2019,3,SUKASARI,20.6237,37.0583,30.6134,12.0993,6.7219,25.098675,26.139036755386567,78900,21.675483870967742,289.9,89.77451612903226,19.2,0.11718,1
2019-04-01,2019,4,SUKASARI,14.7696,20.6237,37.0583,30.6134,7.9222,25.76625,18.719391634980987,78900,22.535333333333334,455.36,90.312,13.75,0.083918,0
2019-05-01,2019,5,SUKASARI,12.0842,14.7696,20.6237,37.0583,9.3626,21.13395,15.315842839036753,78900,21.986451612903227,228.52,89.65741935483871,11.25,0.06866,0
2019-06-01,2019,6,SUKASARI,9.2377,12.0842,14.7696,20.6237,12.0993,14.178799999999999,11.708111533586818,78900,20.71066666666667,44.2,86.69033333333333,8.6,0.052487,0
2019-07-01,2019,7,SUKASARI,6.982,9.2377,12.0842,14.7696,30.6134,10.768375,8.84917617237009,78900,20.04064516129032,28.17,86.75548387096775,6.5,0.03967,0
2019-08-01,2019,8,SUKASARI,7.7876,6.982,9.2377,12.0842,37.0583,9.022874999999999,9.8702154626109,78900,19.98225806451613,19.74,84.07290322580646,7.25,0.044248,0
2019-09-01,2019,9,SUKASARI,7.3042,7.7876,6.982,9.2377,20.6237,7.827875000000001,9.257541191381495,78900,20.884333333333334,9.68,80.54033333333334,6.8,0.041501,0
2019-10-01,2019,10,SUKASARI,8.3247,7.3042,7.7876,6.982,14.7696,7.599625,10.550950570342206,78900,22.31451612903226,80.15,78.2658064516129,7.75,0.047299,1
2019-11-01,2019,11,SUKASARI,9.3988,8.3247,7.3042,7.7876,12.0842,8.203825,11.912294043092523,78900,22.717333333333332,209.04,81.00466666666667,8.75,0.053403,1
2019-12-01,2019,12,SUKASARI,11.8157,9.3988,8.3247,7.3042,9.2377,9.21085,14.97553865652725,78900,22.92322580645161,493.07,85.07225806451612,11.0,0.067135,1
2020-01-01,2020,1,SUKASARI,10.5489,11.8157,9.3988,8.3247,6.982,10.022025,13.369961977186312,78900,22.35483870967742,401.12,89.05290322580645,27.0,0.105489,1
2020-02-01,2020,2,SUKASARI,10.4513,10.5489,11.8157,9.3988,7.7876,10.553674999999998,13.246261089987325,78900,21.99103448275862,629.82,91.53275862068965,26.75,0.104513,1
2020-03-01,2020,3,SUKASARI,14.3778,10.4513,10.5489,11.8157,7.3042,11.798425000000002,18.22281368821293,78900,22.194193548387098,613.86,91.3616129032258,36.8,0.143778,1
2020-04-01,2020,4,SUKASARI,10.6466,14.3778,10.4513,10.5489,8.3247,11.506149999999998,13.493789607097593,78900,22.423,359.35,90.376,27.25,0.106466,0
2020-05-01,2020,5,SUKASARI,9.0643,10.6466,14.3778,10.4513,9.3988,11.135,11.488339670468948,78900,22.330322580645163,486.90999999999997,91.91612903225807,23.2,0.090643,0
2020-06-01,2020,6,SUKASARI,7.228,9.0643,10.6466,14.3778,11.8157,10.329175000000001,9.160963244613434,78900,21.551,159.0,90.95,18.5,0.07228,0
2020-07-01,2020,7,SUKASARI,4.5907,7.228,9.0643,10.6466,10.5489,7.8824,5.8183776932826365,78900,20.79548387096774,102.75,89.11064516129032,11.75,0.045907,0
2020-08-01,2020,8,SUKASARI,6.3294,4.5907,7.228,9.0643,10.4513,6.8031,8.022053231939163,78900,21.360967741935486,57.29,87.45516129032258,16.2,0.063294,0
2020-09-01,2020,9,SUKASARI,5.8605,6.3294,4.5907,7.228,14.3778,6.00215,7.427756653992395,78900,21.523333333333333,195.74,86.688,15.0,0.058605,0
2020-10-01,2020,10,SUKASARI,5.5675,5.8605,6.3294,4.5907,10.6466,5.587025,7.056400506970848,78900,21.92290322580645,471.4,89.15064516129033,14.25,0.055675,1
2020-11-01,2020,11,SUKASARI,8.9861,5.5675,5.8605,6.3294,9.0643,6.685875,11.389226869455007,78900,21.974333333333334,334.45,90.29199999999999,23.0,0.089861,1
2020-12-01,2020,12,SUKASARI,6.3489,8.9861,5.5675,5.8605,7.228,6.69075,8.046768060836502,78900,21.280645161290323,315.84000000000003,91.29451612903226,16.25,0.063489,1
2021-01-01,2021,1,SUKASARI,9.3541,6.3489,8.9861,5.5675,4.5907,7.5641500000000015,11.855640050697085,78900,21.016129032258064,342.89,91.80645161290323,14.6,0.069806,1
2021-02-01,2021,2,SUKASARI,10.0908,9.3541,6.3489,8.9861,6.3294,8.694975,12.7893536121673,78900,21.04357142857143,454.85,92.93928571428572,15.75,0.075305,1
2021-03-01,2021,3,SUKASARI,12.8138,10.0908,9.3541,6.3489,5.8605,9.651900000000001,16.240557667934095,78900,21.4741935483871,611.72,89.84774193548388,20.0,0.095625,1
2021-04-01,2021,4,SUKASARI,12.1731,12.8138,10.0908,9.3541,5.5675,11.10795,15.42851711026616,78900,21.441333333333333,210.6,90.00566666666667,19.0,0.090844,0
2021-05-01,2021,5,SUKASARI,12.0449,12.1731,12.8138,10.0908,8.9861,11.78065,15.266032953105196,78900,22.094838709677422,206.06,90.47516129032257,18.8,0.089888,0
2021-06-01,2021,6,SUKASARI,13.7748,12.0449,12.1731,12.8138,6.3489,12.70165,17.45855513307985,78900,21.572,260.94,89.66933333333333,21.5,0.102797,0
2021-07-01,2021,7,SUKASARI,9.29,13.7748,12.0449,12.1731,9.3541,11.8207,11.774397972116603,78900,20.67064516129032,72.52,88.60129032258064,14.5,0.069328,0
2021-08-01,2021,8,SUKASARI,9.2259,9.29,13.7748,12.0449,10.0908,11.0839,11.69315589353612,78900,21.206129032258065,111.66,88.73290322580644,14.4,0.06885,0
2021-09-01,2021,9,SUKASARI,8.6493,9.2259,9.29,13.7748,12.8138,10.235,10.96235741444867,78900,21.584666666666667,178.93,87.54133333333333,13.5,0.064547,0
2021-10-01,2021,10,SUKASARI,8.7134,8.6493,9.2259,9.29,12.1731,8.96965,11.04359949302915,78900,22.29774193548387,291.15,86.82225806451612,13.6,0.065025,1
2021-11-01,2021,11,SUKASARI,13.935,8.7134,8.6493,9.2259,12.0449,10.1309,17.661596958174908,78900,21.753666666666668,452.44,90.89566666666666,21.75,0.103992,1
2021-12-01,2021,12,SUKASARI,13.935,13.935,8.7134,8.6493,13.7748,11.308175,17.661596958174908,78900,21.716129032258067,366.65000000000003,90.05903225806452,21.75,0.103992,1
2022-01-01,2022,1,SUKASARI,22.4692,13.935,13.935,8.7134,9.29,14.763150000000001,28.47807351077313,78900,21.427419354838708,218.29,90.04,29.0,0.113481,1
2022-02-01,2022,2,SUKASARI,20.9196,22.4692,13.935,13.935,9.2259,17.814700000000002,26.51406844106464,78900,21.202499999999997,251.17000000000002,90.17285714285715,27.0,0.105654,1
2022-03-01,2022,3,SUKASARI,16.6582,20.9196,22.4692,13.935,8.6493,18.4955,21.11305449936629,78900,21.671290322580646,303.35,89.7316129032258,21.5,0.084132,1
2022-04-01,2022,4,SUKASARI,13.9464,16.6582,20.9196,22.4692,8.7134,18.498350000000002,17.67604562737643,78900,22.020333333333333,361.55,89.954,18.0,0.070436,0
2022-05-01,2022,5,SUKASARI,14.2563,13.9464,16.6582,20.9196,13.935,16.445125,18.068821292775663,78900,22.018064516129034,249.94,90.39709677419354,18.4,0.072002,0
2022-06-01,2022,6,SUKASARI,14.3338,14.2563,13.9464,16.6582,13.935,14.798675,18.16704689480355,78900,21.217,211.8,90.89233333333333,18.5,0.072393,0
2022-07-01,2022,7,SUKASARI,13.9464,14.3338,14.2563,13.9464,22.4692,14.120725,17.67604562737643,78900,21.188064516129035,200.27,89.83903225806452,18.0,0.070436,0
2022-08-01,2022,8,SUKASARI,17.433,13.9464,14.3338,14.2563,20.9196,14.992375,22.09505703422053,78900,21.362903225806452,138.33,88.19354838709677,22.5,0.088045,0
2022-09-01,2022,9,SUKASARI,17.2393,17.433,13.9464,14.3338,16.6582,15.738125,21.84955640050697,78900,21.667333333333332,301.34999999999997,89.089,22.25,0.087067,0
2022-10-01,2022,10,SUKASARI,17.3555,17.2393,17.433,13.9464,13.9464,16.49355,21.996831432192646,78900,21.640967741935484,426.72,90.4658064516129,22.4,0.087654,1
2022-11-01,2022,11,SUKASARI,17.0456,17.3555,17.2393,17.433,14.2563,17.26835,21.60405576679341,78900,21.424,413.78,91.02466666666668,22.0,0.086089,1
2022-12-01,2022,12,SUKASARI,12.3968,17.0456,17.3555,17.2393,14.3338,16.0093,15.712040557667935,78900,21.384516129032257,353.8,90.81741935483872,16.0,0.06261,1
2023-01-01,2023,1,SUKASARI,5.6469,12.3968,17.0456,17.3555,13.9464,13.111199999999998,7.15703422053232,78900,21.17322580645161,158.04,90.5667741935484,17.0,0.099068,1
2023-02-01,2023,2,SUKASARI,5.5638,5.6469,12.3968,17.0456,17.433,10.163274999999999,7.051711026615969,78900,20.5825,359.16,91.09357142857142,16.75,0.097611,1
2023-03-01,2023,3,SUKASARI,5.1486,5.5638,5.6469,12.3968,17.2393,7.189025,6.525475285171102,78900,21.701290322580647,334.8,90.1258064516129,15.5,0.090326,1
2023-04-01,2023,4,SUKASARI,4.7832,5.1486,5.5638,5.6469,17.3555,5.285625,6.06235741444867,78900,22.06566666666667,272.96,89.87733333333334,14.4,0.083916,0
2023-05-01,2023,5,SUKASARI,5.2316,4.7832,5.1486,5.5638,17.0456,5.1818,6.630671736375159,78900,22.14774193548387,215.54000000000002,89.70709677419354,15.75,0.091783,0
2023-06-01,2023,6,SUKASARI,4.4843,5.2316,4.7832,5.1486,12.3968,4.911925,5.683523447401774,78900,21.829,148.52,89.866,13.5,0.078671,0
2023-07-01,2023,7,SUKASARI,3.6538,4.4843,5.2316,4.7832,5.6469,4.538225,4.630925221799746,78900,20.978387096774195,76.8,88.14032258064516,11.0,0.064103,0
2023-08-01,2023,8,SUKASARI,4.4843,3.6538,4.4843,5.2316,5.5638,4.4635,5.683523447401774,78900,20.746129032258064,18.96,84.63129032258065,13.5,0.078671,0
2023-09-01,2023,9,SUKASARI,4.3182,4.4843,3.6538,4.4843,5.1486,4.23515,5.473003802281369,78900,21.15533333333333,6.95,81.82133333333333,13.0,0.075758,0
2023-10-01,2023,10,SUKASARI,4.1189,4.3182,4.4843,3.6538,4.7832,4.1438,5.220405576679341,78900,22.83225806451613,56.58,79.87290322580645,12.4,0.072261,1
2023-11-01,2023,11,SUKASARI,4.9825,4.1189,4.3182,4.4843,5.2316,4.475975,6.314955640050697,78900,23.137999999999998,379.14,84.75633333333333,15.0,0.087413,1
2023-12-01,2023,12,SUKASARI,4.5839,4.9825,4.1189,4.3182,4.4843,4.500875,5.809759188846641,78900,22.862903225806452,231.32,86.83161290322582,13.8,0.08042,1
2024-01-01,2024,1,SUKASARI,25.0367,4.5839,4.9825,4.1189,3.6538,9.680499999999999,31.732192648922688,78900,22.437419354838713,598.42,89.78064516129032,18.25,0.089417,1
2024-02-01,2024,2,SUKASARI,27.4375,25.0367,4.5839,4.9825,4.4843,15.51015,34.77503168567807,78900,22.73793103448276,474.35,89.5803448275862,20.0,0.097991,1
2024-03-01,2024,3,SUKASARI,35.9432,27.4375,25.0367,4.5839,4.3182,23.250325,45.55538656527249,78900,22.405483870967743,391.27,90.65516129032258,26.2,0.128368,1
2024-04-01,2024,4,SUKASARI,32.925,35.9432,27.4375,25.0367,4.1189,30.3356,41.73003802281369,78900,23.169,323.82,90.12033333333333,24.0,0.117589,0
2024-05-01,2024,5,SUKASARI,32.925,32.925,35.9432,27.4375,4.9825,32.307675,41.73003802281369,78900,22.799354838709675,122.81,88.94935483870967,24.0,0.117589,0
2024-06-01,2024,6,SUKASARI,22.7732,32.925,32.925,35.9432,4.5839,31.1416,28.86337135614702,78900,22.169666666666668,235.73000000000002,89.03999999999999,16.6,0.081333,0
2024-07-01,2024,7,SUKASARI,19.2063,22.7732,32.925,32.925,25.0367,26.957375,24.3425855513308,78900,21.01290322580645,291.43,89.00387096774193,14.0,0.068594,0
2024-08-01,2024,8,SUKASARI,15.4336,19.2063,22.7732,32.925,27.4375,22.584525,19.560963244613436,78900,21.080645161290324,79.38,86.01806451612903,11.25,0.05512,0
2024-09-01,2024,9,SUKASARI,14.8163,15.4336,19.2063,22.7732,35.9432,18.05735,18.778580481622306,78900,21.895333333333333,329.11,85.34933333333333,10.8,0.052915,0
2024-10-01,2024,10,SUKASARI,16.8055,14.8163,15.4336,19.2063,32.925,16.565424999999998,21.29974651457541,78900,22.643225806451614,85.42999999999999,85.1325806451613,12.25,0.06002,1
2024-11-01,2024,11,SUKASARI,16.1195,16.8055,14.8163,15.4336,32.925,15.793724999999998,20.430291508238273,78900,22.590333333333334,530.84,88.96533333333333,11.75,0.05757,1
2024-12-01,2024,12,SUKASARI,20.5781,16.1195,16.8055,14.8163,22.7732,17.07985,26.081242078580484,78900,21.753870967741936,329.88,91.23483870967742,15.0,0.073493,1
2016-01-01,2016,1,SUMUR BANDUNG,4.6239,,,,,4.6239,13.402608695652175,34500,22.434516129032257,396.61,88.54548387096774,25.6,0.124969,1
2016-02-01,2016,2,SUMUR BANDUNG,6.1862,4.6239,,,,5.40505,17.931014492753626,34500,22.00206896551724,468.95,90.91551724137932,34.25,0.167196,1
2016-03-01,2016,3,SUMUR BANDUNG,4.6961,6.1862,4.6239,,,5.168733333333333,13.611884057971015,34500,22.740322580645163,477.1,90.77612903225807,26.0,0.126922,1
2016-04-01,2016,4,SUMUR BANDUNG,4.2446,4.6961,6.1862,4.6239,,4.9377,12.303188405797101,34500,22.466,489.21,91.35133333333333,23.5,0.114718,0
2016-05-01,2016,5,SUMUR BANDUNG,2.9983,4.2446,4.6961,6.1862,,4.531300000000001,8.69072463768116,34500,22.4,251.60999999999999,90.83612903225807,16.6,0.081035,0
2016-06-01,2016,6,SUMUR BANDUNG,2.1223,2.9983,4.2446,4.6961,,3.5153250000000003,6.151594202898551,34500,21.715333333333334,176.73,88.34833333333333,11.75,0.057359,0
2016-07-01,2016,7,SUMUR BANDUNG,1.9868,2.1223,2.9983,4.2446,4.6239,2.838,5.758840579710145,34500,21.557419354838707,300.44,89.96677419354839,11.0,0.053698,0
2016-08-01,2016,8,SUMUR BANDUNG,2.032,1.9868,2.1223,2.9983,6.1862,2.28485,5.889855072463768,34500,21.18967741935484,190.43,88.61,11.25,0.054918,0
2016-09-01,2016,9,SUMUR BANDUNG,2.032,2.032,1.9868,2.1223,4.6961,2.043275,5.889855072463768,34500,21.71033333333333,438.58,89.848,11.25,0.054918,0
2016-10-01,2016,10,SUMUR BANDUNG,2.0591,2.032,2.032,1.9868,4.2446,2.027475,5.9684057971014495,34500,21.464193548387097,440.99,91.19935483870967,11.4,0.05565,1
2016-11-01,2016,11,SUMUR BANDUNG,2.0771,2.0591,2.032,2.032,2.9983,2.05005,6.020579710144928,34500,21.88,430.71999999999997,90.57866666666668,11.5,0.056139,1
2016-12-01,2016,12,SUMUR BANDUNG,1.9417,2.0771,2.0591,2.032,2.1223,2.027475,5.628115942028986,34500,21.13935483870968,188.26,90.15129032258065,10.75,0.052477,1
2017-01-01,2017,1,SUMUR BANDUNG,3.0623,1.9417,2.0771,2.0591,1.9868,2.28505,8.87623188405797,34500,21.030645161290323,295.58,90.34,11.6,0.122492,1
2017-02-01,2017,2,SUMUR BANDUNG,2.5739,3.0623,1.9417,2.0771,2.032,2.4137500000000003,7.460579710144928,34500,21.141428571428573,478.78000000000003,91.32892857142858,9.75,0.102957,1
2017-03-01,2017,3,SUMUR BANDUNG,2.4419,2.5739,3.0623,1.9417,2.032,2.50495,7.0779710144927535,34500,21.510967741935485,336.51,89.8583870967742,9.25,0.097677,1
2017-04-01,2017,4,SUMUR BANDUNG,2.0591,2.4419,2.5739,3.0623,2.0591,2.5343,5.9684057971014495,34500,21.872666666666664,371.34,90.94333333333334,7.8,0.082365,0
2017-05-01,2017,5,SUMUR BANDUNG,1.8479,2.0591,2.4419,2.5739,2.0771,2.2307,5.356231884057971,34500,21.852903225806454,209.88,90.35548387096775,7.0,0.073918,0
2017-06-01,2017,6,SUMUR BANDUNG,1.452,1.8479,2.0591,2.4419,1.9417,1.950225,4.208695652173913,34500,21.282666666666668,155.11,90.05266666666667,5.5,0.058078,0
2017-07-01,2017,7,SUMUR BANDUNG,1.5312,1.452,1.8479,2.0591,3.0623,1.7225499999999998,4.438260869565218,34500,20.681612903225805,89.05,89.09967741935485,5.8,0.061246,0
2017-08-01,2017,8,SUMUR BANDUNG,1.6499,1.5312,1.452,1.8479,2.5739,1.62025,4.78231884057971,34500,20.58225806451613,29.75,86.16129032258064,6.25,0.065998,0
2017-09-01,2017,9,SUMUR BANDUNG,1.7819,1.6499,1.5312,1.452,2.4419,1.60375,5.164927536231884,34500,21.449666666666666,108.77000000000001,84.02466666666668,6.75,0.071278,0
2017-10-01,2017,10,SUMUR BANDUNG,2.2703,1.7819,1.6499,1.5312,2.0591,1.808325,6.580579710144928,34500,22.156451612903226,516.17,87.77129032258064,8.6,0.090813,1
2017-11-01,2017,11,SUMUR BANDUNG,2.3759,2.2703,1.7819,1.6499,1.8479,2.0195000000000003,6.886666666666667,34500,21.842666666666666,451.08,89.273,9.0,0.095037,1
2017-12-01,2017,12,SUMUR BANDUNG,1.9535,2.3759,2.2703,1.7819,1.452,2.0954,5.662318840579711,34500,21.30516129032258,259.67,89.88935483870968,7.4,0.078141,1
2018-01-01,2018,1,SUMUR BANDUNG,3.2809,1.9535,2.3759,2.2703,1.5312,2.4701500000000003,9.509855072463768,34500,20.889032258064514,262.41,91.22258064516129,7.25,0.080022,1
2018-02-01,2018,2,SUMUR BANDUNG,3.1678,3.2809,1.9535,2.3759,1.6499,2.694525,9.182028985507246,34500,21.117142857142856,517.61,91.1925,7.0,0.077263,1
2018-03-01,2018,3,SUMUR BANDUNG,3.1678,3.1678,3.2809,1.9535,1.7819,2.8925,9.182028985507246,34500,21.65741935483871,387.92,89.85741935483871,7.0,0.077263,1
2018-04-01,2018,4,SUMUR BANDUNG,3.1678,3.1678,3.1678,3.2809,2.2703,3.1960750000000004,9.182028985507246,34500,21.947,262.95,89.76933333333334,7.0,0.077263,0
2018-05-01,2018,5,SUMUR BANDUNG,3.0546,3.1678,3.1678,3.1678,2.3759,3.1395,8.853913043478261,34500,21.772903225806452,120.22,88.87645161290322,6.75,0.074503,0
2018-06-01,2018,6,SUMUR BANDUNG,2.489,3.0546,3.1678,3.1678,1.9535,2.9698,7.214492753623188,34500,21.314333333333334,91.12,88.38766666666668,5.5,0.060706,0
2018-07-01,2018,7,SUMUR BANDUNG,2.7152,2.489,3.0546,3.1678,3.2809,2.85665,7.870144927536232,34500,19.885161290322582,5.63,85.66225806451614,6.0,0.066225,0
2018-08-01,2018,8,SUMUR BANDUNG,2.9415,2.7152,2.489,3.0546,3.1678,2.800075,8.52608695652174,34500,20.21161290322581,32.75,84.21451612903226,6.5,0.071744,0
2018-09-01,2018,9,SUMUR BANDUNG,3.1678,2.9415,2.7152,2.489,3.1678,2.8283750000000003,9.182028985507246,34500,21.037,96.61,83.175,7.0,0.077263,0
2018-10-01,2018,10,SUMUR BANDUNG,3.7334,3.1678,2.9415,2.7152,3.1678,3.139475,10.821449275362319,34500,22.358709677419355,189.07,82.22838709677418,8.25,0.09106,1
2018-11-01,2018,11,SUMUR BANDUNG,4.4123,3.7334,3.1678,2.9415,3.0546,3.56375,12.78927536231884,34500,22.28033333333333,425.59000000000003,87.10799999999999,9.75,0.107616,1
2018-12-01,2018,12,SUMUR BANDUNG,5.702,4.4123,3.7334,3.1678,2.489,4.253875000000001,16.52753623188406,34500,21.870645161290323,411.58,90.10225806451614,12.6,0.139073,1
2019-01-01,2019,1,SUMUR BANDUNG,8.523,5.702,4.4123,3.7334,2.7152,5.592675,24.704347826086956,34500,21.614516129032257,413.94,90.2341935483871,28.5,0.17394,1
2019-02-01,2019,2,SUMUR BANDUNG,10.3174,8.523,5.702,4.4123,2.9415,7.238675000000001,29.90550724637681,34500,22.12642857142857,488.76,90.59357142857142,34.5,0.210558,1
2019-03-01,2019,3,SUMUR BANDUNG,5.7418,10.3174,8.523,5.702,3.1678,7.57105,16.642898550724635,34500,21.675483870967742,289.9,89.77451612903226,19.2,0.11718,1
2019-04-01,2019,4,SUMUR BANDUNG,4.112,5.7418,10.3174,8.523,3.7334,7.1735500000000005,11.918840579710146,34500,22.535333333333334,455.36,90.312,13.75,0.083918,0
2019-05-01,2019,5,SUMUR BANDUNG,3.3644,4.112,5.7418,10.3174,4.4123,5.883899999999999,9.751884057971013,34500,21.986451612903227,228.52,89.65741935483871,11.25,0.06866,0
2019-06-01,2019,6,SUMUR BANDUNG,2.5719,3.3644,4.112,5.7418,5.702,3.9475249999999997,7.454782608695652,34500,20.71066666666667,44.2,86.69033333333333,8.6,0.052487,0
2019-07-01,2019,7,SUMUR BANDUNG,1.9439,2.5719,3.3644,4.112,8.523,2.99805,5.634492753623189,34500,20.04064516129032,28.17,86.75548387096775,6.5,0.03967,0
2019-08-01,2019,8,SUMUR BANDUNG,2.1681,1.9439,2.5719,3.3644,10.3174,2.512075,6.2843478260869565,34500,19.98225806451613,19.74,84.07290322580646,7.25,0.044248,0
2019-09-01,2019,9,SUMUR BANDUNG,2.0336,2.1681,1.9439,2.5719,5.7418,2.179375,5.8944927536231875,34500,20.884333333333334,9.68,80.54033333333334,6.8,0.041501,0
2019-10-01,2019,10,SUMUR BANDUNG,2.3177,2.0336,2.1681,1.9439,4.112,2.115825,6.717971014492754,34500,22.31451612903226,80.15,78.2658064516129,7.75,0.047299,1
2019-11-01,2019,11,SUMUR BANDUNG,2.6167,2.3177,2.0336,2.1681,3.3644,2.2840249999999997,7.584637681159419,34500,22.717333333333332,209.04,81.00466666666667,8.75,0.053403,1
2019-12-01,2019,12,SUMUR BANDUNG,3.2896,2.6167,2.3177,2.0336,2.5719,2.5644,9.535072463768115,34500,22.92322580645161,493.07,85.07225806451612,11.0,0.067135,1
2020-01-01,2020,1,SUMUR BANDUNG,6.2239,3.2896,2.6167,2.3177,1.9439,3.611975,18.040289855072466,34500,22.35483870967742,401.12,89.05290322580645,27.0,0.105489,1
2020-02-01,2020,2,SUMUR BANDUNG,6.1662,6.2239,3.2896,2.6167,2.1681,4.5741,17.87304347826087,34500,21.99103448275862,629.82,91.53275862068965,26.75,0.104513,1
2020-03-01,2020,3,SUMUR BANDUNG,8.4829,6.1662,6.2239,3.2896,2.0336,6.04065,24.58811594202899,34500,22.194193548387098,613.86,91.3616129032258,36.8,0.143778,1
2020-04-01,2020,4,SUMUR BANDUNG,6.2815,8.4829,6.1662,6.2239,2.3177,6.788625000000001,18.207246376811597,34500,22.423,359.35,90.376,27.25,0.106466,0
2020-05-01,2020,5,SUMUR BANDUNG,5.3479,6.2815,8.4829,6.1662,2.6167,6.569625,15.501159420289856,34500,22.330322580645163,486.90999999999997,91.91612903225807,23.2,0.090643,0
2020-06-01,2020,6,SUMUR BANDUNG,4.2645,5.3479,6.2815,8.4829,3.2896,6.094200000000001,12.36086956521739,34500,21.551,159.0,90.95,18.5,0.07228,0
2020-07-01,2020,7,SUMUR BANDUNG,2.7085,4.2645,5.3479,6.2815,6.2239,4.6506,7.85072463768116,34500,20.79548387096774,102.75,89.11064516129032,11.75,0.045907,0
2020-08-01,2020,8,SUMUR BANDUNG,3.7343,2.7085,4.2645,5.3479,6.1662,4.0138,10.824057971014492,34500,21.360967741935486,57.29,87.45516129032258,16.2,0.063294,0
2020-09-01,2020,9,SUMUR BANDUNG,3.4577,3.7343,2.7085,4.2645,8.4829,3.54125,10.02231884057971,34500,21.523333333333333,195.74,86.688,15.0,0.058605,0
2020-10-01,2020,10,SUMUR BANDUNG,3.2848,3.4577,3.7343,2.7085,6.2815,3.296325,9.521159420289857,34500,21.92290322580645,471.4,89.15064516129033,14.25,0.055675,1
2020-11-01,2020,11,SUMUR BANDUNG,5.3018,3.2848,3.4577,3.7343,5.3479,3.94465,15.367536231884058,34500,21.974333333333334,334.45,90.29199999999999,23.0,0.089861,1
2020-12-01,2020,12,SUMUR BANDUNG,3.7458,5.3018,3.2848,3.4577,4.2645,3.9475249999999997,10.857391304347825,34500,21.280645161290323,315.84000000000003,91.29451612903226,16.25,0.063489,1
2021-01-01,2021,1,SUMUR BANDUNG,3.7695,3.7458,5.3018,3.2848,2.7085,4.025475,10.92608695652174,34500,21.016129032258064,342.89,91.80645161290323,14.6,0.069806,1
2021-02-01,2021,2,SUMUR BANDUNG,4.0665,3.7695,3.7458,5.3018,3.7343,4.2209,11.786956521739128,34500,21.04357142857143,454.85,92.93928571428572,15.75,0.075305,1
2021-03-01,2021,3,SUMUR BANDUNG,5.1638,4.0665,3.7695,3.7458,3.4577,4.1864,14.967536231884058,34500,21.4741935483871,611.72,89.84774193548388,20.0,0.095625,1
2021-04-01,2021,4,SUMUR BANDUNG,4.9056,5.1638,4.0665,3.7695,3.2848,4.47635,14.219130434782608,34500,21.441333333333333,210.6,90.00566666666667,19.0,0.090844,0
2021-05-01,2021,5,SUMUR BANDUNG,4.8539,4.9056,5.1638,4.0665,5.3018,4.74745,14.069275362318843,34500,22.094838709677422,206.06,90.47516129032257,18.8,0.089888,0
2021-06-01,2021,6,SUMUR BANDUNG,5.551,4.8539,4.9056,5.1638,3.7458,5.118575,16.08985507246377,34500,21.572,260.94,89.66933333333333,21.5,0.102797,0
2021-07-01,2021,7,SUMUR BANDUNG,3.7437,5.551,4.8539,4.9056,3.7695,4.76355,10.851304347826087,34500,20.67064516129032,72.52,88.60129032258064,14.5,0.069328,0
2021-08-01,2021,8,SUMUR BANDUNG,3.7179,3.7437,5.551,4.8539,4.0665,4.4666250000000005,10.776521739130434,34500,21.206129032258065,111.66,88.73290322580644,14.4,0.06885,0
2021-09-01,2021,9,SUMUR BANDUNG,3.4855,3.7179,3.7437,5.551,5.1638,4.124525,10.102898550724637,34500,21.584666666666667,178.93,87.54133333333333,13.5,0.064547,0
2021-10-01,2021,10,SUMUR BANDUNG,3.5114,3.4855,3.7179,3.7437,4.9056,3.6146249999999998,10.177971014492753,34500,22.29774193548387,291.15,86.82225806451612,13.6,0.065025,1
2021-11-01,2021,11,SUMUR BANDUNG,5.6156,3.5114,3.4855,3.7179,4.8539,4.0826,16.277101449275364,34500,21.753666666666668,452.44,90.89566666666666,21.75,0.103992,1
2021-12-01,2021,12,SUMUR BANDUNG,5.6156,5.6156,3.5114,3.4855,5.551,4.557025,16.277101449275364,34500,21.716129032258067,366.65000000000003,90.05903225806452,21.75,0.103992,1
2022-01-01,2022,1,SUMUR BANDUNG,7.4897,5.6156,5.6156,3.5114,3.7437,5.5580750000000005,21.70927536231884,34500,21.427419354838708,218.29,90.04,29.0,0.113481,1
2022-02-01,2022,2,SUMUR BANDUNG,6.9732,7.4897,5.6156,5.6156,3.7179,6.423525,20.21217391304348,34500,21.202499999999997,251.17000000000002,90.17285714285715,27.0,0.105654,1
2022-03-01,2022,3,SUMUR BANDUNG,5.5527,6.9732,7.4897,5.6156,3.4855,6.4078,16.09478260869565,34500,21.671290322580646,303.35,89.7316129032258,21.5,0.084132,1
2022-04-01,2022,4,SUMUR BANDUNG,4.6488,5.5527,6.9732,7.4897,3.5114,6.1661,13.474782608695651,34500,22.020333333333333,361.55,89.954,18.0,0.070436,0
2022-05-01,2022,5,SUMUR BANDUNG,4.7521,4.6488,5.5527,6.9732,5.6156,5.4817,13.774202898550726,34500,22.018064516129034,249.94,90.39709677419354,18.4,0.072002,0
2022-06-01,2022,6,SUMUR BANDUNG,4.7779,4.7521,4.6488,5.5527,5.6156,4.932875,13.848985507246375,34500,21.217,211.8,90.89233333333333,18.5,0.072393,0
2022-07-01,2022,7,SUMUR BANDUNG,4.6488,4.7779,4.7521,4.6488,7.4897,4.7069,13.474782608695651,34500,21.188064516129035,200.27,89.83903225806452,18.0,0.070436,0
2022-08-01,2022,8,SUMUR BANDUNG,5.811,4.6488,4.7779,4.7521,6.9732,4.99745,16.843478260869563,34500,21.362903225806452,138.33,88.19354838709677,22.5,0.088045,0
2022-09-01,2022,9,SUMUR BANDUNG,5.7464,5.811,4.6488,4.7779,5.5527,5.2460249999999995,16.656231884057974,34500,21.667333333333332,301.34999999999997,89.089,22.25,0.087067,0
2022-10-01,2022,10,SUMUR BANDUNG,5.7852,5.7464,5.811,4.6488,4.6488,5.49785,16.768695652173914,34500,21.640967741935484,426.72,90.4658064516129,22.4,0.087654,1
2022-11-01,2022,11,SUMUR BANDUNG,5.6819,5.7852,5.7464,5.811,4.7521,5.756125,16.46927536231884,34500,21.424,413.78,91.02466666666668,22.0,0.086089,1
2022-12-01,2022,12,SUMUR BANDUNG,4.1323,5.6819,5.7852,5.7464,4.7779,5.336449999999999,11.977681159420289,34500,21.384516129032257,353.8,90.81741935483872,16.0,0.06261,1
2023-01-01,2023,1,SUMUR BANDUNG,2.6748,4.1323,5.6819,5.7852,4.6488,4.56855,7.753043478260869,34500,21.17322580645161,158.04,90.5667741935484,17.0,0.099068,1
2023-02-01,2023,2,SUMUR BANDUNG,2.6355,2.6748,4.1323,5.6819,5.811,3.781125,7.639130434782608,34500,20.5825,359.16,91.09357142857142,16.75,0.097611,1
2023-03-01,2023,3,SUMUR BANDUNG,2.4388,2.6355,2.6748,4.1323,5.7464,2.97035,7.068985507246378,34500,21.701290322580647,334.8,90.1258064516129,15.5,0.090326,1
2023-04-01,2023,4,SUMUR BANDUNG,2.2657,2.4388,2.6355,2.6748,5.7852,2.5037,6.567246376811594,34500,22.06566666666667,272.96,89.87733333333334,14.4,0.083916,0
2023-05-01,2023,5,SUMUR BANDUNG,2.4781,2.2657,2.4388,2.6355,5.6819,2.4545250000000003,7.182898550724637,34500,22.14774193548387,215.54000000000002,89.70709677419354,15.75,0.091783,0
2023-06-01,2023,6,SUMUR BANDUNG,2.1241,2.4781,2.2657,2.4388,4.1323,2.326675,6.156811594202899,34500,21.829,148.52,89.866,13.5,0.078671,0
2023-07-01,2023,7,SUMUR BANDUNG,1.7308,2.1241,2.4781,2.2657,2.6748,2.149675,5.016811594202898,34500,20.978387096774195,76.8,88.14032258064516,11.0,0.064103,0
2023-08-01,2023,8,SUMUR BANDUNG,2.1241,1.7308,2.1241,2.4781,2.6355,2.114275,6.156811594202899,34500,20.746129032258064,18.96,84.63129032258065,13.5,0.078671,0
2023-09-01,2023,9,SUMUR BANDUNG,2.0455,2.1241,1.7308,2.1241,2.4388,2.006125,5.928985507246377,34500,21.15533333333333,6.95,81.82133333333333,13.0,0.075758,0
2023-10-01,2023,10,SUMUR BANDUNG,1.951,2.0455,2.1241,1.7308,2.2657,1.96285,5.655072463768116,34500,22.83225806451613,56.58,79.87290322580645,12.4,0.072261,1
2023-11-01,2023,11,SUMUR BANDUNG,2.3601,1.951,2.0455,2.1241,2.4781,2.120175,6.840869565217392,34500,23.137999999999998,379.14,84.75633333333333,15.0,0.087413,1
2023-12-01,2023,12,SUMUR BANDUNG,2.1713,2.3601,1.951,2.0455,2.1241,2.1319749999999997,6.293623188405797,34500,22.862903225806452,231.32,86.83161290322582,13.8,0.08042,1
2024-01-01,2024,1,SUMUR BANDUNG,6.5274,2.1713,2.3601,1.951,1.7308,3.25245,18.919999999999998,34500,22.437419354838713,598.42,89.78064516129032,18.25,0.089417,1
2024-02-01,2024,2,SUMUR BANDUNG,7.1534,6.5274,2.1713,2.3601,2.1241,4.55305,20.73449275362319,34500,22.73793103448276,474.35,89.5803448275862,20.0,0.097991,1
2024-03-01,2024,3,SUMUR BANDUNG,9.3709,7.1534,6.5274,2.1713,2.0455,6.305750000000001,27.16202898550725,34500,22.405483870967743,391.27,90.65516129032258,26.2,0.128368,1
2024-04-01,2024,4,SUMUR BANDUNG,8.584,9.3709,7.1534,6.5274,1.951,7.908925000000001,24.88115942028985,34500,23.169,323.82,90.12033333333333,24.0,0.117589,0
2024-05-01,2024,5,SUMUR BANDUNG,8.584,8.584,9.3709,7.1534,2.3601,8.423075,24.88115942028985,34500,22.799354838709675,122.81,88.94935483870967,24.0,0.117589,0
2024-06-01,2024,6,SUMUR BANDUNG,5.9373,8.584,8.584,9.3709,2.1713,8.11905,17.209565217391305,34500,22.169666666666668,235.73000000000002,89.03999999999999,16.6,0.081333,0
2024-07-01,2024,7,SUMUR BANDUNG,5.0073,5.9373,8.584,8.584,6.5274,7.02815,14.51391304347826,34500,21.01290322580645,291.43,89.00387096774193,14.0,0.068594,0
2024-08-01,2024,8,SUMUR BANDUNG,4.0238,5.0073,5.9373,8.584,7.1534,5.8881,11.6631884057971,34500,21.080645161290324,79.38,86.01806451612903,11.25,0.05512,0
2024-09-01,2024,9,SUMUR BANDUNG,3.8628,4.0238,5.0073,5.9373,9.3709,4.7078,11.196521739130434,34500,21.895333333333333,329.11,85.34933333333333,10.8,0.052915,0
2024-10-01,2024,10,SUMUR BANDUNG,4.3814,3.8628,4.0238,5.0073,8.584,4.3188249999999995,12.699710144927536,34500,22.643225806451614,85.42999999999999,85.1325806451613,12.25,0.06002,1
2024-11-01,2024,11,SUMUR BANDUNG,4.2026,4.3814,3.8628,4.0238,8.584,4.11765,12.181449275362318,34500,22.590333333333334,530.84,88.96533333333333,11.75,0.05757,1
2024-12-01,2024,12,SUMUR BANDUNG,5.365,4.2026,4.3814,3.8628,5.9373,4.45295,15.55072463768116,34500,21.753870967741936,329.88,91.23483870967742,15.0,0.073493,1
2016-01-01,2016,1,UJUNGBERUNG,16.1211,,,,,16.1211,18.25719139297848,88300,22.434516129032257,396.61,88.54548387096774,25.6,0.124969,1
2016-02-01,2016,2,UJUNGBERUNG,21.5682,16.1211,,,,18.84465,24.42604756511891,88300,22.00206896551724,468.95,90.91551724137932,34.25,0.167196,1
2016-03-01,2016,3,UJUNGBERUNG,16.373,21.5682,16.1211,,,18.020766666666667,18.542468856172142,88300,22.740322580645163,477.1,90.77612903225807,26.0,0.126922,1
2016-04-01,2016,4,UJUNGBERUNG,14.7986,16.373,21.5682,16.1211,,17.215225,16.759456398641,88300,22.466,489.21,91.35133333333333,23.5,0.114718,0
2016-05-01,2016,5,UJUNGBERUNG,10.4535,14.7986,16.373,21.5682,,15.798325,11.838618346545866,88300,22.4,251.60999999999999,90.83612903225807,16.6,0.081035,0
2016-06-01,2016,6,UJUNGBERUNG,7.3993,10.4535,14.7986,16.373,,12.256100000000002,8.3797281993205,88300,21.715333333333334,176.73,88.34833333333333,11.75,0.057359,0
2016-07-01,2016,7,UJUNGBERUNG,6.927,7.3993,10.4535,14.7986,16.1211,9.8946,7.84484711211778,88300,21.557419354838707,300.44,89.96677419354839,11.0,0.053698,0
2016-08-01,2016,8,UJUNGBERUNG,7.0845,6.927,7.3993,10.4535,21.5682,7.966075,8.02321630804077,88300,21.18967741935484,190.43,88.61,11.25,0.054918,0
2016-09-01,2016,9,UJUNGBERUNG,7.0845,7.0845,6.927,7.3993,16.373,7.123825,8.02321630804077,88300,21.71033333333333,438.58,89.848,11.25,0.054918,0
2016-10-01,2016,10,UJUNGBERUNG,7.1789,7.0845,7.0845,6.927,14.7986,7.068725,8.130124575311438,88300,21.464193548387097,440.99,91.19935483870967,11.4,0.05565,1
2016-11-01,2016,11,UJUNGBERUNG,7.2419,7.1789,7.0845,7.0845,10.4535,7.147450000000001,8.201472253680635,88300,21.88,430.71999999999997,90.57866666666668,11.5,0.056139,1
2016-12-01,2016,12,UJUNGBERUNG,6.7696,7.2419,7.1789,7.0845,7.3993,7.068725,7.666591166477916,88300,21.13935483870968,188.26,90.15129032258065,10.75,0.052477,1
2017-01-01,2017,1,UJUNGBERUNG,3.9197,6.7696,7.2419,7.1789,6.927,6.277525,4.43907134767837,88300,21.030645161290323,295.58,90.34,11.6,0.122492,1
2017-02-01,2017,2,UJUNGBERUNG,3.2946,3.9197,6.7696,7.2419,7.0845,5.30645,3.7311438278595697,88300,21.141428571428573,478.78000000000003,91.32892857142858,9.75,0.102957,1
2017-03-01,2017,3,UJUNGBERUNG,3.1257,3.2946,3.9197,6.7696,7.0845,4.2774,3.539864099660249,88300,21.510967741935485,336.51,89.8583870967742,9.25,0.097677,1
2017-04-01,2017,4,UJUNGBERUNG,2.6357,3.1257,3.2946,3.9197,7.1789,3.243925,2.984937712344281,88300,21.872666666666664,371.34,90.94333333333334,7.8,0.082365,0
2017-05-01,2017,5,UJUNGBERUNG,2.3654,2.6357,3.1257,3.2946,7.2419,2.85535,2.6788221970554926,88300,21.852903225806454,209.88,90.35548387096775,7.0,0.073918,0
2017-06-01,2017,6,UJUNGBERUNG,1.8585,2.3654,2.6357,3.1257,6.7696,2.496325,2.1047565118912797,88300,21.282666666666668,155.11,90.05266666666667,5.5,0.058078,0
2017-07-01,2017,7,UJUNGBERUNG,1.9599,1.8585,2.3654,2.6357,3.9197,2.204875,2.2195922989807473,88300,20.681612903225805,89.05,89.09967741935485,5.8,0.061246,0
2017-08-01,2017,8,UJUNGBERUNG,2.1119,1.9599,1.8585,2.3654,3.2946,2.073925,2.391732729331823,88300,20.58225806451613,29.75,86.16129032258064,6.25,0.065998,0
2017-09-01,2017,9,UJUNGBERUNG,2.2809,2.1119,1.9599,1.8585,3.1257,2.0528,2.5831257078142698,88300,21.449666666666666,108.77000000000001,84.02466666666668,6.75,0.071278,0
2017-10-01,2017,10,UJUNGBERUNG,2.906,2.2809,2.1119,1.9599,2.6357,2.3146750000000003,3.291053227633069,88300,22.156451612903226,516.17,87.77129032258064,8.6,0.090813,1
2017-11-01,2017,11,UJUNGBERUNG,3.0412,2.906,2.2809,2.1119,2.3654,2.585,3.4441676104190257,88300,21.842666666666666,451.08,89.273,9.0,0.095037,1
2017-12-01,2017,12,UJUNGBERUNG,2.5005,3.0412,2.906,2.2809,1.8585,2.68215,2.8318233295583237,88300,21.30516129032258,259.67,89.88935483870968,7.4,0.078141,1
2018-01-01,2018,1,UJUNGBERUNG,6.4818,2.5005,3.0412,2.906,1.9599,3.732375,7.3406568516421284,88300,20.889032258064514,262.41,91.22258064516129,7.25,0.080022,1
2018-02-01,2018,2,UJUNGBERUNG,6.2583,6.4818,2.5005,3.0412,2.1119,4.57045,7.087542468856172,88300,21.117142857142856,517.61,91.1925,7.0,0.077263,1
2018-03-01,2018,3,UJUNGBERUNG,6.2583,6.2583,6.4818,2.5005,2.2809,5.374725,7.087542468856172,88300,21.65741935483871,387.92,89.85741935483871,7.0,0.077263,1
2018-04-01,2018,4,UJUNGBERUNG,6.2583,6.2583,6.2583,6.4818,2.906,6.3141750000000005,7.087542468856172,88300,21.947,262.95,89.76933333333334,7.0,0.077263,0
2018-05-01,2018,5,UJUNGBERUNG,6.0348,6.2583,6.2583,6.2583,3.0412,6.202425000000001,6.834428086070215,88300,21.772903225806452,120.22,88.87645161290322,6.75,0.074503,0
2018-06-01,2018,6,UJUNGBERUNG,4.9172,6.0348,6.2583,6.2583,2.5005,5.8671500000000005,5.568742921857305,88300,21.314333333333334,91.12,88.38766666666668,5.5,0.060706,0
2018-07-01,2018,7,UJUNGBERUNG,5.3642,4.9172,6.0348,6.2583,6.4818,5.643625,6.074971687429219,88300,19.885161290322582,5.63,85.66225806451614,6.0,0.066225,0
2018-08-01,2018,8,UJUNGBERUNG,5.8113,5.3642,4.9172,6.0348,6.2583,5.531875,6.581313703284258,88300,20.21161290322581,32.75,84.21451612903226,6.5,0.071744,0
2018-09-01,2018,9,UJUNGBERUNG,6.2583,5.8113,5.3642,4.9172,6.2583,5.58775,7.087542468856172,88300,21.037,96.61,83.175,7.0,0.077263,0
2018-10-01,2018,10,UJUNGBERUNG,7.3758,6.2583,5.8113,5.3642,6.2583,6.2024,8.353114382785957,88300,22.358709677419355,189.07,82.22838709677418,8.25,0.09106,1
2018-11-01,2018,11,UJUNGBERUNG,8.7169,7.3758,6.2583,5.8113,6.0348,7.040575,9.871913929784826,88300,22.28033333333333,425.59000000000003,87.10799999999999,9.75,0.107616,1
2018-12-01,2018,12,UJUNGBERUNG,11.2649,8.7169,7.3758,6.2583,4.9172,8.403974999999999,12.75753114382786,88300,21.870645161290323,411.58,90.10225806451614,12.6,0.139073,1
2019-01-01,2019,1,UJUNGBERUNG,38.6146,11.2649,8.7169,7.3758,5.3642,16.493050000000004,43.73114382785957,88300,21.614516129032257,413.94,90.2341935483871,28.5,0.17394,1
2019-02-01,2019,2,UJUNGBERUNG,46.744,38.6146,11.2649,8.7169,5.8113,26.335100000000004,52.93771234428086,88300,22.12642857142857,488.76,90.59357142857142,34.5,0.210558,1
2019-03-01,2019,3,UJUNGBERUNG,26.014,46.744,38.6146,11.2649,6.2583,30.659375,29.460928652321634,88300,21.675483870967742,289.9,89.77451612903226,19.2,0.11718,1
2019-04-01,2019,4,UJUNGBERUNG,18.6298,26.014,46.744,38.6146,7.3758,32.5006,21.098301245753113,88300,22.535333333333334,455.36,90.312,13.75,0.083918,0
2019-05-01,2019,5,UJUNGBERUNG,15.2426,18.6298,26.014,46.744,8.7169,26.657600000000002,17.26228765571914,88300,21.986451612903227,228.52,89.65741935483871,11.25,0.06866,0
2019-06-01,2019,6,UJUNGBERUNG,11.6521,15.2426,18.6298,26.014,11.2649,17.884625,13.1960362400906,88300,20.71066666666667,44.2,86.69033333333333,8.6,0.052487,0
2019-07-01,2019,7,UJUNGBERUNG,8.8068,11.6521,15.2426,18.6298,38.6146,13.582825000000003,9.973725934314837,88300,20.04064516129032,28.17,86.75548387096775,6.5,0.03967,0
2019-08-01,2019,8,UJUNGBERUNG,9.823,8.8068,11.6521,15.2426,46.744,11.381125000000003,11.12457531143828,88300,19.98225806451613,19.74,84.07290322580646,7.25,0.044248,0
2019-09-01,2019,9,UJUNGBERUNG,9.2133,9.823,8.8068,11.6521,26.014,9.873800000000003,10.434088335220837,88300,20.884333333333334,9.68,80.54033333333334,6.8,0.041501,0
2019-10-01,2019,10,UJUNGBERUNG,10.5005,9.2133,9.823,8.8068,18.6298,9.585900000000002,11.89184597961495,88300,22.31451612903226,80.15,78.2658064516129,7.75,0.047299,1
2019-11-01,2019,11,UJUNGBERUNG,11.8554,10.5005,9.2133,9.823,15.2426,10.34805,13.426274065685163,88300,22.717333333333332,209.04,81.00466666666667,8.75,0.053403,1
2019-12-01,2019,12,UJUNGBERUNG,14.9039,11.8554,10.5005,9.2133,11.6521,11.618275,16.878708946772367,88300,22.92322580645161,493.07,85.07225806451612,11.0,0.067135,1
2020-01-01,2020,1,UJUNGBERUNG,14.452,14.9039,11.8554,10.5005,8.8068,12.927950000000003,16.366930917327295,88300,22.35483870967742,401.12,89.05290322580645,27.0,0.105489,1
2020-02-01,2020,2,UJUNGBERUNG,14.3182,14.452,14.9039,11.8554,9.823,13.882375000000001,16.215402038505097,88300,21.99103448275862,629.82,91.53275862068965,26.75,0.104513,1
2020-03-01,2020,3,UJUNGBERUNG,19.6976,14.3182,14.452,14.9039,9.2133,15.842925000000003,22.307587768969423,88300,22.194193548387098,613.86,91.3616129032258,36.8,0.143778,1
2020-04-01,2020,4,UJUNGBERUNG,14.5859,19.6976,14.3182,14.452,10.5005,15.763425000000003,16.518573046432618,88300,22.423,359.35,90.376,27.25,0.106466,0
2020-05-01,2020,5,UJUNGBERUNG,12.4181,14.5859,19.6976,14.3182,11.8554,15.254950000000001,14.063533408833525,88300,22.330322580645163,486.90999999999997,91.91612903225807,23.2,0.090643,0
2020-06-01,2020,6,UJUNGBERUNG,9.9023,12.4181,14.5859,19.6976,14.9039,14.150975000000003,11.214382785956964,88300,21.551,159.0,90.95,18.5,0.07228,0
2020-07-01,2020,7,UJUNGBERUNG,6.2893,9.9023,12.4181,14.5859,14.452,10.798900000000001,7.122650056625141,88300,20.79548387096774,102.75,89.11064516129032,11.75,0.045907,0
2020-08-01,2020,8,UJUNGBERUNG,8.6712,6.2893,9.9023,12.4181,14.3182,9.320225,9.820158550396377,88300,21.360967741935486,57.29,87.45516129032258,16.2,0.063294,0
2020-09-01,2020,9,UJUNGBERUNG,8.0289,8.6712,6.2893,9.9023,19.6976,8.222925000000002,9.092751981879955,88300,21.523333333333333,195.74,86.688,15.0,0.058605,0
2020-10-01,2020,10,UJUNGBERUNG,7.6275,8.0289,8.6712,6.2893,14.5859,7.654225000000002,8.638165345413364,88300,21.92290322580645,471.4,89.15064516129033,14.25,0.055675,1
2020-11-01,2020,11,UJUNGBERUNG,12.311,7.6275,8.0289,8.6712,12.4181,9.159650000000003,13.94224235560589,88300,21.974333333333334,334.45,90.29199999999999,23.0,0.089861,1
2020-12-01,2020,12,UJUNGBERUNG,8.698,12.311,7.6275,8.0289,9.9023,9.166350000000001,9.850509626274066,88300,21.280645161290323,315.84000000000003,91.29451612903226,16.25,0.063489,1
2021-01-01,2021,1,UJUNGBERUNG,11.518,8.698,12.311,7.6275,6.2893,10.038625000000003,13.044167610419025,88300,21.016129032258064,342.89,91.80645161290323,14.6,0.069806,1
2021-02-01,2021,2,UJUNGBERUNG,12.4253,11.518,8.698,12.311,8.6712,11.238075000000002,14.071687429218573,88300,21.04357142857143,454.85,92.93928571428572,15.75,0.075305,1
2021-03-01,2021,3,UJUNGBERUNG,15.7781,12.4253,11.518,8.698,8.0289,12.10485,17.868742921857304,88300,21.4741935483871,611.72,89.84774193548388,20.0,0.095625,1
2021-04-01,2021,4,UJUNGBERUNG,14.9892,15.7781,12.4253,11.518,7.6275,13.677650000000002,16.975311438278595,88300,21.441333333333333,210.6,90.00566666666667,19.0,0.090844,0
2021-05-01,2021,5,UJUNGBERUNG,14.8315,14.9892,15.7781,12.4253,12.311,14.506025000000003,16.796715741789352,88300,22.094838709677422,206.06,90.47516129032257,18.8,0.089888,0
2021-06-01,2021,6,UJUNGBERUNG,16.9615,14.8315,14.9892,15.7781,8.698,15.640075000000003,19.208946772366932,88300,21.572,260.94,89.66933333333333,21.5,0.102797,0
2021-07-01,2021,7,UJUNGBERUNG,11.4392,16.9615,14.8315,14.9892,11.518,14.555350000000002,12.954926387315966,88300,20.67064516129032,72.52,88.60129032258064,14.5,0.069328,0
2021-08-01,2021,8,UJUNGBERUNG,11.3603,11.4392,16.9615,14.8315,12.4253,13.648125000000002,12.865571913929784,88300,21.206129032258065,111.66,88.73290322580644,14.4,0.06885,0
2021-09-01,2021,9,UJUNGBERUNG,10.6503,11.3603,11.4392,16.9615,15.7781,12.602825000000003,12.061494903737259,88300,21.584666666666667,178.93,87.54133333333333,13.5,0.064547,0
2021-10-01,2021,10,UJUNGBERUNG,10.7291,10.6503,11.3603,11.4392,14.9892,11.044725000000001,12.150736126840318,88300,22.29774193548387,291.15,86.82225806451612,13.6,0.065025,1
2021-11-01,2021,11,UJUNGBERUNG,17.1587,10.7291,10.6503,11.3603,14.8315,12.474600000000002,19.432276330690826,88300,21.753666666666668,452.44,90.89566666666666,21.75,0.103992,1
2021-12-01,2021,12,UJUNGBERUNG,17.1587,17.1587,10.7291,10.6503,16.9615,13.924200000000003,19.432276330690826,88300,21.716129032258067,366.65000000000003,90.05903225806452,21.75,0.103992,1
2022-01-01,2022,1,UJUNGBERUNG,24.3984,17.1587,17.1587,10.7291,11.4392,17.361225,27.631257078142692,88300,21.427419354838708,218.29,90.04,29.0,0.113481,1
2022-02-01,2022,2,UJUNGBERUNG,22.7157,24.3984,17.1587,17.1587,11.3603,20.357875,25.725594563986405,88300,21.202499999999997,251.17000000000002,90.17285714285715,27.0,0.105654,1
2022-03-01,2022,3,UJUNGBERUNG,18.0884,22.7157,24.3984,17.1587,10.6503,20.5903,20.485164212910533,88300,21.671290322580646,303.35,89.7316129032258,21.5,0.084132,1
2022-04-01,2022,4,UJUNGBERUNG,15.1438,18.0884,22.7157,24.3984,10.7291,20.086575,17.15039637599094,88300,22.020333333333333,361.55,89.954,18.0,0.070436,0
2022-05-01,2022,5,UJUNGBERUNG,15.4803,15.1438,18.0884,22.7157,17.1587,17.85705,17.531483578708947,88300,22.018064516129034,249.94,90.39709677419354,18.4,0.072002,0
2022-06-01,2022,6,UJUNGBERUNG,15.5645,15.4803,15.1438,18.0884,17.1587,16.069250000000004,17.626840317100793,88300,21.217,211.8,90.89233333333333,18.5,0.072393,0
2022-07-01,2022,7,UJUNGBERUNG,15.1438,15.5645,15.4803,15.1438,24.3984,15.333100000000002,17.15039637599094,88300,21.188064516129035,200.27,89.83903225806452,18.0,0.070436,0
2022-08-01,2022,8,UJUNGBERUNG,18.9298,15.1438,15.5645,15.4803,22.7157,16.279600000000002,21.43805209513024,88300,21.362903225806452,138.33,88.19354838709677,22.5,0.088045,0
2022-09-01,2022,9,UJUNGBERUNG,18.7194,18.9298,15.1438,15.5645,18.0884,17.089375000000004,21.19977349943375,88300,21.667333333333332,301.34999999999997,89.089,22.25,0.087067,0
2022-10-01,2022,10,UJUNGBERUNG,18.8456,18.7194,18.9298,15.1438,15.1438,17.909650000000003,21.342695356738393,88300,21.640967741935484,426.72,90.4658064516129,22.4,0.087654,1
2022-11-01,2022,11,UJUNGBERUNG,18.5091,18.8456,18.7194,18.9298,15.4803,18.750975000000004,20.961608154020386,88300,21.424,413.78,91.02466666666668,22.0,0.086089,1
2022-12-01,2022,12,UJUNGBERUNG,13.4612,18.5091,18.8456,18.7194,15.5645,17.383825,15.244847112117782,88300,21.384516129032257,353.8,90.81741935483872,16.0,0.06261,1
2023-01-01,2023,1,UJUNGBERUNG,6.1422,13.4612,18.5091,18.8456,15.1438,14.239525000000002,6.956058890147226,88300,21.17322580645161,158.04,90.5667741935484,17.0,0.099068,1
2023-02-01,2023,2,UJUNGBERUNG,6.0519,6.1422,13.4612,18.5091,18.9298,11.041100000000002,6.853793884484711,88300,20.5825,359.16,91.09357142857142,16.75,0.097611,1
2023-03-01,2023,3,UJUNGBERUNG,5.6002,6.0519,6.1422,13.4612,18.7194,7.813875000000001,6.342242355605889,88300,21.701290322580647,334.8,90.1258064516129,15.5,0.090326,1
2023-04-01,2023,4,UJUNGBERUNG,5.2028,5.6002,6.0519,6.1422,18.8456,5.749275000000003,5.892185730464326,88300,22.06566666666667,272.96,89.87733333333334,14.4,0.083916,0
2023-05-01,2023,5,UJUNGBERUNG,5.6906,5.2028,5.6002,6.0519,18.5091,5.636375000000001,6.444620611551529,88300,22.14774193548387,215.54000000000002,89.70709677419354,15.75,0.091783,0
2023-06-01,2023,6,UJUNGBERUNG,4.8776,5.6906,5.2028,5.6002,13.4612,5.342800000000001,5.523895809739525,88300,21.829,148.52,89.866,13.5,0.078671,0
2023-07-01,2023,7,UJUNGBERUNG,3.9744,4.8776,5.6906,5.2028,6.1422,4.936350000000002,4.501019252548131,88300,20.978387096774195,76.8,88.14032258064516,11.0,0.064103,0
2023-08-01,2023,8,UJUNGBERUNG,4.8776,3.9744,4.8776,5.6906,6.0519,4.855050000000002,5.523895809739525,88300,20.746129032258064,18.96,84.63129032258065,13.5,0.078671,0
2023-09-01,2023,9,UJUNGBERUNG,4.697,4.8776,3.9744,4.8776,5.6002,4.606650000000002,5.319365798414497,88300,21.15533333333333,6.95,81.82133333333333,13.0,0.075758,0
2023-10-01,2023,10,UJUNGBERUNG,4.4802,4.697,4.8776,3.9744,5.2028,4.507300000000002,5.073839184597961,88300,22.83225806451613,56.58,79.87290322580645,12.4,0.072261,1
2023-11-01,2023,11,UJUNGBERUNG,5.4196,4.4802,4.697,4.8776,5.6906,4.868600000000002,6.13771234428086,88300,23.137999999999998,379.14,84.75633333333333,15.0,0.087413,1
2023-12-01,2023,12,UJUNGBERUNG,4.986,5.4196,4.4802,4.697,4.8776,4.8957000000000015,5.6466591166477915,88300,22.862903225806452,231.32,86.83161290322582,13.8,0.08042,1
2024-01-01,2024,1,UJUNGBERUNG,26.2886,4.986,5.4196,4.4802,3.9744,10.293600000000001,29.771913929784823,88300,22.437419354838713,598.42,89.78064516129032,18.25,0.089417,1
2024-02-01,2024,2,UJUNGBERUNG,28.8094,26.2886,4.986,5.4196,4.8776,16.3759,32.626727066817665,88300,22.73793103448276,474.35,89.5803448275862,20.0,0.097991,1
2024-03-01,2024,3,UJUNGBERUNG,37.7403,28.8094,26.2886,4.986,4.697,24.456075000000002,42.7409966024915,88300,22.405483870967743,391.27,90.65516129032258,26.2,0.128368,1
2024-04-01,2024,4,UJUNGBERUNG,34.5713,37.7403,28.8094,26.2886,4.4802,31.852400000000003,39.152095130237825,88300,23.169,323.82,90.12033333333333,24.0,0.117589,0
2024-05-01,2024,5,UJUNGBERUNG,34.5713,34.5713,37.7403,28.8094,5.4196,33.923075,39.152095130237825,88300,22.799354838709675,122.81,88.94935483870967,24.0,0.117589,0
2024-06-01,2024,6,UJUNGBERUNG,23.9118,34.5713,34.5713,37.7403,4.986,32.698675,27.080181200453,88300,22.169666666666668,235.73000000000002,89.03999999999999,16.6,0.081333,0
2024-07-01,2024,7,UJUNGBERUNG,20.1666,23.9118,34.5713,34.5713,26.2886,28.305250000000004,22.83873159682899,88300,21.01290322580645,291.43,89.00387096774193,14.0,0.068594,0
2024-08-01,2024,8,UJUNGBERUNG,16.2053,20.1666,23.9118,34.5713,28.8094,23.713750000000005,18.35254813137033,88300,21.080645161290324,79.38,86.01806451612903,11.25,0.05512,0
2024-09-01,2024,9,UJUNGBERUNG,15.5571,16.2053,20.1666,23.9118,37.7403,18.960200000000004,17.61845979614949,88300,21.895333333333333,329.11,85.34933333333333,10.8,0.052915,0
2024-10-01,2024,10,UJUNGBERUNG,17.6458,15.5571,16.2053,20.1666,34.5713,17.393700000000003,19.98391845979615,88300,22.643225806451614,85.42999999999999,85.1325806451613,12.25,0.06002,1
2024-11-01,2024,11,UJUNGBERUNG,16.9255,17.6458,15.5571,16.2053,34.5713,16.583425000000005,19.168176670441675,88300,22.590333333333334,530.84,88.96533333333333,11.75,0.05757,1
2024-12-01,2024,12,UJUNGBERUNG,21.6071,16.9255,17.6458,15.5571,23.9118,17.933875000000004,24.470101925254813,88300,21.753870967741936,329.88,91.23483870967742,15.0,0.073493,1
